COMUNIDAD AUTÓNOMA,PROVINCIA,MUNICIPIO,PARTIDO POLITICO MUNICIPAL,FECHA POSESIÓN,FECHA BAJA
Galicia,Lugo                                              ,ABADIN,PP,03/07/1999,
Galicia,Lugo                                              ,ABADÍN,PP,14/06/2003,
Galicia,"Coruña, A                                         ",ABEGONDO,PP,03/07/1999,14/06/2003
Galicia,"Coruña, A                                         ",ABEGONDO,PP,14/06/2003,27/09/2004
Galicia,"Coruña, A                                         ",ABEGONDO,PP,14/06/2003,27/09/2004
Galicia,"Coruña, A                                         ",ABEGONDO,PP,27/09/2004,
Galicia,Pontevedra                                        ,AGOLADA,PP,03/07/1999,14/06/2003
Galicia,Pontevedra                                        ,AGOLADA,PP,14/06/2003,01/12/2005
Galicia,Pontevedra                                        ,AGOLADA,PP,01/12/2005,
Galicia,Lugo                                              ,ALFOZ,PP,03/07/1999,14/06/2003
Galicia,Lugo                                              ,ALFOZ,PP,14/06/2003,
Galicia,Ourense                                           ,ALLARIZ,BNG,03/07/1999,01/09/2000
Galicia,Ourense                                           ,ALLARIZ,BNG,01/09/2000,14/06/2003
Galicia,Ourense                                           ,ALLARIZ,BNG,14/06/2003,
Galicia,"Coruña, A                                         ",AMES,PP,03/07/1999,14/06/2003
Galicia,"Coruña, A                                         ",AMES,PSOE,14/06/2003,
Galicia,Ourense                                           ,AMOEIRO,PP,03/07/1999,14/06/2003
Galicia,Ourense                                           ,AMOEIRO,PP,14/06/2003,
Galicia,Lugo                                              ,ANTAS DE ULLA,PP,03/07/1999,14/06/2003
Galicia,Lugo                                              ,ANTAS DE ULLA,PP,14/06/2003,
Galicia,"Coruña, A                                         ",ARANGA,PP,03/07/1999,25/05/2002
Galicia,"Coruña, A                                         ",ARANGA,PP,07/06/2002,14/06/2003
Galicia,"Coruña, A                                         ",ARANGA,PP,14/06/2003,
Galicia,Pontevedra                                        ,ARBO,PP,03/07/1999,14/06/2003
Galicia,Pontevedra                                        ,ARBO,PP,14/06/2003,
Galicia,"Coruña, A                                         ",ARES,PP,03/07/1999,14/06/2003
Galicia,"Coruña, A                                         ",ARES,PP,14/06/2003,14/06/2003
Galicia,"Coruña, A                                         ",ARES,PP,14/06/2003,
Galicia,Ourense                                           ,ARNOIA (A),PP,03/07/1999,14/06/2003
Galicia,Ourense                                           ,ARNOIA (A),PP,14/06/2003,
Galicia,"Coruña, A                                         ",ARTEIXO,PP,03/07/1999,14/06/2003
Galicia,"Coruña, A                                         ",ARTEIXO,PP,14/06/2003,
Galicia,"Coruña, A                                         ",ARZUA,PP,03/07/1999,
Galicia,"Coruña, A                                         ",ARZÚA,BNG,14/06/2003,
Galicia,Ourense                                           ,AVION,PP,03/07/1999,
Galicia,Ourense                                           ,AVIÓN,PP,14/06/2003,30/06/2005
Galicia,Ourense                                           ,AVIÓN,PP,30/06/2005,
Galicia,Lugo,Abadín,PP,16/06/2007,11/06/2011
Galicia,Lugo,Abadín,PP,11/06/2011,13/06/2015
Galicia,Lugo,Abadín,PP,13/06/2015,15/06/2019
Galicia,Lugo,Abadín,PP,15/06/2019,
Galicia,"Coruña, A",Abegondo,OTROS,16/06/2007,20/04/2009
Galicia,"Coruña, A",Abegondo,PP,20/04/2009,11/06/2011
Galicia,"Coruña, A",Abegondo,PP,11/06/2011,13/06/2015
Galicia,"Coruña, A",Abegondo,PP,13/06/2015,15/06/2019
Galicia,"Coruña, A",Abegondo,PP,15/06/2019,
Galicia,Pontevedra,Agolada,PP,16/06/2007,11/06/2011
Galicia,Pontevedra,Agolada,PP,11/06/2011,13/06/2015
Galicia,Pontevedra,Agolada,PP,13/06/2015,15/06/2019
Galicia,Pontevedra,Agolada,OTROS,15/06/2019,
Galicia,Lugo,Alfoz,PP,16/06/2007,11/06/2011
Galicia,Lugo,Alfoz,PP,11/06/2011,13/06/2015
Galicia,Lugo,Alfoz,PSOE,13/06/2015,15/06/2019
Galicia,Lugo,Alfoz,PSOE,15/06/2019,
Galicia,Ourense,Allariz,BNG,16/06/2007,11/06/2011
Galicia,Ourense,Allariz,BNG,11/06/2011,13/06/2015
Galicia,Ourense,Allariz,BNG,13/06/2015,15/06/2018
Galicia,Ourense,Allariz,BNG,21/06/2018,15/06/2019
Galicia,Ourense,Allariz,BNG,15/06/2019,
Galicia,"Coruña, A",Ames,PSOE,16/06/2007,11/06/2011
Galicia,"Coruña, A",Ames,PP,11/06/2011,13/06/2015
Galicia,"Coruña, A",Ames,PSOE,13/06/2015,15/06/2019
Galicia,"Coruña, A",Ames,PSOE,15/06/2019,29/03/2021
Galicia,"Coruña, A",Ames,PSOE,08/04/2021,
Galicia,Ourense,Amoeiro,PSOE,16/06/2007,11/06/2011
Galicia,Ourense,Amoeiro,PSOE,11/06/2011,13/06/2015
Galicia,Ourense,Amoeiro,PSOE,13/06/2015,29/04/2019
Galicia,Ourense,Amoeiro,PSOE,03/05/2019,15/06/2019
Galicia,Ourense,Amoeiro,PSOE,15/06/2019,
Galicia,Lugo,Antas de Ulla,PP,16/06/2007,11/06/2011
Galicia,Lugo,Antas de Ulla,PP,11/06/2011,13/06/2015
Galicia,Lugo,Antas de Ulla,PP,13/06/2015,15/06/2019
Galicia,Lugo,Antas de Ulla,PP,15/06/2019,
Galicia,"Coruña, A",Aranga,PP,16/06/2007,11/06/2011
Galicia,"Coruña, A",Aranga,PP,11/06/2011,13/06/2015
Galicia,"Coruña, A",Aranga,PP,13/06/2015,15/06/2019
Galicia,"Coruña, A",Aranga,PP,15/06/2019,
Galicia,Pontevedra,Arbo,PP,16/06/2007,11/06/2011
Galicia,Pontevedra,Arbo,BNG,11/06/2011,09/02/2012
Galicia,Pontevedra,Arbo,N.ADS.,09/02/2012,27/06/2014
Galicia,Pontevedra,Arbo,PP,27/06/2014,13/06/2015
Galicia,Pontevedra,Arbo,PP,13/06/2015,15/06/2019
Galicia,Pontevedra,Arbo,PP,15/06/2019,
Galicia,"Coruña, A",Ares,PSOE,16/06/2007,11/06/2011
Galicia,"Coruña, A",Ares,PSOE,11/06/2011,13/06/2015
Galicia,"Coruña, A",Ares,PSOE,13/06/2015,15/06/2019
Galicia,"Coruña, A",Ares,PSOE,15/06/2019,
Galicia,Ourense,"Arnoia, A",PP,17/11/2007,02/06/2009
Galicia,Ourense,"Arnoia, A",PP,02/06/2009,11/06/2011
Galicia,Ourense,"Arnoia, A",PP,11/06/2011,13/06/2015
Galicia,Ourense,"Arnoia, A",PP,13/06/2015,15/06/2019
Galicia,Ourense,"Arnoia, A",PP,15/06/2019,
Galicia,"Coruña, A",Arteixo,PSOE,16/06/2007,11/06/2011
Galicia,"Coruña, A",Arteixo,PP,11/06/2011,13/06/2015
Galicia,"Coruña, A",Arteixo,PP,13/06/2015,15/06/2019
Galicia,"Coruña, A",Arteixo,PP,15/06/2019,
Galicia,"Coruña, A",Arzúa,BNG,16/06/2007,11/06/2011
Galicia,"Coruña, A",Arzúa,BNG,11/06/2011,13/06/2015
Galicia,"Coruña, A",Arzúa,OTROS,13/06/2015,15/06/2019
Galicia,"Coruña, A",Arzúa,OTROS,15/06/2019,
Galicia,Ourense,Avión,PP,16/06/2007,11/06/2011
Galicia,Ourense,Avión,PP,11/06/2011,13/06/2015
Galicia,Ourense,Avión,PP,13/06/2015,15/06/2019
Galicia,Ourense,Avión,PP,15/06/2019,
Galicia,Pontevedra                                        ,BAIONA,PSOE,03/07/1999,12/11/1999
Galicia,Pontevedra                                        ,BAIONA,IND,12/11/1999,14/06/2003
Galicia,Pontevedra                                        ,BAIONA,PSOE,14/06/2003,23/11/2004
Galicia,Pontevedra                                        ,BAIONA,PP,23/11/2004,
Galicia,Lugo                                              ,BALEIRA,PP,03/07/1999,14/06/2003
Galicia,Lugo                                              ,BALEIRA,PP,14/06/2003,
Galicia,Ourense                                           ,BALTAR,PP,03/07/1999,14/07/2003
Galicia,Ourense                                           ,BALTAR,PSOE,14/07/2003,
Galicia,Ourense                                           ,BANDE,PP,03/07/1999,14/07/2003
Galicia,Ourense                                           ,BANDE,PP,14/07/2003,
Galicia,Lugo                                              ,BARALLA,PP,03/07/1999,14/06/2003
Galicia,Lugo                                              ,BARALLA,PP,14/06/2003,
Galicia,Ourense                                           ,BARBADAS,PP,03/07/1999,
Galicia,Ourense                                           ,BARBADÁS,PP,14/06/2003,
Galicia,Ourense                                           ,BARCO DE VALDEORRAS (O),PSOE,03/07/1999,14/06/2003
Galicia,Ourense                                           ,BARCO DE VALDEORRAS (O),PSOE,14/06/2003,
Galicia,Lugo                                              ,BARREIROS,PP,03/07/1999,22/09/2002
Galicia,Lugo                                              ,BARREIROS,PP,04/10/2002,14/06/2003
Galicia,Lugo                                              ,BARREIROS,PP,14/06/2003,23/05/2005
Galicia,Lugo                                              ,BARREIROS,PP,17/06/2005,
Galicia,Pontevedra                                        ,BARRO,PP,03/07/1999,14/06/2003
Galicia,Pontevedra                                        ,BARRO,PP,14/06/2003,
Galicia,"Coruña, A                                         ",BAÑA (A),PP,03/07/1999,14/06/2003
Galicia,"Coruña, A                                         ",BAÑA (A),PP,14/06/2003,
Galicia,Ourense                                           ,BAÑOS DE MOLGAS,PP,03/07/1999,14/06/2003
Galicia,Ourense                                           ,BAÑOS DE MOLGAS,PP,14/06/2003,
Galicia,Ourense                                           ,BEADE,PP,03/07/1999,14/06/2003
Galicia,Ourense                                           ,BEADE,PP,14/06/2003,
Galicia,Ourense                                           ,BEARIZ,PP,03/07/1999,14/06/2003
Galicia,Ourense                                           ,BEARIZ,PP,14/06/2003,
Galicia,Lugo                                              ,BECERREA,PP,03/07/1999,
Galicia,Lugo                                              ,BECERREÁ,PP,14/06/2003,
Galicia,Lugo                                              ,BEGONTE,PP,03/07/1999,14/06/2003
Galicia,Lugo                                              ,BEGONTE,PP,14/06/2003,
Galicia,"Coruña, A                                         ",BERGONDO,PSOE,03/07/1999,14/06/2003
Galicia,"Coruña, A                                         ",BERGONDO,PSOE,14/06/2003,
Galicia,"Coruña, A                                         ",BETANZOS,PSOE,03/07/1999,14/06/2003
Galicia,"Coruña, A                                         ",BETANZOS,PSOE,14/06/2003,
Galicia,Ourense                                           ,BLANCOS (OS),PP,03/07/1999,14/06/2003
Galicia,Ourense                                           ,BLANCOS (OS),PP,14/06/2003,
Galicia,Ourense                                           ,BOBORAS,PP,03/07/1999,
Galicia,Ourense                                           ,BOBORÁS,PP,14/06/2003,
Galicia,"Coruña, A                                         ",BOIMORTO,PP,03/07/1999,14/06/2003
Galicia,"Coruña, A                                         ",BOIMORTO,IND,14/06/2003,
Galicia,"Coruña, A                                         ",BOIRO,PP,03/07/1999,14/06/2003
Galicia,"Coruña, A                                         ",BOIRO,BNG,14/06/2003,
Galicia,Ourense                                           ,BOLA (A),PP,03/07/1999,07/12/2001
Galicia,Ourense                                           ,BOLA (A),PP,07/12/2001,14/06/2003
Galicia,Ourense                                           ,BOLA (A),IND,14/06/2003,
Galicia,Ourense                                           ,BOLO (O),PP,03/07/1999,14/06/2003
Galicia,Ourense                                           ,BOLO (O),PP,14/06/2003,
Galicia,"Coruña, A                                         ",BOQUEIXON,PP,03/07/1999,
Galicia,"Coruña, A                                         ",BOQUEIXÓN,PP,14/06/2003,
Galicia,Lugo                                              ,BOVEDA,PP,03/07/1999,
Galicia,"Coruña, A                                         ",BRION,IND,03/07/1999,
Galicia,"Coruña, A                                         ",BRIÓN,IND,14/06/2003,
Galicia,Pontevedra                                        ,BUEU,PP,03/07/1999,14/06/2003
Galicia,Pontevedra                                        ,BUEU,BNG,14/06/2003,19/07/2004
Galicia,Pontevedra                                        ,BUEU,PP,19/07/2004,
Galicia,Lugo                                              ,BURELA,PP,03/07/1999,14/06/2003
Galicia,Lugo                                              ,BURELA,PP,14/06/2003,17/03/2005
Galicia,Lugo                                              ,BURELA,PP,22/03/2005,
Galicia,Pontevedra,Baiona,PP,16/06/2007,11/06/2011
Galicia,Pontevedra,Baiona,PP,11/06/2011,13/06/2015
Galicia,Pontevedra,Baiona,PP,13/06/2015,07/10/2015
Galicia,Pontevedra,Baiona,PP,26/10/2015,15/06/2019
Galicia,Pontevedra,Baiona,PSOE,15/06/2019,
Galicia,Lugo,Baleira,PP,16/06/2007,11/06/2011
Galicia,Lugo,Baleira,PP,11/06/2011,26/05/2013
Galicia,Lugo,Baleira,PP,06/06/2013,13/06/2015
Galicia,Lugo,Baleira,PP,13/06/2015,15/06/2019
Galicia,Lugo,Baleira,PP,15/06/2019,
Galicia,Ourense,Baltar,PP,16/06/2007,11/06/2011
Galicia,Ourense,Baltar,PP,11/06/2011,13/06/2015
Galicia,Ourense,Baltar,PP,13/06/2015,15/06/2019
Galicia,Ourense,Baltar,PP,15/06/2019,
Galicia,Ourense,Bande,PP,16/06/2007,11/06/2011
Galicia,Ourense,Bande,PP,11/06/2011,13/06/2015
Galicia,Ourense,Bande,PP,13/06/2015,15/06/2019
Galicia,Ourense,Bande,PP,15/06/2019,02/03/2020
Galicia,Ourense,Bande,PP,30/05/2020,
Galicia,Lugo,Baralla,PP,16/06/2007,11/06/2011
Galicia,Lugo,Baralla,PP,11/06/2011,13/06/2015
Galicia,Lugo,Baralla,PP,13/06/2015,15/06/2019
Galicia,Lugo,Baralla,PP,15/06/2019,28/06/2019
Galicia,Lugo,Baralla,PP,07/10/2019,
Galicia,Ourense,Barbadás,PP,16/06/2007,11/06/2011
Galicia,Ourense,Barbadás,PP,11/06/2011,13/06/2015
Galicia,Ourense,Barbadás,PSOE,13/06/2015,15/06/2019
Galicia,Ourense,Barbadás,PSOE,15/06/2019,
Galicia,Ourense,"Barco de Valdeorras, O",PSOE,16/06/2007,11/06/2011
Galicia,Ourense,"Barco de Valdeorras, O",PSOE,11/06/2011,13/06/2015
Galicia,Ourense,"Barco de Valdeorras, O",PSOE,13/06/2015,15/06/2019
Galicia,Ourense,"Barco de Valdeorras, O",PSOE,15/06/2019,
Galicia,Lugo,Barreiros,PP,16/06/2007,11/06/2011
Galicia,Lugo,Barreiros,PP,11/06/2011,13/06/2015
Galicia,Lugo,Barreiros,PP,13/06/2015,15/06/2019
Galicia,Lugo,Barreiros,BNG,15/06/2019,
Galicia,Pontevedra,Barro,PP,16/06/2007,11/06/2011
Galicia,Pontevedra,Barro,PP,11/06/2011,13/06/2015
Galicia,Pontevedra,Barro,BNG,13/06/2015,15/06/2019
Galicia,Pontevedra,Barro,BNG,15/06/2019,
Galicia,"Coruña, A","Baña, A",PP,16/06/2007,11/06/2011
Galicia,"Coruña, A","Baña, A",PP,11/06/2011,13/06/2015
Galicia,"Coruña, A","Baña, A",PP,13/06/2015,15/06/2019
Galicia,"Coruña, A","Baña, A",PSOE,15/06/2019,12/12/2021
Galicia,"Coruña, A","Baña, A",PP,14/12/2021,
Galicia,Ourense,Baños de Molgas,PP,16/06/2007,11/06/2011
Galicia,Ourense,Baños de Molgas,PP,11/06/2011,13/06/2015
Galicia,Ourense,Baños de Molgas,BNG,13/06/2015,15/06/2019
Galicia,Ourense,Baños de Molgas,BNG,15/06/2019,
Galicia,Ourense,Beade,PP,16/06/2007,11/06/2011
Galicia,Ourense,Beade,PP,11/06/2011,13/06/2015
Galicia,Ourense,Beade,PP,13/06/2015,15/06/2019
Galicia,Ourense,Beade,PP,15/06/2019,
Galicia,Ourense,Beariz,PP,16/06/2007,11/06/2011
Galicia,Ourense,Beariz,PP,11/06/2011,13/06/2015
Galicia,Ourense,Beariz,PP,13/06/2015,15/06/2019
Galicia,Ourense,Beariz,PP,15/06/2019,
Galicia,Lugo,Becerreá,PSOE,16/06/2007,11/06/2011
Galicia,Lugo,Becerreá,PSOE,11/06/2011,13/06/2015
Galicia,Lugo,Becerreá,PSOE,13/06/2015,15/06/2019
Galicia,Lugo,Becerreá,OTROS,15/06/2019,
Galicia,Lugo,Begonte,OTROS,16/06/2007,11/06/2011
Galicia,Lugo,Begonte,PP,11/06/2011,13/06/2015
Galicia,Lugo,Begonte,PP,13/06/2015,15/06/2019
Galicia,Lugo,Begonte,PP,15/06/2019,
Galicia,"Coruña, A",Bergondo,PSOE,16/06/2007,18/05/2008
Galicia,"Coruña, A",Bergondo,PSOE,29/05/2008,11/06/2011
Galicia,"Coruña, A",Bergondo,PSOE,11/06/2011,13/06/2015
Galicia,"Coruña, A",Bergondo,PSOE,13/06/2015,15/06/2019
Galicia,"Coruña, A",Bergondo,PSOE,15/06/2019,
Galicia,"Coruña, A",Betanzos,PP,16/06/2007,11/06/2011
Galicia,"Coruña, A",Betanzos,PSOE,11/06/2011,13/06/2015
Galicia,"Coruña, A",Betanzos,PSOE,13/06/2015,24/07/2018
Galicia,"Coruña, A",Betanzos,PSOE,06/08/2018,15/06/2019
Galicia,"Coruña, A",Betanzos,PSOE,15/06/2019,
Galicia,Ourense,"Blancos, Os",OTROS,16/06/2007,10/12/2011
Galicia,Ourense,"Blancos, Os",OTROS,10/12/2011,13/06/2015
Galicia,Ourense,"Blancos, Os",PP,13/06/2015,15/06/2019
Galicia,Ourense,"Blancos, Os",PP,15/06/2019,
Galicia,Ourense,Boborás,PP,16/06/2007,11/06/2011
Galicia,Ourense,Boborás,PP,11/06/2011,13/06/2015
Galicia,Ourense,Boborás,PP,13/06/2015,15/06/2019
Galicia,Ourense,Boborás,PP,15/06/2019,
Galicia,"Coruña, A",Boimorto,PSOE,16/06/2007,11/06/2011
Galicia,"Coruña, A",Boimorto,PSOE,11/06/2011,22/05/2014
Galicia,"Coruña, A",Boimorto,PSOE,26/05/2014,13/06/2015
Galicia,"Coruña, A",Boimorto,BNG,13/06/2015,14/08/2015
Galicia,"Coruña, A",Boimorto,PP,14/08/2015,12/05/2016
Galicia,"Coruña, A",Boimorto,PP,20/05/2016,15/06/2019
Galicia,"Coruña, A",Boimorto,PP,15/06/2019,
Galicia,"Coruña, A",Boiro,BNG,16/06/2007,11/06/2011
Galicia,"Coruña, A",Boiro,PP,11/06/2011,13/06/2015
Galicia,"Coruña, A",Boiro,PP,13/06/2015,15/06/2019
Galicia,"Coruña, A",Boiro,PSOE,15/06/2019,
Galicia,Ourense,"Bola, A",BNG,16/06/2007,11/06/2011
Galicia,Ourense,"Bola, A",BNG,11/06/2011,13/06/2015
Galicia,Ourense,"Bola, A",PP,13/06/2015,15/06/2019
Galicia,Ourense,"Bola, A",PP,15/06/2019,
Galicia,Ourense,"Bolo, O",PP,16/06/2007,11/06/2011
Galicia,Ourense,"Bolo, O",PP,11/06/2011,13/06/2015
Galicia,Ourense,"Bolo, O",PP,13/06/2015,15/06/2019
Galicia,Ourense,"Bolo, O",PP,15/06/2019,
Galicia,"Coruña, A",Boqueixón,PP,16/06/2007,11/06/2011
Galicia,"Coruña, A",Boqueixón,PP,11/06/2011,25/09/2012
Galicia,"Coruña, A",Boqueixón,PP,08/10/2012,13/06/2015
Galicia,"Coruña, A",Boqueixón,PP,13/06/2015,18/11/2016
Galicia,"Coruña, A",Boqueixón,PP,08/12/2016,15/06/2019
Galicia,"Coruña, A",Boqueixón,PP,15/06/2019,
Galicia,"Coruña, A",Brión,PSOE,16/06/2007,11/06/2011
Galicia,"Coruña, A",Brión,PSOE,11/06/2011,13/06/2015
Galicia,"Coruña, A",Brión,PSOE,13/06/2015,15/06/2019
Galicia,"Coruña, A",Brión,PSOE,15/06/2019,09/09/2020
Galicia,"Coruña, A",Brión,PSOE,17/09/2020,
Galicia,Pontevedra,Bueu,BNG,16/06/2007,11/06/2011
Galicia,Pontevedra,Bueu,BNG,11/06/2011,13/06/2015
Galicia,Pontevedra,Bueu,BNG,13/06/2015,15/06/2019
Galicia,Pontevedra,Bueu,BNG,15/06/2019,
Galicia,Lugo,Burela,PSOE,16/06/2007,13/06/2011
Galicia,Lugo,Burela,PP,13/06/2011,13/06/2015
Galicia,Lugo,Burela,PSOE,13/06/2015,07/12/2019
Galicia,Lugo,Burela,PSOE,07/12/2019,
Galicia,Lugo                                              ,BÓVEDA,PP,14/06/2003,
Galicia,Lugo,Bóveda,PP,16/06/2007,11/06/2011
Galicia,Lugo,Bóveda,PP,11/06/2011,13/06/2015
Galicia,Lugo,Bóveda,PP,13/06/2015,15/06/2019
Galicia,Lugo,Bóveda,PP,15/06/2019,
Galicia,"Coruña, A                                         ",CABANA DE BERGANTIÑOS,PSOE,03/07/1999,20/06/2000
Galicia,"Coruña, A                                         ",CABANA DE BERGANTIÑOS,PSOE,20/06/2000,14/06/2003
Galicia,"Coruña, A                                         ",CABANA DE BERGANTIÑOS,PP,14/06/2003,
Galicia,"Coruña, A                                         ",CABANAS,PSOE,03/07/1999,14/06/2003
Galicia,"Coruña, A                                         ",CABANAS,PSOE,14/06/2003,
Galicia,Pontevedra                                        ,CALDAS DE REIS,PSOE,03/07/1999,14/06/2003
Galicia,Pontevedra                                        ,CALDAS DE REIS,PSOE,14/06/2003,
Galicia,Ourense                                           ,CALVOS DE RANDIN,PP,03/07/1999,04/02/2000
Galicia,Ourense                                           ,CALVOS DE RANDIN,PP,05/02/2000,
Galicia,Ourense                                           ,CALVOS DE RANDÍN,PP,14/06/2003,
Galicia,"Coruña, A                                         ",CAMARIÑAS,PSOE,03/07/1999,14/06/2003
Galicia,"Coruña, A                                         ",CAMARIÑAS,PSOE,14/06/2003,
Galicia,Pontevedra                                        ,CAMBADOS,PP,03/07/1999,14/06/2003
Galicia,Pontevedra                                        ,CAMBADOS,PP,14/06/2003,
Galicia,"Coruña, A                                         ",CAMBRE,PSOE,03/07/1999,14/06/2003
Galicia,"Coruña, A                                         ",CAMBRE,PSOE,14/06/2003,
Galicia,Pontevedra                                        ,CAMPO LAMEIRO,PP,13/07/1999,14/06/2003
Galicia,Pontevedra                                        ,CAMPO LAMEIRO,PP,14/06/2003,
Galicia,Pontevedra                                        ,CANGAS,PP,03/07/1999,14/06/2003
Galicia,Pontevedra                                        ,CANGAS,PP,14/06/2003,
Galicia,"Coruña, A                                         ",CAPELA (A),PSOE,03/07/1999,14/06/2003
Galicia,"Coruña, A                                         ",CAPELA (A),PSOE,14/06/2003,
Galicia,Ourense                                           ,CARBALLEDA DE AVIA,PP,03/07/1999,03/03/2001
Galicia,Ourense                                           ,CARBALLEDA DE AVIA,PSOE,03/03/2001,14/06/2003
Galicia,Ourense                                           ,CARBALLEDA DE AVIA,IND,14/06/2003,
Galicia,Ourense                                           ,CARBALLEDA DE VALDEORRAS,IND,03/07/1999,14/06/2003
Galicia,Ourense                                           ,CARBALLEDA DE VALDEORRAS,IND,14/06/2003,
Galicia,Lugo                                              ,CARBALLEDO,PP,03/07/1999,14/06/2003
Galicia,Lugo                                              ,CARBALLEDO,PP,14/06/2003,
Galicia,Ourense                                           ,CARBALLIÑO (O),PSOE,03/07/1999,14/06/2003
Galicia,Ourense                                           ,CARBALLIÑO (O),PSOE,14/06/2003,12/05/2005
Galicia,Ourense                                           ,CARBALLIÑO (O),PSOE,18/05/2005,
Galicia,"Coruña, A                                         ",CARBALLO,PP,03/07/1999,14/06/2003
Galicia,"Coruña, A                                         ",CARBALLO,BNG,14/06/2003,
Galicia,"Coruña, A                                         ",CARIÑO,PP,03/07/1999,14/06/2003
Galicia,"Coruña, A                                         ",CARIÑO,PSOE,14/06/2003,
Galicia,"Coruña, A                                         ",CARNOTA,BNG,03/07/1999,14/06/2003
Galicia,"Coruña, A                                         ",CARNOTA,BNG,14/06/2003,
Galicia,"Coruña, A                                         ",CARRAL,PSOE,03/07/1999,14/06/2003
Galicia,"Coruña, A                                         ",CARRAL,PSOE,14/06/2003,25/08/2003
Galicia,"Coruña, A                                         ",CARRAL,PP,25/08/2003,
Galicia,Ourense                                           ,CARTELLE,PP,03/07/1999,14/06/2003
Galicia,Ourense                                           ,CARTELLE,PP,14/06/2003,
Galicia,Ourense                                           ,CASTRELO DE MIÑO,PP,03/07/1999,14/06/2003
Galicia,Ourense                                           ,CASTRELO DE MIÑO,PP,14/06/2003,
Galicia,Ourense                                           ,CASTRELO DO VAL,PSOE,03/07/1999,14/06/2003
Galicia,Ourense                                           ,CASTRELO DO VAL,PSOE,14/06/2003,02/09/2005
Galicia,Ourense                                           ,CASTRELO DO VAL,PSOE,16/09/2005,
Galicia,Ourense                                           ,CASTRO CALDELAS,PSOE,03/07/1999,14/06/2003
Galicia,Ourense                                           ,CASTRO CALDELAS,PSOE,14/06/2003,
Galicia,Lugo                                              ,CASTRO DE REI,PP,03/07/1999,14/06/2003
Galicia,Lugo                                              ,CASTRO DE REI,PP,14/06/2003,
Galicia,Lugo                                              ,CASTROVERDE,PSOE,03/07/1999,14/06/2003
Galicia,Lugo                                              ,CASTROVERDE,PSOE,14/06/2003,
Galicia,Pontevedra                                        ,CATOIRA,PSOE,03/07/1999,14/06/2003
Galicia,Pontevedra                                        ,CATOIRA,PSOE,14/06/2003,
Galicia,Pontevedra                                        ,CAÑIZA (A),PP,03/07/1999,14/06/2003
Galicia,Pontevedra                                        ,CAÑIZA (A),PP,14/06/2003,
Galicia,"Coruña, A                                         ",CEDEIRA,BNG,23/07/1999,14/06/2003
Galicia,"Coruña, A                                         ",CEDEIRA,PP,14/06/2003,
Galicia,"Coruña, A                                         ",CEE,PSOE,03/07/1999,28/04/2001
Galicia,"Coruña, A                                         ",CEE,PP,11/05/2001,14/06/2003
Galicia,"Coruña, A                                         ",CEE,PP,14/06/2003,
Galicia,Ourense                                           ,CELANOVA,PP,03/07/1999,14/06/2003
Galicia,Ourense                                           ,CELANOVA,PP,14/06/2003,
Galicia,Ourense                                           ,CENLLE,PP,03/07/1999,14/06/2003
Galicia,Ourense                                           ,CENLLE,PP,14/06/2003,
Galicia,"Coruña, A                                         ",CERCEDA,PSOE,03/07/1999,14/06/2003
Galicia,"Coruña, A                                         ",CERCEDA,PSOE,14/06/2003,
Galicia,Pontevedra                                        ,CERDEDO,PP,03/07/1999,14/06/2003
Galicia,Pontevedra                                        ,CERDEDO,PP,14/06/2003,08/01/2005
Galicia,Pontevedra                                        ,CERDEDO,PP,08/01/2005,
Galicia,"Coruña, A                                         ",CERDIDO,PP,03/07/1999,14/06/2003
Galicia,"Coruña, A                                         ",CERDIDO,PP,14/06/2003,27/04/2006
Galicia,"Coruña, A                                         ",CERDIDO,PP,10/05/2006,
Galicia,Lugo                                              ,CERVANTES,PSOE,03/07/1999,14/06/2003
Galicia,Lugo                                              ,CERVANTES,PSOE,14/06/2003,
Galicia,Lugo                                              ,CERVO,PP,03/07/1999,14/06/2003
Galicia,Lugo                                              ,CERVO,PP,14/06/2003,
Galicia,"Coruña, A                                         ",CESURAS,PP,03/07/1999,14/06/2003
Galicia,"Coruña, A                                         ",CESURAS,PP,14/06/2003,
Galicia,Ourense                                           ,CHANDREXA DE QUEIXA,PP,03/07/1999,14/06/2003
Galicia,Ourense                                           ,CHANDREXA DE QUEIXA,PP,14/06/2003,
Galicia,Lugo                                              ,CHANTADA,PP,03/07/1999,14/06/2003
Galicia,Lugo                                              ,CHANTADA,PP,14/06/2003,
Galicia,"Coruña, A                                         ",COIROS,PP,03/07/1999,
Galicia,"Coruña, A                                         ",COIRÓS,PP,14/06/2003,
Galicia,Ourense                                           ,COLES,PP,03/07/1999,14/06/2003
Galicia,Ourense                                           ,COLES,PP,14/06/2003,
Galicia,"Coruña, A                                         ",CORCUBION,BNG,03/07/1999,
Galicia,"Coruña, A                                         ",CORCUBIÓN,IND,14/06/2003,
Galicia,Lugo                                              ,CORGO (O),PP,03/07/1999,14/06/2003
Galicia,Lugo                                              ,CORGO (O),PP,14/06/2003,
Galicia,"Coruña, A                                         ",CORISTANCO,PP,03/07/1999,14/06/2003
Galicia,"Coruña, A                                         ",CORISTANCO,PP,14/06/2003,
Galicia,Ourense                                           ,CORTEGADA,PP,03/07/1999,14/06/2003
Galicia,Ourense                                           ,CORTEGADA,PP,14/06/2003,
Galicia,"Coruña, A                                         ",CORUÑA (A),PSOE,03/07/1999,14/06/2003
Galicia,"Coruña, A                                         ",CORUÑA (A),PSOE,14/06/2003,13/03/2006
Galicia,"Coruña, A                                         ",CORUÑA (A),PSOE,24/03/2006,
Galicia,Lugo                                              ,COSPEITO,PP,03/07/1999,14/06/2003
Galicia,Lugo                                              ,COSPEITO,PP,14/06/2003,
Galicia,Pontevedra                                        ,COTOBADE,PP,03/07/1999,14/06/2003
Galicia,Pontevedra                                        ,COTOBADE,PSOE,14/06/2003,
Galicia,Pontevedra                                        ,COVELO,PP,14/06/2003,
Galicia,Pontevedra                                        ,COVELO (O),PP,03/07/1999,
Galicia,Pontevedra                                        ,CRECENTE,PP,03/07/1999,14/06/2003
Galicia,Pontevedra                                        ,CRECENTE,PP,14/06/2003,
Galicia,Ourense                                           ,CUALEDRO,PP,03/07/1999,14/06/2003
Galicia,Ourense                                           ,CUALEDRO,PP,14/06/2003,16/10/2006
Galicia,Ourense                                           ,CUALEDRO,PP,16/10/2006,
Galicia,"Coruña, A                                         ",CULLEREDO,PSOE,03/07/1999,14/06/2003
Galicia,"Coruña, A                                         ",CULLEREDO,PSOE,14/06/2003,
Galicia,Pontevedra                                        ,CUNTIS,PSOE,03/07/1999,14/06/2003
Galicia,Pontevedra                                        ,CUNTIS,PSOE,14/06/2003,08/07/2005
Galicia,Pontevedra                                        ,CUNTIS,PSOE,08/07/2005,
Galicia,"Coruña, A                                         ",CURTIS,PSOE,03/07/1999,04/07/2001
Galicia,"Coruña, A                                         ",CURTIS,IND,07/07/2001,14/06/2003
Galicia,"Coruña, A                                         ",CURTIS,PP,14/06/2003,
Galicia,"Coruña, A",Cabana de Bergantiños,PP,16/06/2007,11/06/2011
Galicia,"Coruña, A",Cabana de Bergantiños,PP,11/06/2011,13/06/2015
Galicia,"Coruña, A",Cabana de Bergantiños,PP,13/06/2015,15/06/2019
Galicia,"Coruña, A",Cabana de Bergantiños,PP,15/06/2019,
Galicia,"Coruña, A",Cabanas,PP,16/06/2007,11/06/2011
Galicia,"Coruña, A",Cabanas,PP,11/06/2011,13/06/2015
Galicia,"Coruña, A",Cabanas,PP,13/06/2015,27/02/2019
Galicia,"Coruña, A",Cabanas,PP,07/03/2019,15/06/2019
Galicia,"Coruña, A",Cabanas,PSOE,15/06/2019,
Galicia,Pontevedra,Caldas de Reis,PSOE,16/06/2007,11/06/2011
Galicia,Pontevedra,Caldas de Reis,PSOE,11/06/2011,03/07/2015
Galicia,Pontevedra,Caldas de Reis,PSOE,03/07/2015,15/06/2019
Galicia,Pontevedra,Caldas de Reis,PSOE,15/06/2019,
Galicia,Ourense,Calvos de Randín,PSOE,16/06/2007,11/06/2011
Galicia,Ourense,Calvos de Randín,PSOE,11/06/2011,13/06/2015
Galicia,Ourense,Calvos de Randín,PSOE,13/06/2015,15/06/2019
Galicia,Ourense,Calvos de Randín,PSOE,15/06/2019,
Galicia,"Coruña, A",Camariñas,PSOE,16/06/2007,11/06/2011
Galicia,"Coruña, A",Camariñas,PSOE,11/06/2011,13/06/2015
Galicia,"Coruña, A",Camariñas,PSOE,13/06/2015,24/08/2018
Galicia,"Coruña, A",Camariñas,PSOE,04/09/2018,15/06/2019
Galicia,"Coruña, A",Camariñas,PSOE,15/06/2019,
Galicia,Pontevedra,Cambados,PP,16/06/2007,30/04/2009
Galicia,Pontevedra,Cambados,PP,09/05/2009,11/06/2011
Galicia,Pontevedra,Cambados,PP,11/06/2011,13/06/2015
Galicia,Pontevedra,Cambados,PSOE,13/06/2015,15/06/2019
Galicia,Pontevedra,Cambados,PSOE,15/06/2019,11/01/2022
Galicia,Pontevedra,Cambados,PSOE,15/01/2022,
Galicia,"Coruña, A",Cambre,PSOE,16/06/2007,11/06/2011
Galicia,"Coruña, A",Cambre,PP,11/06/2011,13/06/2015
Galicia,"Coruña, A",Cambre,OTROS,13/06/2015,15/06/2019
Galicia,"Coruña, A",Cambre,OTROS,15/06/2019,
Galicia,Pontevedra,Campo Lameiro,PP,16/06/2007,11/06/2011
Galicia,Pontevedra,Campo Lameiro,PP,11/06/2011,13/06/2015
Galicia,Pontevedra,Campo Lameiro,PP,13/06/2015,15/06/2019
Galicia,Pontevedra,Campo Lameiro,PP,15/06/2019,
Galicia,Pontevedra,Cangas,BNG,16/06/2007,11/06/2011
Galicia,Pontevedra,Cangas,PP,11/06/2011,13/06/2015
Galicia,Pontevedra,Cangas,OTROS,13/06/2015,15/06/2019
Galicia,Pontevedra,Cangas,C. ELECTORAL,15/06/2019,25/01/2021
Galicia,Pontevedra,Cangas,C. ELECTORAL,13/02/2021,
Galicia,"Coruña, A","Capela, A",PSOE,16/06/2007,11/06/2011
Galicia,"Coruña, A","Capela, A",PSOE,11/06/2011,13/06/2015
Galicia,"Coruña, A","Capela, A",PSOE,13/06/2015,15/06/2019
Galicia,"Coruña, A","Capela, A",PSOE,15/06/2019,
Galicia,Ourense,Carballeda de Avia,PSOE,16/06/2007,11/06/2011
Galicia,Ourense,Carballeda de Avia,PSOE,11/06/2011,13/06/2015
Galicia,Ourense,Carballeda de Avia,PSOE,13/06/2015,15/06/2019
Galicia,Ourense,Carballeda de Avia,PSOE,15/06/2019,
Galicia,Ourense,Carballeda de Valdeorras,OTROS,16/06/2007,11/06/2011
Galicia,Ourense,Carballeda de Valdeorras,PP,11/06/2011,13/06/2015
Galicia,Ourense,Carballeda de Valdeorras,PP,13/06/2015,15/06/2019
Galicia,Ourense,Carballeda de Valdeorras,PP,15/06/2019,
Galicia,Lugo,Carballedo,PP,16/06/2007,11/06/2011
Galicia,Lugo,Carballedo,PP,11/06/2011,13/06/2015
Galicia,Lugo,Carballedo,PP,13/06/2015,15/06/2019
Galicia,Lugo,Carballedo,PP,15/06/2019,
Galicia,Ourense,"Carballiño, O",PSOE,16/06/2007,11/06/2011
Galicia,Ourense,"Carballiño, O",PP,11/06/2011,13/06/2015
Galicia,Ourense,"Carballiño, O",PSOE,13/06/2015,15/06/2019
Galicia,Ourense,"Carballiño, O",PSOE,15/06/2019,
Galicia,"Coruña, A",Carballo,BNG,16/06/2007,01/07/2011
Galicia,"Coruña, A",Carballo,BNG,01/07/2011,13/06/2015
Galicia,"Coruña, A",Carballo,BNG,13/06/2015,15/06/2019
Galicia,"Coruña, A",Carballo,BNG,15/06/2019,
Galicia,"Coruña, A",Cariño,PSOE,16/06/2007,11/06/2011
Galicia,"Coruña, A",Cariño,BNG,11/06/2011,13/06/2015
Galicia,"Coruña, A",Cariño,PSOE,13/06/2015,15/06/2019
Galicia,"Coruña, A",Cariño,PSOE,15/06/2019,
Galicia,"Coruña, A",Carnota,PP,16/06/2007,11/06/2011
Galicia,"Coruña, A",Carnota,BNG,11/06/2011,13/06/2015
Galicia,"Coruña, A",Carnota,BNG,13/06/2015,15/06/2019
Galicia,"Coruña, A",Carnota,PSOE,15/06/2019,
Galicia,"Coruña, A",Carral,PP,16/06/2007,11/06/2011
Galicia,"Coruña, A",Carral,PP,11/06/2011,13/06/2015
Galicia,"Coruña, A",Carral,PP,13/06/2015,15/06/2019
Galicia,"Coruña, A",Carral,OTROS,15/06/2019,
Galicia,Ourense,Cartelle,PP,16/06/2007,11/06/2011
Galicia,Ourense,Cartelle,PP,11/06/2011,13/06/2015
Galicia,Ourense,Cartelle,PP,13/06/2015,22/05/2017
Galicia,Ourense,Cartelle,PP,03/06/2017,15/06/2019
Galicia,Ourense,Cartelle,PP,15/06/2019,
Galicia,Ourense,Castrelo de Miño,BNG,06/07/2007,11/06/2011
Galicia,Ourense,Castrelo de Miño,BNG,11/06/2011,13/06/2015
Galicia,Ourense,Castrelo de Miño,BNG,13/06/2015,15/06/2019
Galicia,Ourense,Castrelo de Miño,BNG,15/06/2019,11/08/2020
Galicia,Ourense,Castrelo de Miño,PP,11/08/2020,
Galicia,Ourense,Castrelo do Val,PSOE,16/06/2007,11/06/2011
Galicia,Ourense,Castrelo do Val,PSOE,11/06/2011,13/06/2015
Galicia,Ourense,Castrelo do Val,PSOE,13/06/2015,15/06/2019
Galicia,Ourense,Castrelo do Val,PSOE,15/06/2019,
Galicia,Ourense,Castro Caldelas,PSOE,16/06/2007,11/06/2011
Galicia,Ourense,Castro Caldelas,PSOE,11/06/2011,31/10/2014
Galicia,Ourense,Castro Caldelas,PSOE,31/10/2014,13/06/2015
Galicia,Ourense,Castro Caldelas,PSOE,13/06/2015,15/06/2019
Galicia,Ourense,Castro Caldelas,PSOE,15/06/2019,
Galicia,Lugo,Castro de Rei,PSOE,16/06/2007,11/06/2011
Galicia,Lugo,Castro de Rei,PP,11/06/2011,13/06/2015
Galicia,Lugo,Castro de Rei,PP,13/06/2015,15/06/2019
Galicia,Lugo,Castro de Rei,PP,15/06/2019,
Galicia,Lugo,Castroverde,PSOE,16/06/2007,11/06/2011
Galicia,Lugo,Castroverde,PSOE,11/06/2011,13/06/2015
Galicia,Lugo,Castroverde,PSOE,13/06/2015,15/06/2019
Galicia,Lugo,Castroverde,PSOE,15/06/2019,
Galicia,Pontevedra,Catoira,PSOE,16/06/2007,11/06/2011
Galicia,Pontevedra,Catoira,PSOE,11/06/2011,13/06/2015
Galicia,Pontevedra,Catoira,PSOE,13/06/2015,15/06/2019
Galicia,Pontevedra,Catoira,BNG,15/06/2019,22/05/2020
Galicia,Pontevedra,Catoira,PSOE,09/06/2020,
Galicia,Pontevedra,"Cañiza, A",PP,16/06/2007,11/06/2011
Galicia,Pontevedra,"Cañiza, A",PP,11/06/2011,13/06/2015
Galicia,Pontevedra,"Cañiza, A",PP,13/06/2015,15/06/2019
Galicia,Pontevedra,"Cañiza, A",PSOE,15/06/2019,
Galicia,"Coruña, A",Cedeira,PSOE,16/06/2007,11/06/2011
Galicia,"Coruña, A",Cedeira,PP,11/06/2011,05/12/2013
Galicia,"Coruña, A",Cedeira,PP,26/12/2013,13/06/2015
Galicia,"Coruña, A",Cedeira,PSOE,13/06/2015,15/06/2019
Galicia,"Coruña, A",Cedeira,PSOE,15/06/2019,
Galicia,"Coruña, A",Cee,OTROS,16/06/2007,11/06/2011
Galicia,"Coruña, A",Cee,IND,11/06/2011,01/03/2012
Galicia,"Coruña, A",Cee,PP,01/03/2012,13/06/2015
Galicia,"Coruña, A",Cee,OTROS,13/06/2015,15/06/2019
Galicia,"Coruña, A",Cee,PSOE,15/06/2019,
Galicia,Ourense,Celanova,PP,16/06/2007,11/06/2011
Galicia,Ourense,Celanova,PP,11/06/2011,15/09/2012
Galicia,Ourense,Celanova,PP,25/09/2012,13/06/2015
Galicia,Ourense,Celanova,PP,13/06/2015,15/06/2019
Galicia,Ourense,Celanova,OTROS,15/06/2019,
Galicia,Ourense,Cenlle,PP,16/06/2007,11/06/2011
Galicia,Ourense,Cenlle,PP,11/06/2011,13/06/2015
Galicia,Ourense,Cenlle,PP,13/06/2015,15/06/2019
Galicia,Ourense,Cenlle,PP,15/06/2019,02/03/2020
Galicia,Ourense,Cenlle,PP,02/03/2020,14/10/2022
Galicia,Ourense,Cenlle,PP,14/10/2022,
Galicia,"Coruña, A",Cerceda,PSOE,16/06/2007,11/06/2011
Galicia,"Coruña, A",Cerceda,PSOE,11/06/2011,13/06/2015
Galicia,"Coruña, A",Cerceda,PSOE,13/06/2015,27/02/2019
Galicia,"Coruña, A",Cerceda,PSOE,27/02/2019,15/06/2019
Galicia,"Coruña, A",Cerceda,PSOE,15/06/2019,29/01/2020
Galicia,"Coruña, A",Cerceda,PSOE,12/02/2020,
Galicia,Pontevedra,Cerdedo,PP,16/06/2007,11/06/2011
Galicia,Pontevedra,Cerdedo,PP,11/06/2011,13/06/2015
Galicia,Pontevedra,Cerdedo,PP,13/06/2015,22/08/2016
Galicia,Pontevedra,Cerdedo,PP,22/08/2016,18/10/2016
Galicia,Pontevedra,Cerdedo-Cotobade,PP,18/10/2016,15/06/2019
Galicia,Pontevedra,Cerdedo-Cotobade,PP,15/06/2019,
Galicia,"Coruña, A",Cerdido,PP,16/06/2007,11/06/2011
Galicia,"Coruña, A",Cerdido,PP,11/06/2011,13/06/2015
Galicia,"Coruña, A",Cerdido,PSOE,13/06/2015,15/06/2019
Galicia,"Coruña, A",Cerdido,PSOE,15/06/2019,
Galicia,Lugo,Cervantes,PSOE,16/06/2007,11/06/2011
Galicia,Lugo,Cervantes,PSOE,11/06/2011,13/06/2015
Galicia,Lugo,Cervantes,PSOE,13/06/2015,15/06/2019
Galicia,Lugo,Cervantes,PSOE,15/06/2019,
Galicia,Lugo,Cervo,PP,16/06/2007,11/06/2011
Galicia,Lugo,Cervo,PP,11/06/2011,13/06/2015
Galicia,Lugo,Cervo,PP,13/06/2015,15/06/2019
Galicia,Lugo,Cervo,PP,15/06/2019,
Galicia,"Coruña, A",Cesuras,PP,16/06/2007,21/02/2008
Galicia,"Coruña, A",Cesuras,PP,04/03/2008,11/06/2011
Galicia,"Coruña, A",Cesuras,PP,11/06/2011,13/05/2013
Galicia,"Coruña, A",Cesuras,PP,13/05/2013,14/06/2013
Galicia,Ourense,Chandrexa de Queixa,PP,16/06/2007,11/06/2011
Galicia,Ourense,Chandrexa de Queixa,PP,11/06/2011,13/06/2015
Galicia,Ourense,Chandrexa de Queixa,PP,13/06/2015,15/06/2019
Galicia,Ourense,Chandrexa de Queixa,PP,15/06/2019,
Galicia,Lugo,Chantada,PSOE,16/06/2007,11/06/2011
Galicia,Lugo,Chantada,IND,11/06/2011,13/06/2015
Galicia,Lugo,Chantada,OTROS,13/06/2015,15/06/2019
Galicia,Lugo,Chantada,PP,15/06/2019,
Galicia,"Coruña, A",Coirós,PP,16/06/2007,11/06/2011
Galicia,"Coruña, A",Coirós,PP,11/06/2011,13/06/2015
Galicia,"Coruña, A",Coirós,PP,13/06/2015,15/06/2019
Galicia,"Coruña, A",Coirós,PP,15/06/2019,
Galicia,Ourense,Coles,PSOE,16/06/2007,11/06/2011
Galicia,Ourense,Coles,PSOE,11/06/2011,13/06/2015
Galicia,Ourense,Coles,PSOE,13/06/2015,15/06/2019
Galicia,Ourense,Coles,PSOE,15/06/2019,
Galicia,"Coruña, A",Corcubión,BNG,16/06/2007,07/04/2008
Galicia,"Coruña, A",Corcubión,PSOE,16/04/2008,11/06/2011
Galicia,"Coruña, A",Corcubión,PSOE,11/06/2011,13/06/2015
Galicia,"Coruña, A",Corcubión,PSOE,13/06/2015,15/06/2019
Galicia,"Coruña, A",Corcubión,PSOE,15/06/2019,
Galicia,Lugo,"Corgo, O",PP,16/06/2007,11/06/2011
Galicia,Lugo,"Corgo, O",PP,11/06/2011,13/06/2015
Galicia,Lugo,"Corgo, O",PP,13/06/2015,15/06/2019
Galicia,Lugo,"Corgo, O",PP,15/06/2019,
Galicia,"Coruña, A",Coristanco,PP,16/06/2007,11/06/2011
Galicia,"Coruña, A",Coristanco,PP,11/06/2011,13/06/2015
Galicia,"Coruña, A",Coristanco,OTROS,13/06/2015,23/08/2017
Galicia,"Coruña, A",Coristanco,PSOE,23/08/2017,25/08/2017
Galicia,"Coruña, A",Coristanco,N.ADS.,25/08/2017,15/06/2019
Galicia,"Coruña, A",Coristanco,PP,15/06/2019,
Galicia,Ourense,Cortegada,PSOE,16/06/2007,11/06/2011
Galicia,Ourense,Cortegada,PSOE,11/06/2011,13/06/2015
Galicia,Ourense,Cortegada,PP,13/06/2015,15/06/2019
Galicia,Ourense,Cortegada,PP,15/06/2019,
Galicia,"Coruña, A","Coruña, A",PSOE,16/06/2007,11/06/2011
Galicia,"Coruña, A","Coruña, A",PP,11/06/2011,13/06/2015
Galicia,"Coruña, A","Coruña, A",OTROS,13/06/2015,15/06/2019
Galicia,"Coruña, A","Coruña, A",PSOE,15/06/2019,
Galicia,Lugo,Cospeito,PP,16/06/2007,11/06/2011
Galicia,Lugo,Cospeito,PP,11/06/2011,13/06/2015
Galicia,Lugo,Cospeito,PP,13/06/2015,15/06/2019
Galicia,Lugo,Cospeito,PP,15/06/2019,
Galicia,Pontevedra,Cotobade,PSOE,16/06/2007,11/06/2011
Galicia,Pontevedra,Cotobade,PP,11/06/2011,13/06/2015
Galicia,Pontevedra,Cotobade,PP,13/06/2015,18/10/2016
Galicia,Pontevedra,Covelo,PP,16/06/2007,11/06/2011
Galicia,Pontevedra,Covelo,PP,11/06/2011,11/11/2014
Galicia,Pontevedra,Covelo,PP,27/11/2014,13/06/2015
Galicia,Pontevedra,Covelo,PP,13/06/2015,15/06/2019
Galicia,Pontevedra,Covelo,PP,15/06/2019,
Galicia,Pontevedra,Crecente,PP,16/06/2007,11/06/2011
Galicia,Pontevedra,Crecente,PP,11/06/2011,15/01/2014
Galicia,Pontevedra,Crecente,PP,24/01/2014,13/06/2015
Galicia,Pontevedra,Crecente,PP,13/06/2015,15/06/2019
Galicia,Pontevedra,Crecente,PP,15/06/2019,
Galicia,Ourense,Cualedro,PP,16/06/2007,11/06/2011
Galicia,Ourense,Cualedro,PP,11/06/2011,13/06/2015
Galicia,Ourense,Cualedro,PP,13/06/2015,15/06/2019
Galicia,Ourense,Cualedro,PP,15/06/2019,
Galicia,"Coruña, A",Culleredo,PSOE,16/06/2007,11/06/2011
Galicia,"Coruña, A",Culleredo,PSOE,11/06/2011,13/06/2015
Galicia,"Coruña, A",Culleredo,PSOE,13/06/2015,26/10/2017
Galicia,"Coruña, A",Culleredo,PSOE,07/11/2017,15/06/2019
Galicia,"Coruña, A",Culleredo,PSOE,15/06/2019,
Galicia,Pontevedra,Cuntis,PSOE,16/06/2007,11/06/2011
Galicia,Pontevedra,Cuntis,PP,11/06/2011,13/06/2015
Galicia,Pontevedra,Cuntis,PSOE,13/06/2015,15/06/2019
Galicia,Pontevedra,Cuntis,PSOE,15/06/2019,
Galicia,"Coruña, A",Curtis,PP,16/06/2007,11/06/2011
Galicia,"Coruña, A",Curtis,PP,11/06/2011,13/06/2015
Galicia,"Coruña, A",Curtis,PP,13/06/2015,15/06/2019
Galicia,"Coruña, A",Curtis,PP,15/06/2019,
Galicia,"Coruña, A                                         ",DODRO,PP,03/07/1999,14/06/2003
Galicia,"Coruña, A                                         ",DODRO,PP,14/06/2003,
Galicia,Pontevedra                                        ,DOZON,PP,03/07/1999,
Galicia,Pontevedra                                        ,DOZÓN,PP,14/06/2003,
Galicia,"Coruña, A                                         ",DUMBRIA,PSOE,03/07/1999,
Galicia,"Coruña, A                                         ",DUMBRÍA,PSOE,14/06/2003,
Galicia,"Coruña, A",Dodro,PSOE,16/06/2007,11/06/2011
Galicia,"Coruña, A",Dodro,PP,11/06/2011,13/06/2015
Galicia,"Coruña, A",Dodro,PP,13/06/2015,15/06/2019
Galicia,"Coruña, A",Dodro,PSOE,15/06/2019,
Galicia,Pontevedra,Dozón,PP,16/06/2007,11/06/2011
Galicia,Pontevedra,Dozón,PP,11/06/2011,13/06/2015
Galicia,Pontevedra,Dozón,PP,13/06/2015,29/11/2015
Galicia,Pontevedra,Dozón,N.ADS.,29/11/2015,15/06/2019
Galicia,Pontevedra,Dozón,PP,15/06/2019,29/06/2020
Galicia,Pontevedra,Dozón,PP,13/07/2020,
Galicia,"Coruña, A",Dumbría,PSOE,16/06/2007,11/06/2011
Galicia,"Coruña, A",Dumbría,PSOE,11/06/2011,13/06/2015
Galicia,"Coruña, A",Dumbría,PSOE,13/06/2015,15/06/2019
Galicia,"Coruña, A",Dumbría,PSOE,15/06/2019,
Galicia,Ourense                                           ,ENTRIMO,PP,23/07/1999,14/06/2003
Galicia,Ourense                                           ,ENTRIMO,PSOE,14/06/2003,
Galicia,Ourense                                           ,ESGOS,PP,03/07/1999,14/06/2003
Galicia,Ourense                                           ,ESGOS,PP,14/06/2003,
Galicia,Pontevedra                                        ,ESTRADA (A),PP,03/07/1999,14/06/2003
Galicia,Pontevedra                                        ,ESTRADA (A),PP,14/06/2003,
Galicia,Ourense,Entrimo,PSOE,16/06/2007,11/06/2011
Galicia,Ourense,Entrimo,PSOE,11/06/2011,13/06/2015
Galicia,Ourense,Entrimo,PSOE,13/06/2015,15/06/2019
Galicia,Ourense,Entrimo,PSOE,15/06/2019,
Galicia,Ourense,Esgos,PP,16/06/2007,11/06/2011
Galicia,Ourense,Esgos,PP,11/06/2011,13/06/2015
Galicia,Ourense,Esgos,PP,13/06/2015,15/06/2019
Galicia,Ourense,Esgos,PP,15/06/2019,
Galicia,Pontevedra,"Estrada, A",PSOE,16/06/2007,11/06/2011
Galicia,Pontevedra,"Estrada, A",PP,11/06/2011,13/06/2015
Galicia,Pontevedra,"Estrada, A",PP,13/06/2015,15/06/2019
Galicia,Pontevedra,"Estrada, A",PP,15/06/2019,
Galicia,"Coruña, A                                         ",FENE,BNG,03/07/1999,14/06/2003
Galicia,"Coruña, A                                         ",FENE,BNG,14/06/2003,
Galicia,"Coruña, A                                         ",FERROL,BNG,03/07/1999,14/06/2003
Galicia,"Coruña, A                                         ",FERROL,PP,14/06/2003,
Galicia,"Coruña, A                                         ",FISTERRA,PP,03/07/1999,09/10/2002
Galicia,"Coruña, A                                         ",FISTERRA,PP,22/10/2002,15/11/2003
Galicia,"Coruña, A                                         ",FISTERRA,PP,15/11/2003,
Galicia,Lugo                                              ,FOLGOSO DO COUREL,PSOE,03/07/1999,14/06/2003
Galicia,Lugo                                              ,FOLGOSO DO COUREL,PSOE,14/06/2003,
Galicia,Lugo                                              ,FONSAGRADA (A),IND,03/07/1999,14/06/2003
Galicia,Lugo                                              ,FONSAGRADA (A),PSOE,14/06/2003,
Galicia,Pontevedra                                        ,FORCAREI,PP,03/07/1999,14/06/2003
Galicia,Pontevedra                                        ,FORCAREI,PP,14/06/2003,
Galicia,Pontevedra                                        ,FORNELOS DE MONTES,PSOE,03/07/1999,14/06/2003
Galicia,Pontevedra                                        ,FORNELOS DE MONTES,PSOE,14/06/2003,
Galicia,Lugo                                              ,FOZ,PSOE,03/07/1999,14/06/2003
Galicia,Lugo                                              ,FOZ,PSOE,14/06/2003,
Galicia,"Coruña, A                                         ",FRADES,PP,03/07/1999,14/06/2003
Galicia,"Coruña, A                                         ",FRADES,PP,14/06/2003,
Galicia,Lugo                                              ,FRIOL,PP,03/07/1999,14/06/2003
Galicia,Lugo                                              ,FRIOL,PP,14/06/2003,
Galicia,"Coruña, A",Fene,PSOE,16/06/2007,11/06/2011
Galicia,"Coruña, A",Fene,PP,11/06/2011,13/06/2015
Galicia,"Coruña, A",Fene,BNG,13/06/2015,06/04/2018
Galicia,"Coruña, A",Fene,PP,06/04/2018,15/06/2019
Galicia,"Coruña, A",Fene,PP,15/06/2019,07/02/2020
Galicia,"Coruña, A",Fene,BNG,07/02/2020,
Galicia,"Coruña, A",Ferrol,PSOE,16/06/2007,11/06/2011
Galicia,"Coruña, A",Ferrol,PP,11/06/2011,13/06/2015
Galicia,"Coruña, A",Ferrol,OTROS,13/06/2015,15/06/2019
Galicia,"Coruña, A",Ferrol,PSOE,15/06/2019,
Galicia,"Coruña, A",Fisterra,PP,16/06/2007,11/06/2011
Galicia,"Coruña, A",Fisterra,PP,11/06/2011,13/06/2015
Galicia,"Coruña, A",Fisterra,PSOE,13/06/2015,15/06/2019
Galicia,"Coruña, A",Fisterra,PSOE,15/06/2019,
Galicia,Lugo,Folgoso do Courel,PSOE,16/06/2007,24/10/2009
Galicia,Lugo,Folgoso do Courel,N.ADS.,24/10/2009,11/06/2011
Galicia,Lugo,Folgoso do Courel,PP,11/06/2011,13/06/2015
Galicia,Lugo,Folgoso do Courel,PP,13/06/2015,15/06/2019
Galicia,Lugo,Folgoso do Courel,PP,15/06/2019,
Galicia,Lugo,"Fonsagrada, A",PSOE,16/06/2007,11/06/2011
Galicia,Lugo,"Fonsagrada, A",PSOE,11/06/2011,13/06/2015
Galicia,Lugo,"Fonsagrada, A",PSOE,13/06/2015,15/06/2019
Galicia,Lugo,"Fonsagrada, A",PSOE,15/06/2019,
Galicia,Pontevedra,Forcarei,PP,16/06/2007,11/06/2011
Galicia,Pontevedra,Forcarei,PP,11/06/2011,29/01/2012
Galicia,Pontevedra,Forcarei,PP,09/02/2012,13/06/2015
Galicia,Pontevedra,Forcarei,PP,13/06/2015,15/06/2019
Galicia,Pontevedra,Forcarei,PSOE,15/06/2019,
Galicia,Pontevedra,Fornelos de Montes,PSOE,16/06/2007,11/06/2011
Galicia,Pontevedra,Fornelos de Montes,PSOE,11/06/2011,13/06/2015
Galicia,Pontevedra,Fornelos de Montes,PSOE,13/06/2015,15/06/2019
Galicia,Pontevedra,Fornelos de Montes,PSOE,15/06/2019,
Galicia,Lugo,Foz,PSOE,16/06/2007,11/06/2011
Galicia,Lugo,Foz,PP,11/06/2011,13/06/2015
Galicia,Lugo,Foz,PP,13/06/2015,15/06/2019
Galicia,Lugo,Foz,PSOE,15/06/2019,
Galicia,"Coruña, A",Frades,PP,16/06/2007,11/06/2011
Galicia,"Coruña, A",Frades,PP,11/06/2011,15/09/2012
Galicia,"Coruña, A",Frades,PP,22/09/2012,13/06/2015
Galicia,"Coruña, A",Frades,PP,13/06/2015,15/06/2019
Galicia,"Coruña, A",Frades,PP,15/06/2019,
Galicia,Lugo,Friol,PP,16/06/2007,11/06/2011
Galicia,Lugo,Friol,PP,11/06/2011,13/06/2015
Galicia,Lugo,Friol,PP,13/06/2015,15/06/2019
Galicia,Lugo,Friol,PP,15/06/2019,
Galicia,Ourense                                           ,GOMESENDE,PP,03/07/1999,14/06/2003
Galicia,Ourense                                           ,GOMESENDE,PP,14/06/2003,
Galicia,Pontevedra                                        ,GONDOMAR,PP,03/07/1999,04/07/2003
Galicia,Pontevedra                                        ,GONDOMAR,PP,04/07/2003,
Galicia,Pontevedra                                        ,GROVE (O),PP,03/07/1999,14/06/2003
Galicia,Pontevedra                                        ,GROVE (O),PP,14/06/2003,
Galicia,Pontevedra                                        ,GUARDA (A),PSOE,03/07/1999,13/07/2000
Galicia,Pontevedra                                        ,GUARDA (A),PP,13/07/2000,14/06/2003
Galicia,Pontevedra                                        ,GUARDA (A),PP,14/06/2003,
Galicia,Ourense                                           ,GUDIÑA (A),PP,03/07/1999,14/06/2003
Galicia,Ourense                                           ,GUDIÑA (A),PP,14/06/2003,
Galicia,Lugo                                              ,GUITIRIZ,PP,03/07/1999,14/06/2003
Galicia,Lugo                                              ,GUITIRIZ,PSOE,14/06/2003,
Galicia,Lugo                                              ,GUNTIN,PP,03/07/1999,
Galicia,Lugo                                              ,GUNTÍN,PP,14/06/2003,
Galicia,Ourense,Gomesende,OTROS,16/06/2007,11/06/2011
Galicia,Ourense,Gomesende,PP,11/06/2011,13/06/2015
Galicia,Ourense,Gomesende,PP,13/06/2015,15/06/2019
Galicia,Ourense,Gomesende,PP,15/06/2019,
Galicia,Pontevedra,Gondomar,BNG,16/06/2007,07/07/2009
Galicia,Pontevedra,Gondomar,PP,07/07/2009,11/06/2011
Galicia,Pontevedra,Gondomar,PP,11/06/2011,13/06/2015
Galicia,Pontevedra,Gondomar,PSOE,13/06/2015,15/06/2019
Galicia,Pontevedra,Gondomar,PSOE,15/06/2019,
Galicia,Pontevedra,"Grove, O",PSOE,16/06/2007,11/06/2011
Galicia,Pontevedra,"Grove, O",PP,11/06/2011,13/06/2015
Galicia,Pontevedra,"Grove, O",PSOE,13/06/2015,15/06/2019
Galicia,Pontevedra,"Grove, O",PSOE,15/06/2019,
Galicia,Pontevedra,"Guarda, A",PSOE,17/06/2007,11/06/2011
Galicia,Pontevedra,"Guarda, A",PSOE,11/06/2011,13/06/2015
Galicia,Pontevedra,"Guarda, A",PSOE,13/06/2015,15/06/2019
Galicia,Pontevedra,"Guarda, A",PSOE,15/06/2019,
Galicia,Ourense,"Gudiña, A",PP,16/06/2007,11/06/2011
Galicia,Ourense,"Gudiña, A",PP,11/06/2011,13/06/2015
Galicia,Ourense,"Gudiña, A",PP,13/06/2015,21/01/2016
Galicia,Ourense,"Gudiña, A",PP,27/02/2016,15/06/2019
Galicia,Ourense,"Gudiña, A",PP,15/06/2019,
Galicia,Lugo,Guitiriz,PSOE,16/06/2007,11/06/2011
Galicia,Lugo,Guitiriz,PP,11/06/2011,13/06/2015
Galicia,Lugo,Guitiriz,PSOE,13/06/2015,15/06/2019
Galicia,Lugo,Guitiriz,PSOE,15/06/2019,
Galicia,Lugo,Guntín,PP,16/06/2007,11/06/2011
Galicia,Lugo,Guntín,PP,11/06/2011,13/06/2015
Galicia,Lugo,Guntín,PP,13/06/2015,15/06/2019
Galicia,Lugo,Guntín,PP,15/06/2019,
Galicia,Pontevedra                                        ,ILLA DE AROUSA (A),PSOE,03/07/1999,14/06/2003
Galicia,Pontevedra                                        ,ILLA DE AROUSA (A),PSOE,14/06/2003,
Galicia,Lugo                                              ,INCIO (O),PP,03/07/1999,14/06/2003
Galicia,Lugo                                              ,INCIO (O),PP,14/06/2003,
Galicia,Ourense                                           ,IRIXO (O),PP,03/07/1999,14/06/2003
Galicia,Ourense                                           ,IRIXO (O),PP,14/06/2003,
Galicia,"Coruña, A                                         ",IRIXOA,PP,03/07/1999,14/06/2003
Galicia,"Coruña, A                                         ",IRIXOA,PP,14/06/2003,18/11/2005
Galicia,"Coruña, A                                         ",IRIXOA,PP,07/12/2005,
Galicia,Pontevedra,"Illa de Arousa, A",PSOE,16/06/2007,11/06/2011
Galicia,Pontevedra,"Illa de Arousa, A",PSOE,11/06/2011,13/06/2015
Galicia,Pontevedra,"Illa de Arousa, A",PSOE,13/06/2015,15/06/2019
Galicia,Pontevedra,"Illa de Arousa, A",PSOE,15/06/2019,
Galicia,Lugo,"Incio, O",PP,16/06/2007,11/06/2011
Galicia,Lugo,"Incio, O",PSOE,11/06/2011,13/06/2015
Galicia,Lugo,"Incio, O",PSOE,13/06/2015,15/06/2019
Galicia,Lugo,"Incio, O",PP,15/06/2019,
Galicia,Ourense,"Irixo, O",PP,16/06/2007,11/06/2011
Galicia,Ourense,"Irixo, O",PP,11/06/2011,13/06/2015
Galicia,Ourense,"Irixo, O",PP,13/06/2015,15/06/2019
Galicia,Ourense,"Irixo, O",PP,15/06/2019,02/08/2019
Galicia,Ourense,"Irixo, O",PP,02/08/2019,
Galicia,"Coruña, A",Irixoa,PP,16/06/2007,11/06/2011
Galicia,"Coruña, A",Irixoa,PP,11/06/2011,13/06/2015
Galicia,"Coruña, A",Irixoa,PP,13/06/2015,15/06/2019
Galicia,"Coruña, A",Irixoa,PP,15/06/2019,
Galicia,Pontevedra                                        ,LALIN,PP,03/07/1999,
Galicia,Pontevedra                                        ,LALÍN,PP,14/06/2003,
Galicia,Pontevedra                                        ,LAMA (A),PSOE,03/07/1999,14/06/2003
Galicia,Pontevedra                                        ,LAMA (A),PP,14/06/2003,
Galicia,Lugo                                              ,LANCARA,PP,03/07/1999,
Galicia,"Coruña, A                                         ",LARACHA (A),PP,03/07/1999,14/06/2003
Galicia,"Coruña, A                                         ",LARACHA (A),PP,14/06/2003,
Galicia,Ourense                                           ,LAROUCO,PP,03/07/1999,14/06/2003
Galicia,Ourense                                           ,LAROUCO,PP,14/06/2003,
Galicia,"Coruña, A                                         ",LAXE,PSOE,23/07/1999,14/06/2003
Galicia,"Coruña, A                                         ",LAXE,PSOE,14/06/2003,
Galicia,Ourense                                           ,LAZA,PP,03/07/1999,14/06/2003
Galicia,Ourense                                           ,LAZA,PP,14/06/2003,
Galicia,Ourense                                           ,LEIRO,PP,03/07/1999,14/06/2003
Galicia,Ourense                                           ,LEIRO,PP,14/06/2003,
Galicia,Ourense                                           ,LOBEIRA,PP,03/07/1999,14/06/2003
Galicia,Ourense                                           ,LOBEIRA,PP,14/06/2003,
Galicia,Ourense                                           ,LOBIOS,PP,03/07/1999,14/06/2003
Galicia,Ourense                                           ,LOBIOS,PP,14/06/2003,
Galicia,Lugo                                              ,LOURENZA,PP,03/07/1999,
Galicia,Lugo                                              ,LOURENZÁ,PP,14/06/2003,
Galicia,"Coruña, A                                         ",LOUSAME,PSOE,03/07/1999,14/06/2003
Galicia,"Coruña, A                                         ",LOUSAME,PP,14/06/2003,
Galicia,Lugo                                              ,LUGO,PSOE,03/07/1999,14/06/2003
Galicia,Lugo                                              ,LUGO,PSOE,14/06/2003,
Galicia,Pontevedra,Lalín,PP,16/06/2007,11/06/2011
Galicia,Pontevedra,Lalín,PP,11/06/2011,13/06/2015
Galicia,Pontevedra,Lalín,OTROS,13/06/2015,15/06/2019
Galicia,Pontevedra,Lalín,PP,15/06/2019,
Galicia,Pontevedra,"Lama, A",PP,16/06/2007,11/06/2011
Galicia,Pontevedra,"Lama, A",PP,11/06/2011,13/06/2015
Galicia,Pontevedra,"Lama, A",PP,13/06/2015,15/06/2019
Galicia,Pontevedra,"Lama, A",PP,15/06/2019,
Galicia,"Coruña, A","Laracha, A",PP,16/06/2007,11/06/2011
Galicia,"Coruña, A","Laracha, A",PP,11/06/2011,13/06/2015
Galicia,"Coruña, A","Laracha, A",PP,13/06/2015,15/06/2019
Galicia,"Coruña, A","Laracha, A",PP,15/06/2019,
Galicia,Ourense,Larouco,PP,16/06/2007,11/06/2011
Galicia,Ourense,Larouco,PP,11/06/2011,13/06/2015
Galicia,Ourense,Larouco,PP,13/06/2015,15/06/2019
Galicia,Ourense,Larouco,PP,15/06/2019,
Galicia,"Coruña, A",Laxe,PSOE,16/06/2007,11/06/2011
Galicia,"Coruña, A",Laxe,PSOE,11/06/2011,13/06/2015
Galicia,"Coruña, A",Laxe,PSOE,13/06/2015,15/06/2019
Galicia,"Coruña, A",Laxe,PP,15/06/2019,
Galicia,Ourense,Laza,PP,16/06/2007,11/06/2011
Galicia,Ourense,Laza,PP,11/06/2011,13/06/2015
Galicia,Ourense,Laza,PP,13/06/2015,15/06/2019
Galicia,Ourense,Laza,PSOE,15/06/2019,21/07/2020
Galicia,Ourense,Laza,PP,24/07/2020,
Galicia,Ourense,Leiro,PP,16/06/2007,11/06/2011
Galicia,Ourense,Leiro,PP,11/06/2011,13/06/2015
Galicia,Ourense,Leiro,PP,13/06/2015,15/06/2019
Galicia,Ourense,Leiro,PP,15/06/2019,
Galicia,Ourense,Lobeira,PP,16/06/2007,11/06/2011
Galicia,Ourense,Lobeira,PP,11/06/2011,13/06/2015
Galicia,Ourense,Lobeira,PP,13/06/2015,15/06/2019
Galicia,Ourense,Lobeira,PP,15/06/2019,
Galicia,Ourense,Lobios,PSOE,16/06/2007,11/06/2011
Galicia,Ourense,Lobios,PP,11/06/2011,03/07/2015
Galicia,Ourense,Lobios,PP,03/07/2015,15/06/2019
Galicia,Ourense,Lobios,PP,15/06/2019,
Galicia,Lugo,Lourenzá,PP,16/06/2007,11/06/2011
Galicia,Lugo,Lourenzá,PP,11/06/2011,15/09/2012
Galicia,Lugo,Lourenzá,PP,15/09/2012,13/06/2015
Galicia,Lugo,Lourenzá,PSOE,13/06/2015,15/06/2019
Galicia,Lugo,Lourenzá,PSOE,15/06/2019,
Galicia,"Coruña, A",Lousame,PP,16/06/2007,11/06/2011
Galicia,"Coruña, A",Lousame,PP,11/06/2011,15/09/2012
Galicia,"Coruña, A",Lousame,PP,20/09/2012,13/06/2015
Galicia,"Coruña, A",Lousame,PP,13/06/2015,15/06/2019
Galicia,"Coruña, A",Lousame,PP,15/06/2019,
Galicia,Lugo,Lugo,PSOE,16/06/2007,11/06/2011
Galicia,Lugo,Lugo,PSOE,11/06/2011,13/06/2015
Galicia,Lugo,Lugo,PSOE,13/06/2015,15/06/2019
Galicia,Lugo,Lugo,PSOE,15/06/2019,
Galicia,Lugo                                              ,LÁNCARA,PP,14/06/2003,
Galicia,Lugo,Láncara,PSOE,16/06/2007,22/10/2009
Galicia,Lugo,Láncara,PP,22/10/2009,11/06/2011
Galicia,Lugo,Láncara,PP,11/06/2011,13/06/2015
Galicia,Lugo,Láncara,PSOE,13/06/2015,15/06/2019
Galicia,Lugo,Láncara,PSOE,15/06/2019,
Galicia,Ourense                                           ,MACEDA,PP,03/07/1999,14/06/2003
Galicia,Ourense                                           ,MACEDA,PP,14/06/2003,
Galicia,"Coruña, A                                         ",MALPICA DE BERGANTIÑOS,PSOE,03/07/1999,14/06/2003
Galicia,"Coruña, A                                         ",MALPICA DE BERGANTIÑOS,PSOE,14/06/2003,
Galicia,Ourense                                           ,MANZANEDA,PP,03/07/1999,14/06/2003
Galicia,Ourense                                           ,MANZANEDA,PP,14/06/2003,
Galicia,Pontevedra                                        ,MARIN,PSOE,03/07/1999,
Galicia,Pontevedra                                        ,MARÍN,PSOE,14/06/2003,
Galicia,Ourense                                           ,MASIDE,PP,03/07/1999,14/06/2003
Galicia,Ourense                                           ,MASIDE,PP,14/06/2003,
Galicia,"Coruña, A                                         ",MAZARICOS,PP,03/07/1999,14/06/2003
Galicia,"Coruña, A                                         ",MAZARICOS,PP,14/06/2003,
Galicia,"Coruña, A                                         ",MAÑON,PP,03/07/1999,
Galicia,"Coruña, A                                         ",MAÑÓN,PP,14/06/2003,
Galicia,Pontevedra                                        ,MEAÑO,IND,03/07/1999,14/06/2003
Galicia,Pontevedra                                        ,MEAÑO,PP,14/06/2003,
Galicia,Lugo                                              ,MEIRA,PP,03/07/1999,14/06/2003
Galicia,Lugo                                              ,MEIRA,PP,14/06/2003,
Galicia,Pontevedra                                        ,MEIS,PP,03/07/1999,14/06/2003
Galicia,Pontevedra                                        ,MEIS,PP,14/06/2003,
Galicia,"Coruña, A                                         ",MELIDE,PP,03/07/1999,14/06/2003
Galicia,"Coruña, A                                         ",MELIDE,PP,14/06/2003,19/05/2004
Galicia,"Coruña, A                                         ",MELIDE,PP,30/05/2004,
Galicia,Ourense                                           ,MELON,PP,23/07/1999,
Galicia,Ourense                                           ,MELÓN,PP,14/06/2003,23/05/2005
Galicia,Ourense                                           ,MELÓN,PP,28/05/2005,
Galicia,Ourense                                           ,MERCA (A),PP,03/07/1999,14/06/2003
Galicia,Ourense                                           ,MERCA (A),PP,14/06/2003,
Galicia,"Coruña, A                                         ",MESIA,PP,03/07/1999,
Galicia,"Coruña, A                                         ",MESÍA,IND,14/06/2003,
Galicia,Ourense                                           ,MEZQUITA (A),PP,03/07/1999,14/06/2003
Galicia,Ourense                                           ,MEZQUITA (A),PP,14/06/2003,
Galicia,"Coruña, A                                         ",MIÑO,PP,03/07/1999,14/06/2003
Galicia,"Coruña, A                                         ",MIÑO,IND,14/06/2003,
Galicia,Pontevedra                                        ,MOAÑA,PP,03/07/1999,14/06/2003
Galicia,Pontevedra                                        ,MOAÑA,BNG,14/06/2003,
Galicia,"Coruña, A                                         ",MOECHE,PP,03/07/1999,14/06/2003
Galicia,"Coruña, A                                         ",MOECHE,PP,14/06/2003,
Galicia,Pontevedra                                        ,MONDARIZ,PP,03/07/1999,28/11/2002
Galicia,Pontevedra                                        ,MONDARIZ,PP,04/12/2002,27/07/2003
Galicia,Pontevedra                                        ,MONDARIZ,PP,27/07/2003,
Galicia,Pontevedra                                        ,MONDARIZ-BALNEARIO,PP,03/07/1999,27/06/2003
Galicia,Pontevedra                                        ,MONDARIZ-BALNEARIO,PP,27/06/2003,
Galicia,Lugo                                              ,MONDOÑEDO,PP,03/07/1999,14/06/2003
Galicia,Lugo                                              ,MONDOÑEDO,PP,14/06/2003,
Galicia,"Coruña, A                                         ",MONFERO,PSOE,03/07/1999,14/06/2003
Galicia,"Coruña, A                                         ",MONFERO,PSOE,14/06/2003,
Galicia,Lugo                                              ,MONFORTE DE LEMOS,PP,18/12/1999,14/06/2003
Galicia,Lugo                                              ,MONFORTE DE LEMOS,BNG,14/06/2003,
Galicia,Ourense                                           ,MONTEDERRAMO,PP,03/07/1999,14/06/2003
Galicia,Ourense                                           ,MONTEDERRAMO,PP,14/06/2003,20/10/2006
Galicia,Ourense                                           ,MONTEDERRAMO,PP,10/11/2006,
Galicia,Ourense                                           ,MONTERREI,PP,03/07/1999,14/06/2003
Galicia,Ourense                                           ,MONTERREI,PP,14/06/2003,
Galicia,Lugo                                              ,MONTERROSO,PSOE,03/07/1999,14/06/2003
Galicia,Lugo                                              ,MONTERROSO,PSOE,14/06/2003,
Galicia,Pontevedra                                        ,MORAÑA,PSOE,03/07/1999,14/06/2003
Galicia,Pontevedra                                        ,MORAÑA,PSOE,14/06/2003,
Galicia,Pontevedra                                        ,MOS,PP,03/07/1999,14/06/2003
Galicia,Pontevedra                                        ,MOS,PSOE,14/06/2003,
Galicia,"Coruña, A                                         ",MUGARDOS,PSOE,03/07/1999,14/06/2003
Galicia,"Coruña, A                                         ",MUGARDOS,BNG,14/06/2003,
Galicia,Ourense                                           ,MUIÑOS,PP,03/07/1999,
Galicia,Lugo                                              ,MURAS,PP,03/07/1999,14/06/2003
Galicia,Lugo                                              ,MURAS,PP,14/06/2003,
Galicia,"Coruña, A                                         ",MUROS,PSOE,03/07/1999,14/06/2003
Galicia,"Coruña, A                                         ",MUROS,PSOE,14/06/2003,14/06/2004
Galicia,"Coruña, A                                         ",MUROS,PSOE,23/06/2004,
Galicia,"Coruña, A                                         ",MUXIA,PP,03/07/1999,
Galicia,"Coruña, A                                         ",MUXÍA,PP,14/06/2003,
Galicia,Ourense                                           ,MUÍÑOS,PP,14/06/2003,
Galicia,Ourense,Maceda,BNG,16/06/2007,11/06/2011
Galicia,Ourense,Maceda,BNG,11/06/2011,15/02/2012
Galicia,Ourense,Maceda,N.ADS.,15/02/2012,13/06/2015
Galicia,Ourense,Maceda,PP,13/06/2015,15/06/2019
Galicia,Ourense,Maceda,PP,15/06/2019,
Galicia,"Coruña, A",Malpica de Bergantiños,PSOE,16/06/2007,11/06/2011
Galicia,"Coruña, A",Malpica de Bergantiños,PP,11/06/2011,13/06/2015
Galicia,"Coruña, A",Malpica de Bergantiños,PP,13/06/2015,15/06/2019
Galicia,"Coruña, A",Malpica de Bergantiños,PSOE,15/06/2019,03/09/2021
Galicia,"Coruña, A",Malpica de Bergantiños,PP,03/09/2021,
Galicia,Ourense,Manzaneda,BNG,16/07/2007,14/10/2009
Galicia,Ourense,Manzaneda,BNG,23/10/2009,11/06/2011
Galicia,Ourense,Manzaneda,BNG,11/06/2011,15/02/2012
Galicia,Ourense,Manzaneda,N.ADS.,15/02/2012,13/06/2015
Galicia,Ourense,Manzaneda,OTROS,13/06/2015,29/08/2016
Galicia,Ourense,Manzaneda,OTROS,12/09/2016,15/06/2019
Galicia,Ourense,Manzaneda,PSOE,15/06/2019,
Galicia,Pontevedra,Marín,PSOE,16/06/2007,11/06/2011
Galicia,Pontevedra,Marín,PP,11/06/2011,13/06/2015
Galicia,Pontevedra,Marín,PP,13/06/2015,15/06/2019
Galicia,Pontevedra,Marín,PP,15/06/2019,
Galicia,Ourense,Maside,PSOE,16/06/2007,11/06/2011
Galicia,Ourense,Maside,PSOE,11/06/2011,13/06/2015
Galicia,Ourense,Maside,PSOE,13/06/2015,03/12/2018
Galicia,Ourense,Maside,PSOE,03/12/2018,15/06/2019
Galicia,Ourense,Maside,PSOE,15/06/2019,
Galicia,"Coruña, A",Mazaricos,PP,16/06/2007,11/06/2011
Galicia,"Coruña, A",Mazaricos,PP,11/06/2011,13/06/2015
Galicia,"Coruña, A",Mazaricos,BNG,13/06/2015,15/06/2019
Galicia,"Coruña, A",Mazaricos,BNG,15/06/2019,
Galicia,"Coruña, A",Mañón,PP,16/06/2007,11/06/2011
Galicia,"Coruña, A",Mañón,PP,11/06/2011,13/06/2015
Galicia,"Coruña, A",Mañón,PP,13/06/2015,15/06/2019
Galicia,"Coruña, A",Mañón,PP,15/06/2019,07/02/2021
Galicia,"Coruña, A",Mañón,PP,18/02/2021,
Galicia,Pontevedra,Meaño,PP,16/06/2007,11/06/2011
Galicia,Pontevedra,Meaño,PP,11/06/2011,20/11/2012
Galicia,Pontevedra,Meaño,PP,29/11/2012,13/06/2015
Galicia,Pontevedra,Meaño,PP,13/06/2015,15/06/2019
Galicia,Pontevedra,Meaño,N.ADS.,15/06/2019,
Galicia,Lugo,Meira,PSOE,16/06/2007,26/06/2007
Galicia,Lugo,Meira,OTROS,26/06/2007,11/06/2011
Galicia,Lugo,Meira,PP,11/06/2011,13/06/2015
Galicia,Lugo,Meira,PSOE,13/06/2015,15/06/2019
Galicia,Lugo,Meira,PSOE,15/06/2019,
Galicia,Pontevedra,Meis,PP,16/06/2007,11/06/2011
Galicia,Pontevedra,Meis,PP,11/06/2011,13/06/2015
Galicia,Pontevedra,Meis,PP,13/06/2015,15/06/2019
Galicia,Pontevedra,Meis,PSOE,15/06/2019,
Galicia,"Coruña, A",Melide,BNG,16/06/2007,11/06/2011
Galicia,"Coruña, A",Melide,PP,11/06/2011,13/06/2015
Galicia,"Coruña, A",Melide,PP,13/06/2015,05/10/2015
Galicia,"Coruña, A",Melide,PP,17/10/2015,15/06/2019
Galicia,"Coruña, A",Melide,OTROS,15/06/2019,
Galicia,Ourense,Melón,PP,16/06/2007,11/06/2011
Galicia,Ourense,Melón,PP,11/06/2011,13/06/2015
Galicia,Ourense,Melón,PP,13/06/2015,15/06/2019
Galicia,Ourense,Melón,PSOE,15/06/2019,
Galicia,Ourense,"Merca, A",PP,16/06/2007,11/06/2011
Galicia,Ourense,"Merca, A",PP,11/06/2011,13/06/2015
Galicia,Ourense,"Merca, A",PP,13/06/2015,15/06/2019
Galicia,Ourense,"Merca, A",PP,15/06/2019,
Galicia,"Coruña, A",Mesía,PSOE,16/06/2007,11/06/2011
Galicia,"Coruña, A",Mesía,PSOE,11/06/2011,13/06/2015
Galicia,"Coruña, A",Mesía,PSOE,13/06/2015,15/06/2019
Galicia,"Coruña, A",Mesía,PSOE,15/06/2019,
Galicia,Ourense,"Mezquita, A",PSOE,16/06/2007,11/06/2011
Galicia,Ourense,"Mezquita, A",BNG,11/06/2011,13/06/2015
Galicia,Ourense,"Mezquita, A",BNG,13/06/2015,15/06/2019
Galicia,Ourense,"Mezquita, A",BNG,15/06/2019,
Galicia,"Coruña, A",Miño,PP,16/06/2007,11/06/2011
Galicia,"Coruña, A",Miño,PP,11/06/2011,11/01/2013
Galicia,"Coruña, A",Miño,PP,16/01/2013,13/06/2015
Galicia,"Coruña, A",Miño,OTROS,13/06/2015,19/06/2015
Galicia,"Coruña, A",Miño,N.ADS.,19/06/2015,15/06/2019
Galicia,"Coruña, A",Miño,PSOE,15/06/2019,
Galicia,Pontevedra,Moaña,BNG,16/06/2007,11/06/2011
Galicia,Pontevedra,Moaña,PP,11/06/2011,13/06/2015
Galicia,Pontevedra,Moaña,BNG,13/06/2015,15/06/2019
Galicia,Pontevedra,Moaña,BNG,15/06/2019,
Galicia,"Coruña, A",Moeche,PP,16/06/2007,24/04/2008
Galicia,"Coruña, A",Moeche,PP,07/05/2008,11/06/2011
Galicia,"Coruña, A",Moeche,PP,11/06/2011,19/02/2014
Galicia,"Coruña, A",Moeche,OTROS,27/02/2014,13/06/2015
Galicia,"Coruña, A",Moeche,BNG,13/06/2015,15/06/2019
Galicia,"Coruña, A",Moeche,BNG,15/06/2019,
Galicia,Pontevedra,Mondariz,PP,16/06/2007,11/06/2011
Galicia,Pontevedra,Mondariz,PP,11/06/2011,13/06/2015
Galicia,Pontevedra,Mondariz,OTROS,13/06/2015,15/06/2019
Galicia,Pontevedra,Mondariz,BNG,15/06/2019,
Galicia,Pontevedra,Mondariz-Balneario,PP,16/06/2007,11/06/2011
Galicia,Pontevedra,Mondariz-Balneario,PP,11/06/2011,13/06/2015
Galicia,Pontevedra,Mondariz-Balneario,PP,13/06/2015,15/06/2019
Galicia,Pontevedra,Mondariz-Balneario,PP,15/06/2019,
Galicia,Lugo,Mondoñedo,BNG,16/06/2007,11/06/2011
Galicia,Lugo,Mondoñedo,BNG,11/06/2011,13/06/2015
Galicia,Lugo,Mondoñedo,PP,13/06/2015,15/06/2019
Galicia,Lugo,Mondoñedo,PP,15/06/2019,02/03/2020
Galicia,Lugo,Mondoñedo,PP,02/03/2020,
Galicia,"Coruña, A",Monfero,PSOE,16/06/2007,11/06/2011
Galicia,"Coruña, A",Monfero,IND,11/06/2011,13/06/2015
Galicia,"Coruña, A",Monfero,PSOE,13/06/2015,15/06/2019
Galicia,"Coruña, A",Monfero,PSOE,15/06/2019,
Galicia,Lugo,Monforte de Lemos,BNG,16/06/2007,11/06/2011
Galicia,Lugo,Monforte de Lemos,BNG,11/06/2011,13/06/2015
Galicia,Lugo,Monforte de Lemos,PSOE,13/06/2015,15/06/2019
Galicia,Lugo,Monforte de Lemos,PSOE,15/06/2019,
Galicia,Ourense,Montederramo,PP,16/06/2007,11/06/2011
Galicia,Ourense,Montederramo,PP,11/06/2011,13/06/2015
Galicia,Ourense,Montederramo,PP,13/06/2015,15/06/2019
Galicia,Ourense,Montederramo,PP,15/06/2019,
Galicia,Ourense,Monterrei,PP,16/06/2007,11/06/2011
Galicia,Ourense,Monterrei,PP,11/06/2011,13/06/2015
Galicia,Ourense,Monterrei,PP,13/06/2015,15/06/2019
Galicia,Ourense,Monterrei,PP,15/06/2019,
Galicia,Lugo,Monterroso,PSOE,16/06/2007,11/06/2011
Galicia,Lugo,Monterroso,PSOE,11/06/2011,13/06/2015
Galicia,Lugo,Monterroso,OTROS,13/06/2015,24/11/2016
Galicia,Lugo,Monterroso,OTROS,19/12/2016,07/05/2019
Galicia,Lugo,Monterroso,IND,07/05/2019,13/07/2020
Galicia,Lugo,Monterroso,IND,29/07/2020,
Galicia,Pontevedra,Moraña,PSOE,16/06/2007,11/06/2011
Galicia,Pontevedra,Moraña,PP,11/06/2011,13/06/2015
Galicia,Pontevedra,Moraña,PP,13/06/2015,15/06/2019
Galicia,Pontevedra,Moraña,PP,15/06/2019,23/09/2020
Galicia,Pontevedra,Moraña,PP,01/10/2020,
Galicia,Pontevedra,Mos,PSOE,16/06/2007,12/12/2008
Galicia,Pontevedra,Mos,PP,12/12/2008,11/06/2011
Galicia,Pontevedra,Mos,PP,11/06/2011,13/06/2015
Galicia,Pontevedra,Mos,PP,13/06/2015,15/06/2019
Galicia,Pontevedra,Mos,PP,15/06/2019,
Galicia,"Coruña, A",Mugardos,BNG,16/06/2007,11/06/2011
Galicia,"Coruña, A",Mugardos,BNG,11/06/2011,13/06/2015
Galicia,"Coruña, A",Mugardos,PP,13/06/2015,12/08/2016
Galicia,"Coruña, A",Mugardos,IU,12/08/2016,15/06/2019
Galicia,"Coruña, A",Mugardos,IU,15/06/2019,10/12/2019
Galicia,"Coruña, A",Mugardos,PP,10/12/2019,
Galicia,Lugo,Muras,PP,16/06/2007,11/06/2011
Galicia,Lugo,Muras,PP,11/06/2011,13/06/2015
Galicia,Lugo,Muras,BNG,13/06/2015,15/06/2019
Galicia,Lugo,Muras,BNG,15/06/2019,
Galicia,"Coruña, A",Muros,BNG,16/06/2007,11/06/2011
Galicia,"Coruña, A",Muros,PSOE,11/06/2011,13/06/2015
Galicia,"Coruña, A",Muros,OTROS,13/06/2015,15/06/2019
Galicia,"Coruña, A",Muros,PP,15/06/2019,
Galicia,"Coruña, A",Muxía,PSOE,16/06/2007,11/06/2011
Galicia,"Coruña, A",Muxía,PSOE,11/06/2011,13/06/2015
Galicia,"Coruña, A",Muxía,PSOE,13/06/2015,15/06/2019
Galicia,"Coruña, A",Muxía,PSOE,15/06/2019,
Galicia,Ourense,Muíños,PP,16/06/2007,11/06/2011
Galicia,Ourense,Muíños,PP,11/06/2011,13/06/2015
Galicia,Ourense,Muíños,PP,13/06/2015,15/06/2019
Galicia,Ourense,Muíños,PP,15/06/2019,
Galicia,"Coruña, A                                         ",NARON,IND,03/07/1999,
Galicia,"Coruña, A                                         ",NARÓN,IND,14/06/2003,
Galicia,Lugo                                              ,NAVIA DE SUARNA,PP,03/07/1999,14/06/2003
Galicia,Lugo                                              ,NAVIA DE SUARNA,PP,14/06/2003,
Galicia,"Coruña, A                                         ",NEDA,PSOE,03/07/1999,14/06/2003
Galicia,"Coruña, A                                         ",NEDA,PSOE,14/06/2003,
Galicia,"Coruña, A                                         ",NEGREIRA,PP,03/07/1999,14/06/2003
Galicia,"Coruña, A                                         ",NEGREIRA,PP,14/06/2003,
Galicia,Lugo                                              ,NEGUEIRA DE MUÑIZ,PSOE,03/07/1999,14/06/2003
Galicia,Lugo                                              ,NEGUEIRA DE MUÑIZ,PSOE,14/06/2003,
Galicia,Pontevedra                                        ,NEVES (AS),PP,03/07/1999,14/06/2003
Galicia,Pontevedra                                        ,NEVES (AS),PP,14/06/2003,
Galicia,Pontevedra                                        ,NIGRAN,PSOE,03/07/1999,
Galicia,Pontevedra                                        ,NIGRÁN,PP,14/06/2003,
Galicia,Lugo                                              ,NOGAIS (AS),PSOE,03/07/1999,14/06/2003
Galicia,Lugo                                              ,NOGAIS (AS),PSOE,14/06/2003,
Galicia,Ourense                                           ,NOGUEIRA DE RAMUIN,PP,03/07/1999,
Galicia,Ourense                                           ,NOGUEIRA DE RAMUÍN,PP,14/06/2003,
Galicia,"Coruña, A                                         ",NOIA,PSOE,03/07/1999,14/06/2003
Galicia,"Coruña, A                                         ",NOIA,PP,14/06/2003,
Galicia,"Coruña, A",Narón,OTROS,16/06/2007,20/01/2009
Galicia,"Coruña, A",Narón,OTROS,20/01/2009,11/06/2011
Galicia,"Coruña, A",Narón,OTROS,11/06/2011,13/06/2015
Galicia,"Coruña, A",Narón,OTROS,13/06/2015,23/09/2017
Galicia,"Coruña, A",Narón,OTROS,23/09/2017,15/06/2019
Galicia,"Coruña, A",Narón,OTROS,15/06/2019,
Galicia,Lugo,Navia de Suarna,PSOE,16/06/2007,11/06/2011
Galicia,Lugo,Navia de Suarna,PSOE,11/06/2011,13/06/2015
Galicia,Lugo,Navia de Suarna,PSOE,13/06/2015,15/06/2019
Galicia,Lugo,Navia de Suarna,PSOE,15/06/2019,
Galicia,"Coruña, A",Neda,OTROS,16/06/2007,11/06/2011
Galicia,"Coruña, A",Neda,PP,11/06/2011,13/06/2015
Galicia,"Coruña, A",Neda,PSOE,13/06/2015,15/06/2019
Galicia,"Coruña, A",Neda,PSOE,15/06/2019,
Galicia,"Coruña, A",Negreira,PSOE,16/06/2007,08/09/2009
Galicia,"Coruña, A",Negreira,PSOE,17/09/2009,11/06/2011
Galicia,"Coruña, A",Negreira,OTROS,11/06/2011,12/06/2013
Galicia,"Coruña, A",Negreira,PP,15/06/2013,13/06/2015
Galicia,"Coruña, A",Negreira,PSOE,13/06/2015,21/04/2017
Galicia,"Coruña, A",Negreira,PSOE,02/05/2017,16/11/2017
Galicia,"Coruña, A",Negreira,PSOE,16/11/2017,15/06/2019
Galicia,"Coruña, A",Negreira,PSOE,15/06/2019,
Galicia,Lugo,Negueira de Muñiz,PSOE,16/06/2007,11/06/2011
Galicia,Lugo,Negueira de Muñiz,PSOE,11/06/2011,13/06/2015
Galicia,Lugo,Negueira de Muñiz,PSOE,13/06/2015,15/06/2019
Galicia,Lugo,Negueira de Muñiz,PSOE,15/06/2019,
Galicia,Pontevedra,"Neves, As",PP,16/06/2007,11/06/2011
Galicia,Pontevedra,"Neves, As",PP,11/06/2011,13/06/2015
Galicia,Pontevedra,"Neves, As",BNG,13/06/2015,15/06/2019
Galicia,Pontevedra,"Neves, As",BNG,15/06/2019,
Galicia,Pontevedra,Nigrán,PSOE,16/06/2007,11/06/2011
Galicia,Pontevedra,Nigrán,PP,11/06/2011,13/06/2015
Galicia,Pontevedra,Nigrán,PSOE,13/06/2015,15/06/2019
Galicia,Pontevedra,Nigrán,PSOE,15/06/2019,
Galicia,Lugo,"Nogais, As",PSOE,16/06/2007,11/06/2011
Galicia,Lugo,"Nogais, As",PP,11/06/2011,13/06/2015
Galicia,Lugo,"Nogais, As",PP,13/06/2015,15/06/2019
Galicia,Lugo,"Nogais, As",PP,15/06/2019,
Galicia,Ourense,Nogueira de Ramuín,PP,16/06/2007,11/06/2011
Galicia,Ourense,Nogueira de Ramuín,PP,11/06/2011,13/06/2015
Galicia,Ourense,Nogueira de Ramuín,PP,13/06/2015,15/06/2019
Galicia,Ourense,Nogueira de Ramuín,PP,15/06/2019,11/03/2022
Galicia,Ourense,Nogueira de Ramuín,PP,24/03/2022,
Galicia,"Coruña, A",Noia,PSOE,16/06/2007,11/06/2011
Galicia,"Coruña, A",Noia,PSOE,11/06/2011,13/06/2015
Galicia,"Coruña, A",Noia,PSOE,13/06/2015,17/02/2016
Galicia,"Coruña, A",Noia,PP,17/02/2016,15/06/2019
Galicia,"Coruña, A",Noia,PP,15/06/2019,
Galicia,Pontevedra                                        ,OIA,PP,03/07/1999,14/06/2003
Galicia,Pontevedra                                        ,OIA,PP,14/06/2003,
Galicia,Ourense                                           ,OIMBRA,PP,03/07/1999,
Galicia,"Coruña, A                                         ",OLEIROS,IND,03/07/1999,14/06/2003
Galicia,"Coruña, A                                         ",OLEIROS,IND,14/06/2003,
Galicia,"Coruña, A                                         ",ORDES,OTROS,03/07/1999,04/07/2003
Galicia,"Coruña, A                                         ",ORDES,PP,04/07/2003,
Galicia,"Coruña, A                                         ",OROSO,PP,03/07/1999,05/04/2002
Galicia,"Coruña, A                                         ",OROSO,PSOE,05/04/2002,14/06/2003
Galicia,"Coruña, A                                         ",OROSO,OTROS,14/06/2003,
Galicia,"Coruña, A                                         ",ORTIGUEIRA,PP,03/07/1999,14/06/2003
Galicia,"Coruña, A                                         ",ORTIGUEIRA,PP,14/06/2003,
Galicia,Ourense                                           ,OURENSE,PP,23/07/1999,14/06/2003
Galicia,Ourense                                           ,OURENSE,PP,14/06/2003,
Galicia,Lugo                                              ,OUROL,PP,03/07/1999,14/06/2003
Galicia,Lugo                                              ,OUROL,PP,14/06/2003,
Galicia,Lugo                                              ,OUTEIRO DE REI,PP,03/07/1999,14/06/2003
Galicia,Lugo                                              ,OUTEIRO DE REI,PP,14/06/2003,
Galicia,"Coruña, A                                         ",OUTES,PP,03/07/1999,14/06/2003
Galicia,"Coruña, A                                         ",OUTES,PP,14/06/2003,
Galicia,"Coruña, A                                         ",OZA DOS RIOS,PP,03/07/1999,
Galicia,"Coruña, A                                         ",OZA DOS RÍOS,PP,14/06/2003,
Galicia,Pontevedra,Oia,PP,16/06/2007,11/06/2011
Galicia,Pontevedra,Oia,PP,11/06/2011,13/06/2015
Galicia,Pontevedra,Oia,PSOE,13/06/2015,12/11/2015
Galicia,Pontevedra,Oia,PP,12/11/2015,15/06/2019
Galicia,Pontevedra,Oia,PP,15/06/2019,
Galicia,"Coruña, A",Oleiros,OTROS,16/06/2007,11/06/2011
Galicia,"Coruña, A",Oleiros,OTROS,11/06/2011,13/06/2015
Galicia,"Coruña, A",Oleiros,OTROS,13/06/2015,15/06/2019
Galicia,"Coruña, A",Oleiros,OTROS,15/06/2019,
Galicia,"Coruña, A",Ordes,OTROS,16/06/2007,11/06/2011
Galicia,"Coruña, A",Ordes,OTROS,11/06/2011,03/07/2015
Galicia,"Coruña, A",Ordes,PP,03/07/2015,15/06/2019
Galicia,"Coruña, A",Ordes,PP,15/06/2019,
Galicia,"Coruña, A",Oroso,PSOE,16/06/2007,11/06/2011
Galicia,"Coruña, A",Oroso,PSOE,11/06/2011,13/06/2015
Galicia,"Coruña, A",Oroso,PSOE,13/06/2015,15/06/2019
Galicia,"Coruña, A",Oroso,PSOE,15/06/2019,10/05/2021
Galicia,"Coruña, A",Oroso,PSOE,25/05/2021,
Galicia,"Coruña, A",Ortigueira,PP,16/06/2007,11/10/2007
Galicia,"Coruña, A",Ortigueira,PP,20/10/2007,11/06/2011
Galicia,"Coruña, A",Ortigueira,PP,11/06/2011,13/06/2015
Galicia,"Coruña, A",Ortigueira,PSOE,13/06/2015,15/06/2019
Galicia,"Coruña, A",Ortigueira,PSOE,15/06/2019,
Galicia,Ourense,Ourense,PSOE,16/06/2007,11/06/2011
Galicia,Ourense,Ourense,PSOE,11/06/2011,29/09/2012
Galicia,Ourense,Ourense,PSOE,10/10/2012,13/06/2015
Galicia,Ourense,Ourense,PP,13/06/2015,15/06/2019
Galicia,Ourense,Ourense,OTROS,15/06/2019,
Galicia,Lugo,Ourol,PP,16/06/2007,11/06/2011
Galicia,Lugo,Ourol,PP,11/06/2011,13/06/2015
Galicia,Lugo,Ourol,PSOE,13/06/2015,15/06/2019
Galicia,Lugo,Ourol,PSOE,15/06/2019,
Galicia,Lugo,Outeiro de Rei,PP,16/06/2007,11/06/2011
Galicia,Lugo,Outeiro de Rei,PP,11/06/2011,13/06/2015
Galicia,Lugo,Outeiro de Rei,PP,13/06/2015,15/06/2019
Galicia,Lugo,Outeiro de Rei,PP,15/06/2019,
Galicia,"Coruña, A",Outes,PP,16/06/2007,11/06/2011
Galicia,"Coruña, A",Outes,PP,11/06/2011,13/06/2015
Galicia,"Coruña, A",Outes,PP,13/06/2015,22/08/2016
Galicia,"Coruña, A",Outes,PP,25/08/2016,15/06/2019
Galicia,"Coruña, A",Outes,OTROS,15/06/2019,
Galicia,"Coruña, A",Oza dos Ríos,PP,16/06/2007,11/06/2011
Galicia,"Coruña, A",Oza dos Ríos,PP,11/06/2011,14/06/2013
Galicia,"Coruña, A",Oza-Cesuras,C.GEST.,14/06/2013,13/06/2015
Galicia,"Coruña, A",Oza-Cesuras,PP,13/06/2015,15/06/2019
Galicia,"Coruña, A",Oza-Cesuras,PP,15/06/2019,
Galicia,Ourense                                           ,OÍMBRA,PP,14/06/2003,
Galicia,Ourense,Oímbra,PP,16/06/2007,11/06/2011
Galicia,Ourense,Oímbra,PP,11/06/2011,13/06/2015
Galicia,Ourense,Oímbra,PP,13/06/2015,15/06/2019
Galicia,Ourense,Oímbra,PP,15/06/2019,
Galicia,"Coruña, A                                         ",PADERNE,PSOE,03/07/1999,14/06/2003
Galicia,"Coruña, A                                         ",PADERNE,PSOE,14/06/2003,
Galicia,Ourense                                           ,PADERNE DE ALLARIZ,PP,03/07/1999,14/06/2003
Galicia,Ourense                                           ,PADERNE DE ALLARIZ,PP,14/06/2003,
Galicia,Ourense                                           ,PADRENDA,PP,03/07/1999,14/06/2003
Galicia,Ourense                                           ,PADRENDA,PP,14/06/2003,
Galicia,"Coruña, A                                         ",PADRON,PP,03/07/1999,
Galicia,"Coruña, A                                         ",PADRÓN,PP,14/06/2003,
Galicia,Lugo                                              ,PALAS DE REI,PP,03/07/1999,14/06/2003
Galicia,Lugo                                              ,PALAS DE REI,PP,14/06/2003,
Galicia,Lugo                                              ,PANTON,PP,03/07/1999,
Galicia,Lugo                                              ,PANTÓN,PP,14/06/2003,
Galicia,Ourense                                           ,PARADA DE SIL,PP,03/07/1999,14/06/2003
Galicia,Ourense                                           ,PARADA DE SIL,PP,14/06/2003,
Galicia,Lugo                                              ,PARADELA,PP,03/07/1999,14/06/2003
Galicia,Lugo                                              ,PARADELA,PP,14/06/2003,
Galicia,Lugo                                              ,PARAMO (O),PP,03/07/1999,
Galicia,Lugo                                              ,PASTORIZA (A),PP,03/07/1999,14/06/2003
Galicia,Lugo                                              ,PASTORIZA (A),PP,14/06/2003,
Galicia,Pontevedra                                        ,PAZOS DE BORBEN,PP,03/07/1999,
Galicia,Pontevedra                                        ,PAZOS DE BORBÉN,PP,14/06/2003,
Galicia,Lugo                                              ,PEDRAFITA DO CEBREIRO,PSOE,03/07/1999,14/06/2003
Galicia,Lugo                                              ,PEDRAFITA DO CEBREIRO,PSOE,14/06/2003,
Galicia,Ourense                                           ,PEREIRO DE AGUIAR (O),PP,03/07/1999,14/06/2003
Galicia,Ourense                                           ,PEREIRO DE AGUIAR (O),PP,14/06/2003,
Galicia,Ourense                                           ,PEROXA (A),PP,03/07/1999,14/06/2003
Galicia,Ourense                                           ,PEROXA (A),PP,14/06/2003,
Galicia,Ourense                                           ,PETIN,PSOE,03/07/1999,
Galicia,Ourense                                           ,PETÍN,PSOE,14/06/2003,
Galicia,"Coruña, A                                         ",PINO (O),PP,03/07/1999,14/06/2003
Galicia,"Coruña, A                                         ",PINO (O),PP,14/06/2003,
Galicia,Ourense                                           ,PIÑOR,PP,03/07/1999,14/06/2003
Galicia,Ourense                                           ,PIÑOR,PSOE,14/06/2003,
Galicia,Lugo                                              ,POBRA DE BROLLON (A),PP,03/07/1999,
Galicia,Ourense                                           ,POBRA DE TRIVES (A),PP,03/07/1999,14/06/2003
Galicia,Ourense                                           ,POBRA DE TRIVES (A),PP,14/06/2003,
Galicia,Lugo                                              ,POBRA DO BROLLÓN (A),PP,14/06/2003,21/04/2004
Galicia,Lugo                                              ,POBRA DO BROLLÓN (A),PP,26/04/2004,
Galicia,"Coruña, A                                         ",POBRA DO CARAMIÑAL (A),PP,03/07/1999,14/06/2003
Galicia,"Coruña, A                                         ",POBRA DO CARAMIÑAL (A),PP,14/06/2003,
Galicia,Pontevedra                                        ,POIO,BNG,13/07/1999,14/06/2003
Galicia,Pontevedra                                        ,POIO,BNG,14/06/2003,
Galicia,Lugo                                              ,POL,PP,03/07/1999,14/06/2003
Galicia,Lugo                                              ,POL,PP,14/06/2003,
Galicia,Pontevedra                                        ,PONTE CALDELAS,PP,14/06/2003,
Galicia,Pontevedra                                        ,PONTE-CALDELAS,PP,03/07/1999,
Galicia,Pontevedra                                        ,PONTEAREAS,OTROS,03/07/1999,12/09/2000
Galicia,Pontevedra                                        ,PONTEAREAS,OTROS,15/09/2000,14/06/2003
Galicia,Pontevedra                                        ,PONTEAREAS,PSOE,14/06/2003,13/05/2004
Galicia,Pontevedra                                        ,PONTEAREAS,PP,13/05/2004,
Galicia,"Coruña, A                                         ",PONTECESO,PP,03/07/1999,14/06/2003
Galicia,"Coruña, A                                         ",PONTECESO,PP,14/06/2003,
Galicia,Pontevedra                                        ,PONTECESURES,BNG,03/07/1999,14/06/2003
Galicia,Pontevedra                                        ,PONTECESURES,BNG,14/06/2003,
Galicia,"Coruña, A                                         ",PONTEDEUME,PSOE,03/07/1999,14/06/2003
Galicia,"Coruña, A                                         ",PONTEDEUME,PSOE,14/06/2003,
Galicia,Ourense                                           ,PONTEDEVA,PP,03/07/1999,04/07/2003
Galicia,Ourense                                           ,PONTEDEVA,PP,04/07/2003,
Galicia,Lugo                                              ,PONTENOVA (A),PP,03/07/1999,14/06/2003
Galicia,Lugo                                              ,PONTENOVA (A),PP,14/06/2003,
Galicia,"Coruña, A                                         ",PONTES DE GARCIA RODRIGUEZ (AS),BNG,03/07/1999,
Galicia,"Coruña, A                                         ",PONTES DE GARCÍA RODRÍGUEZ (AS),BNG,14/06/2003,
Galicia,Pontevedra                                        ,PONTEVEDRA,BNG,03/07/1999,14/06/2003
Galicia,Pontevedra                                        ,PONTEVEDRA,BNG,14/06/2003,
Galicia,Ourense                                           ,PORQUEIRA,PP,03/07/1999,14/06/2003
Galicia,Ourense                                           ,PORQUEIRA,OTROS,14/06/2003,
Galicia,Pontevedra                                        ,PORRIÑO (O),PP,03/07/1999,14/06/2003
Galicia,Pontevedra                                        ,PORRIÑO (O),BNG,14/06/2003,
Galicia,Pontevedra                                        ,PORTAS,PP,03/07/1999,14/06/2003
Galicia,Pontevedra                                        ,PORTAS,PP,14/06/2003,
Galicia,"Coruña, A                                         ",PORTO DO SON,PSOE,03/07/1999,14/06/2003
Galicia,"Coruña, A                                         ",PORTO DO SON,PSOE,14/06/2003,
Galicia,Lugo                                              ,PORTOMARIN,PP,03/07/1999,
Galicia,Lugo                                              ,PORTOMARÍN,PP,14/06/2003,
Galicia,Ourense                                           ,PUNXIN,PP,03/07/1999,
Galicia,Ourense                                           ,PUNXÍN,PP,14/06/2003,
Galicia,"Coruña, A",Paderne,PSOE,16/06/2007,11/06/2011
Galicia,"Coruña, A",Paderne,PSOE,11/06/2011,13/06/2015
Galicia,"Coruña, A",Paderne,PSOE,13/06/2015,15/06/2019
Galicia,"Coruña, A",Paderne,PSOE,15/06/2019,
Galicia,Ourense,Paderne de Allariz,PP,16/06/2007,11/06/2011
Galicia,Ourense,Paderne de Allariz,PP,11/06/2011,13/06/2015
Galicia,Ourense,Paderne de Allariz,PP,13/06/2015,15/06/2019
Galicia,Ourense,Paderne de Allariz,PP,15/06/2019,23/01/2023
Galicia,Ourense,Paderne de Allariz,PP,23/01/2023,
Galicia,Ourense,Padrenda,PP,16/06/2007,11/06/2011
Galicia,Ourense,Padrenda,PP,11/06/2011,13/06/2015
Galicia,Ourense,Padrenda,PP,13/06/2015,15/06/2019
Galicia,Ourense,Padrenda,PP,15/06/2019,
Galicia,"Coruña, A",Padrón,PSOE,16/06/2007,11/06/2011
Galicia,"Coruña, A",Padrón,PP,11/06/2011,13/06/2015
Galicia,"Coruña, A",Padrón,PP,13/06/2015,15/06/2019
Galicia,"Coruña, A",Padrón,PP,15/06/2019,
Galicia,Lugo,Palas de Rei,PP,16/06/2007,11/06/2011
Galicia,Lugo,Palas de Rei,PP,11/06/2011,13/06/2015
Galicia,Lugo,Palas de Rei,PP,13/06/2015,15/06/2019
Galicia,Lugo,Palas de Rei,PP,15/06/2019,
Galicia,Lugo,Pantón,PP,16/06/2007,11/06/2011
Galicia,Lugo,Pantón,PP,11/06/2011,13/06/2015
Galicia,Lugo,Pantón,PP,13/06/2015,15/06/2019
Galicia,Lugo,Pantón,PP,15/06/2019,
Galicia,Ourense,Parada de Sil,PSOE,16/06/2007,11/06/2011
Galicia,Ourense,Parada de Sil,PSOE,11/06/2011,13/06/2015
Galicia,Ourense,Parada de Sil,PSOE,13/06/2015,15/06/2019
Galicia,Ourense,Parada de Sil,PSOE,15/06/2019,
Galicia,Lugo,Paradela,PP,16/06/2007,11/06/2011
Galicia,Lugo,Paradela,PP,11/06/2011,13/06/2015
Galicia,Lugo,Paradela,PP,13/06/2015,15/06/2019
Galicia,Lugo,Paradela,PP,15/06/2019,
Galicia,Lugo,"Pastoriza, A",PSOE,16/06/2007,11/06/2011
Galicia,Lugo,"Pastoriza, A",PSOE,11/06/2011,13/06/2015
Galicia,Lugo,"Pastoriza, A",PSOE,13/06/2015,15/06/2019
Galicia,Lugo,"Pastoriza, A",PSOE,15/06/2019,
Galicia,Pontevedra,Pazos de Borbén,PP,16/06/2007,11/06/2011
Galicia,Pontevedra,Pazos de Borbén,PP,11/06/2011,13/06/2015
Galicia,Pontevedra,Pazos de Borbén,PP,13/06/2015,15/06/2019
Galicia,Pontevedra,Pazos de Borbén,PP,15/06/2019,
Galicia,Lugo,Pedrafita do Cebreiro,PSOE,16/06/2007,11/06/2011
Galicia,Lugo,Pedrafita do Cebreiro,PSOE,11/06/2011,01/04/2014
Galicia,Lugo,Pedrafita do Cebreiro,N.ADS.,01/04/2014,13/06/2015
Galicia,Lugo,Pedrafita do Cebreiro,PSOE,13/06/2015,15/06/2019
Galicia,Lugo,Pedrafita do Cebreiro,PSOE,15/06/2019,
Galicia,Ourense,"Pereiro de Aguiar, O",PP,16/06/2007,11/06/2011
Galicia,Ourense,"Pereiro de Aguiar, O",PP,11/06/2011,13/06/2015
Galicia,Ourense,"Pereiro de Aguiar, O",PP,13/06/2015,15/06/2019
Galicia,Ourense,"Pereiro de Aguiar, O",PP,15/06/2019,
Galicia,Ourense,"Peroxa, A",PP,16/06/2007,11/06/2011
Galicia,Ourense,"Peroxa, A",PP,11/06/2011,13/06/2015
Galicia,Ourense,"Peroxa, A",PP,13/06/2015,15/06/2019
Galicia,Ourense,"Peroxa, A",PP,15/06/2019,
Galicia,Ourense,Petín,PSOE,16/06/2007,11/06/2011
Galicia,Ourense,Petín,PSOE,11/06/2011,13/06/2015
Galicia,Ourense,Petín,PSOE,13/06/2015,15/06/2019
Galicia,Ourense,Petín,PSOE,15/06/2019,
Galicia,"Coruña, A","Pino, O",PP,16/06/2007,11/06/2011
Galicia,"Coruña, A","Pino, O",PP,11/06/2011,13/06/2015
Galicia,"Coruña, A","Pino, O",PP,13/06/2015,15/06/2019
Galicia,"Coruña, A","Pino, O",PP,15/06/2019,
Galicia,Ourense,Piñor,PSOE,16/06/2007,11/06/2011
Galicia,Ourense,Piñor,PSOE,11/06/2011,13/06/2015
Galicia,Ourense,Piñor,PP,13/06/2015,15/06/2019
Galicia,Ourense,Piñor,PP,15/06/2019,
Galicia,Ourense,"Pobra de Trives, A",OTROS,16/06/2007,30/06/2008
Galicia,Ourense,"Pobra de Trives, A",PP,30/06/2008,11/06/2011
Galicia,Ourense,"Pobra de Trives, A",IND,11/06/2011,13/06/2015
Galicia,Ourense,"Pobra de Trives, A",OTROS,13/06/2015,21/12/2017
Galicia,Ourense,"Pobra de Trives, A",OTROS,28/12/2017,15/06/2019
Galicia,Ourense,"Pobra de Trives, A",PSOE,15/06/2019,
Galicia,Lugo,"Pobra do Brollón, A",BNG,16/06/2007,11/06/2011
Galicia,Lugo,"Pobra do Brollón, A",BNG,11/06/2011,13/06/2015
Galicia,Lugo,"Pobra do Brollón, A",BNG,13/06/2015,15/06/2019
Galicia,Lugo,"Pobra do Brollón, A",BNG,15/06/2019,
Galicia,"Coruña, A","Pobra do Caramiñal, A",PP,16/06/2007,11/06/2011
Galicia,"Coruña, A","Pobra do Caramiñal, A",PP,11/06/2011,13/06/2015
Galicia,"Coruña, A","Pobra do Caramiñal, A",OTROS,13/06/2015,15/06/2019
Galicia,"Coruña, A","Pobra do Caramiñal, A",OTROS,15/06/2019,
Galicia,Pontevedra,Poio,BNG,16/06/2007,11/06/2011
Galicia,Pontevedra,Poio,BNG,11/06/2011,13/06/2015
Galicia,Pontevedra,Poio,BNG,13/06/2015,15/06/2019
Galicia,Pontevedra,Poio,BNG,15/06/2019,
Galicia,Lugo,Pol,PSOE,16/06/2007,11/06/2011
Galicia,Lugo,Pol,PSOE,11/06/2011,13/06/2015
Galicia,Lugo,Pol,PSOE,13/06/2015,15/06/2019
Galicia,Lugo,Pol,PSOE,15/06/2019,
Galicia,Pontevedra,Ponte Caldelas,PP,16/06/2007,11/06/2011
Galicia,Pontevedra,Ponte Caldelas,PP,11/06/2011,13/06/2015
Galicia,Pontevedra,Ponte Caldelas,PSOE,13/06/2015,15/06/2019
Galicia,Pontevedra,Ponte Caldelas,PSOE,15/06/2019,
Galicia,Pontevedra,Ponteareas,PP,16/06/2007,11/06/2011
Galicia,Pontevedra,Ponteareas,PP,11/06/2011,13/06/2015
Galicia,Pontevedra,Ponteareas,BNG,13/06/2015,15/06/2019
Galicia,Pontevedra,Ponteareas,BNG,15/06/2019,11/05/2021
Galicia,Pontevedra,Ponteareas,BNG,22/05/2021,
Galicia,"Coruña, A",Ponteceso,PP,16/06/2007,11/06/2011
Galicia,"Coruña, A",Ponteceso,PP,11/06/2011,13/06/2015
Galicia,"Coruña, A",Ponteceso,PSOE,13/06/2015,15/06/2019
Galicia,"Coruña, A",Ponteceso,PSOE,15/06/2019,
Galicia,Pontevedra,Pontecesures,OTROS,16/06/2007,11/06/2011
Galicia,Pontevedra,Pontecesures,BNG,11/06/2011,13/06/2015
Galicia,Pontevedra,Pontecesures,BNG,13/06/2015,09/05/2016
Galicia,Pontevedra,Pontecesures,PP,09/05/2016,15/06/2019
Galicia,Pontevedra,Pontecesures,PP,15/06/2019,
Galicia,"Coruña, A",Pontedeume,PP,16/06/2007,11/06/2011
Galicia,"Coruña, A",Pontedeume,PP,11/06/2011,13/06/2015
Galicia,"Coruña, A",Pontedeume,PSOE,13/06/2015,15/06/2019
Galicia,"Coruña, A",Pontedeume,PSOE,15/06/2019,
Galicia,Ourense,Pontedeva,PP,16/06/2007,11/06/2011
Galicia,Ourense,Pontedeva,PP,11/06/2011,13/06/2015
Galicia,Ourense,Pontedeva,PP,13/06/2015,15/06/2019
Galicia,Ourense,Pontedeva,PP,15/06/2019,
Galicia,Lugo,"Pontenova, A",PSOE,16/06/2007,11/06/2011
Galicia,Lugo,"Pontenova, A",PSOE,11/06/2011,13/06/2015
Galicia,Lugo,"Pontenova, A",PSOE,13/06/2015,15/06/2019
Galicia,Lugo,"Pontenova, A",PSOE,15/06/2019,
Galicia,"Coruña, A","Pontes de García Rodríguez, As",PSOE,16/06/2007,11/06/2011
Galicia,"Coruña, A","Pontes de García Rodríguez, As",PSOE,11/06/2011,13/06/2015
Galicia,"Coruña, A","Pontes de García Rodríguez, As",PSOE,13/06/2015,15/06/2019
Galicia,"Coruña, A","Pontes de García Rodríguez, As",PSOE,15/06/2019,
Galicia,Pontevedra,Pontevedra,BNG,16/06/2007,11/06/2011
Galicia,Pontevedra,Pontevedra,BNG,11/06/2011,13/06/2015
Galicia,Pontevedra,Pontevedra,BNG,13/06/2015,15/06/2019
Galicia,Pontevedra,Pontevedra,BNG,15/06/2019,
Galicia,Ourense,Porqueira,PP,16/06/2007,11/06/2011
Galicia,Ourense,Porqueira,PP,11/06/2011,13/06/2015
Galicia,Ourense,Porqueira,PP,13/06/2015,15/06/2019
Galicia,Ourense,Porqueira,PP,15/06/2019,
Galicia,Pontevedra,"Porriño, O",BNG,16/06/2007,01/02/2010
Galicia,Pontevedra,"Porriño, O",OTROS,01/02/2010,11/06/2011
Galicia,Pontevedra,"Porriño, O",PP,11/06/2011,13/06/2015
Galicia,Pontevedra,"Porriño, O",PSOE,13/06/2015,15/06/2019
Galicia,Pontevedra,"Porriño, O",PSOE,15/06/2019,02/12/2021
Galicia,Pontevedra,"Porriño, O",PP,23/12/2021,
Galicia,Pontevedra,Portas,PP,16/06/2007,11/06/2011
Galicia,Pontevedra,Portas,PP,11/06/2011,13/06/2015
Galicia,Pontevedra,Portas,PP,13/06/2015,15/06/2019
Galicia,Pontevedra,Portas,PP,15/06/2019,
Galicia,"Coruña, A",Porto do Son,PP,16/06/2007,18/11/2009
Galicia,"Coruña, A",Porto do Son,PSOE,18/11/2009,11/06/2011
Galicia,"Coruña, A",Porto do Son,PP,11/06/2011,13/06/2015
Galicia,"Coruña, A",Porto do Son,PP,13/06/2015,15/06/2019
Galicia,"Coruña, A",Porto do Son,PP,15/06/2019,
Galicia,Lugo,Portomarín,PSOE,16/06/2007,11/06/2011
Galicia,Lugo,Portomarín,PP,11/06/2011,13/06/2015
Galicia,Lugo,Portomarín,PP,13/06/2015,15/06/2019
Galicia,Lugo,Portomarín,PP,15/06/2019,29/10/2021
Galicia,Lugo,Portomarín,PP,06/11/2021,
Galicia,Ourense,Punxín,PSOE,16/06/2007,11/06/2011
Galicia,Ourense,Punxín,PP,11/06/2011,13/06/2015
Galicia,Ourense,Punxín,PP,13/06/2015,15/06/2019
Galicia,Ourense,Punxín,PP,15/06/2019,
Galicia,Lugo                                              ,PÁRAMO (O),PP,14/06/2003,
Galicia,Lugo,"Páramo, O",PP,16/06/2007,11/06/2011
Galicia,Lugo,"Páramo, O",PP,11/06/2011,13/06/2015
Galicia,Lugo,"Páramo, O",PP,13/06/2015,15/06/2019
Galicia,Lugo,"Páramo, O",OTROS,15/06/2019,
Galicia,Ourense                                           ,QUINTELA DE LEIRADO,PP,03/07/1999,10/07/2003
Galicia,Ourense                                           ,QUINTELA DE LEIRADO,PP,10/07/2003,
Galicia,Lugo                                              ,QUIROGA,PP,03/07/1999,14/06/2003
Galicia,Lugo                                              ,QUIROGA,PP,14/06/2003,
Galicia,Ourense,Quintela de Leirado,PP,16/06/2007,11/06/2011
Galicia,Ourense,Quintela de Leirado,PP,11/06/2011,13/06/2015
Galicia,Ourense,Quintela de Leirado,PP,13/06/2015,15/06/2019
Galicia,Ourense,Quintela de Leirado,PP,15/06/2019,
Galicia,Lugo,Quiroga,PP,16/06/2007,11/06/2011
Galicia,Lugo,Quiroga,PP,11/06/2011,13/06/2015
Galicia,Lugo,Quiroga,PP,13/06/2015,15/06/2019
Galicia,Lugo,Quiroga,PP,15/06/2019,
Galicia,Lugo                                              ,RABADE,IND,03/07/1999,
Galicia,Ourense                                           ,RAIRIZ DE VEIGA,BNG,03/07/1999,14/06/2003
Galicia,Ourense                                           ,RAIRIZ DE VEIGA,BNG,14/06/2003,
Galicia,Ourense                                           ,RAMIRAS,PP,03/07/1999,
Galicia,Ourense                                           ,RAMIRÁS,PP,14/06/2003,
Galicia,Pontevedra                                        ,REDONDELA,PSOE,03/07/1999,14/06/2003
Galicia,Pontevedra                                        ,REDONDELA,PSOE,14/06/2003,
Galicia,"Coruña, A                                         ",RIANXO,PSOE,03/07/1999,14/06/2003
Galicia,"Coruña, A                                         ",RIANXO,PSOE,14/06/2003,
Galicia,Ourense                                           ,RIBADAVIA,PP,03/07/1999,14/06/2003
Galicia,Ourense                                           ,RIBADAVIA,PSOE,14/06/2003,
Galicia,Lugo                                              ,RIBADEO,PP,03/07/1999,14/06/2003
Galicia,Lugo                                              ,RIBADEO,PSOE,14/06/2003,
Galicia,Pontevedra                                        ,RIBADUMIA,PP,03/07/1999,22/05/2001
Galicia,Pontevedra                                        ,RIBADUMIA,PP,01/06/2001,04/07/2003
Galicia,Pontevedra                                        ,RIBADUMIA,PP,04/07/2003,
Galicia,Lugo                                              ,RIBAS DE SIL,PSOE,03/07/1999,14/06/2003
Galicia,Lugo                                              ,RIBAS DE SIL,PSOE,14/06/2003,
Galicia,"Coruña, A                                         ",RIBEIRA,PP,03/07/1999,14/06/2003
Galicia,"Coruña, A                                         ",RIBEIRA,PP,14/06/2003,
Galicia,Lugo                                              ,RIBEIRA DE PIQUIN,PP,03/07/1999,
Galicia,Lugo                                              ,RIBEIRA DE PIQUÍN,PP,14/06/2003,
Galicia,Ourense                                           ,RIOS,PP,03/07/1999,
Galicia,Lugo                                              ,RIOTORTO,PP,03/07/1999,14/06/2003
Galicia,Lugo                                              ,RIOTORTO,PP,14/06/2003,
Galicia,Ourense                                           ,RIÓS,PP,14/06/2003,
Galicia,Pontevedra                                        ,RODEIRO,PP,03/07/1999,14/06/2003
Galicia,Pontevedra                                        ,RODEIRO,PP,14/06/2003,
Galicia,"Coruña, A                                         ",ROIS,PP,03/07/1999,14/06/2003
Galicia,"Coruña, A                                         ",ROIS,BNG,14/06/2003,
Galicia,Pontevedra                                        ,ROSAL (O),PP,03/07/1999,14/06/2003
Galicia,Pontevedra                                        ,ROSAL (O),PP,14/06/2003,
Galicia,Ourense                                           ,RUA (A),PP,03/07/1999,27/08/2001
Galicia,Ourense                                           ,RUA (A),IND,27/08/2001,
Galicia,Ourense                                           ,RUBIA,PSOE,03/07/1999,
Galicia,Ourense                                           ,RUBIÁ,PP,14/06/2003,
Galicia,Ourense,Rairiz de Veiga,BNG,16/06/2007,11/06/2011
Galicia,Ourense,Rairiz de Veiga,PP,11/06/2011,13/06/2015
Galicia,Ourense,Rairiz de Veiga,PP,13/06/2015,15/12/2015
Galicia,Ourense,Rairiz de Veiga,PP,21/01/2016,15/06/2019
Galicia,Ourense,Rairiz de Veiga,PP,15/06/2019,
Galicia,Ourense,Ramirás,PP,16/06/2007,11/06/2011
Galicia,Ourense,Ramirás,PP,11/06/2011,13/06/2015
Galicia,Ourense,Ramirás,PP,13/06/2015,15/06/2019
Galicia,Ourense,Ramirás,PSOE,15/06/2019,
Galicia,Pontevedra,Redondela,PSOE,16/06/2007,11/06/2011
Galicia,Pontevedra,Redondela,PP,11/06/2011,13/06/2015
Galicia,Pontevedra,Redondela,PP,13/06/2015,15/06/2019
Galicia,Pontevedra,Redondela,PSOE,15/06/2019,
Galicia,"Coruña, A",Rianxo,PSOE,16/06/2007,11/06/2011
Galicia,"Coruña, A",Rianxo,BNG,11/06/2011,13/06/2015
Galicia,"Coruña, A",Rianxo,BNG,13/06/2015,15/06/2019
Galicia,"Coruña, A",Rianxo,BNG,15/06/2019,
Galicia,Ourense,Ribadavia,PSOE,16/06/2007,11/06/2011
Galicia,Ourense,Ribadavia,PSOE,11/06/2011,13/06/2015
Galicia,Ourense,Ribadavia,PSOE,13/06/2015,15/06/2019
Galicia,Ourense,Ribadavia,PP,15/06/2019,23/02/2021
Galicia,Ourense,Ribadavia,PSOE,23/02/2021,
Galicia,Lugo,Ribadeo,BNG,16/06/2007,11/06/2011
Galicia,Lugo,Ribadeo,BNG,11/06/2011,13/06/2015
Galicia,Lugo,Ribadeo,BNG,13/06/2015,15/06/2019
Galicia,Lugo,Ribadeo,BNG,15/06/2019,
Galicia,Pontevedra,Ribadumia,PP,16/06/2007,11/06/2011
Galicia,Pontevedra,Ribadumia,PP,11/06/2011,13/06/2015
Galicia,Pontevedra,Ribadumia,OTROS,13/06/2015,15/06/2019
Galicia,Pontevedra,Ribadumia,IND,15/06/2019,
Galicia,Lugo,Ribas de Sil,PSOE,16/06/2007,11/06/2011
Galicia,Lugo,Ribas de Sil,PSOE,11/06/2011,13/06/2015
Galicia,Lugo,Ribas de Sil,PSOE,13/06/2015,15/06/2019
Galicia,Lugo,Ribas de Sil,PSOE,15/06/2019,
Galicia,"Coruña, A",Ribeira,PP,16/06/2007,11/06/2011
Galicia,"Coruña, A",Ribeira,PP,11/06/2011,13/06/2015
Galicia,"Coruña, A",Ribeira,PP,13/06/2015,15/06/2019
Galicia,"Coruña, A",Ribeira,PP,15/06/2019,
Galicia,Lugo,Ribeira de Piquín,PP,16/06/2007,11/06/2011
Galicia,Lugo,Ribeira de Piquín,PP,11/06/2011,13/06/2015
Galicia,Lugo,Ribeira de Piquín,PSOE,13/06/2015,15/06/2019
Galicia,Lugo,Ribeira de Piquín,PSOE,15/06/2019,
Galicia,Lugo,Riotorto,BNG,16/06/2007,11/06/2011
Galicia,Lugo,Riotorto,BNG,11/06/2011,13/06/2015
Galicia,Lugo,Riotorto,PP,13/06/2015,15/06/2019
Galicia,Lugo,Riotorto,PP,15/06/2019,
Galicia,Ourense,Riós,PP,16/06/2007,11/06/2011
Galicia,Ourense,Riós,PP,11/06/2011,13/06/2015
Galicia,Ourense,Riós,PP,13/06/2015,15/06/2019
Galicia,Ourense,Riós,PP,15/06/2019,23/04/2022
Galicia,Ourense,Riós,PP,23/04/2022,
Galicia,Pontevedra,Rodeiro,OTROS,16/06/2007,09/06/2009
Galicia,Pontevedra,Rodeiro,PSOE,09/06/2009,11/06/2011
Galicia,Pontevedra,Rodeiro,PP,11/06/2011,13/06/2015
Galicia,Pontevedra,Rodeiro,PP,13/06/2015,15/06/2019
Galicia,Pontevedra,Rodeiro,PP,15/06/2019,11/02/2021
Galicia,Pontevedra,Rodeiro,PP,06/03/2021,
Galicia,"Coruña, A",Rois,PP,16/06/2007,11/06/2011
Galicia,"Coruña, A",Rois,PP,11/06/2011,13/06/2015
Galicia,"Coruña, A",Rois,PP,13/06/2015,15/06/2019
Galicia,"Coruña, A",Rois,PP,15/06/2019,
Galicia,Pontevedra,"Rosal, O",PP,16/06/2007,11/06/2011
Galicia,Pontevedra,"Rosal, O",PP,11/06/2011,13/06/2015
Galicia,Pontevedra,"Rosal, O",PP,13/06/2015,30/01/2018
Galicia,Pontevedra,"Rosal, O",PP,10/02/2018,15/06/2019
Galicia,Pontevedra,"Rosal, O",BNG,15/06/2019,
Galicia,Ourense,Rubiá,PP,16/06/2007,11/06/2011
Galicia,Ourense,Rubiá,PP,11/06/2011,13/06/2015
Galicia,Ourense,Rubiá,PP,13/06/2015,15/06/2019
Galicia,Ourense,Rubiá,PP,15/06/2019,
Galicia,Lugo                                              ,RÁBADE,IND,14/06/2003,
Galicia,Ourense                                           ,RÚA (A),PP,14/06/2003,01/07/2003
Galicia,Ourense                                           ,RÚA (A),IND,01/07/2003,
Galicia,Lugo,Rábade,OTROS,16/06/2007,11/06/2011
Galicia,Lugo,Rábade,IND,11/06/2011,13/06/2015
Galicia,Lugo,Rábade,OTROS,13/06/2015,15/06/2019
Galicia,Lugo,Rábade,IND,15/06/2019,
Galicia,Ourense,"Rúa, A",OTROS,16/06/2007,11/06/2009
Galicia,Ourense,"Rúa, A",PSOE,20/06/2009,11/06/2011
Galicia,Ourense,"Rúa, A",PP,11/06/2011,13/06/2015
Galicia,Ourense,"Rúa, A",BNG,13/06/2015,20/06/2017
Galicia,Ourense,"Rúa, A",PSOE,24/06/2017,15/06/2019
Galicia,Ourense,"Rúa, A",PP,15/06/2019,
Galicia,"Coruña, A                                         ",SADA,PP,03/07/1999,14/06/2003
Galicia,"Coruña, A                                         ",SADA,BNG,14/06/2003,19/01/2004
Galicia,"Coruña, A                                         ",SADA,PP,19/02/2004,
Galicia,Pontevedra                                        ,SALCEDA DE CASELAS,PP,03/07/1999,14/06/2003
Galicia,Pontevedra                                        ,SALCEDA DE CASELAS,PP,14/06/2003,
Galicia,Pontevedra                                        ,SALVATERRA DE MIÑO,PP,03/07/1999,14/06/2003
Galicia,Pontevedra                                        ,SALVATERRA DE MIÑO,PP,14/06/2003,
Galicia,Lugo                                              ,SAMOS,PP,03/07/1999,14/06/2003
Galicia,Lugo                                              ,SAMOS,PP,14/06/2003,
Galicia,Ourense                                           ,SAN AMARO,PP,03/07/1999,14/06/2003
Galicia,Ourense                                           ,SAN AMARO,PP,14/06/2003,
Galicia,Ourense                                           ,SAN CIBRAO DAS VIÑAS,PP,03/07/1999,14/06/2003
Galicia,Ourense                                           ,SAN CIBRAO DAS VIÑAS,PP,14/06/2003,
Galicia,Ourense                                           ,SAN CRISTOVO DE CEA,PP,03/07/1999,14/06/2003
Galicia,Ourense                                           ,SAN CRISTOVO DE CEA,PP,14/06/2003,
Galicia,"Coruña, A                                         ",SAN SADURNIÑO,PP,03/07/1999,14/06/2003
Galicia,"Coruña, A                                         ",SAN SADURNIÑO,PP,14/06/2003,
Galicia,Ourense                                           ,SAN XOAN DE RIO,PP,03/07/1999,
Galicia,Ourense                                           ,SAN XOÁN DE RÍO,IND,04/07/2003,
Galicia,Ourense                                           ,SANDIAS,PP,03/07/1999,
Galicia,Ourense                                           ,SANDIÁS,PP,14/06/2003,
Galicia,"Coruña, A                                         ",SANTA COMBA,PP,03/07/1999,14/06/2003
Galicia,"Coruña, A                                         ",SANTA COMBA,PP,14/06/2003,
Galicia,"Coruña, A                                         ",SANTIAGO DE COMPOSTELA,PSOE,03/07/1999,14/06/2003
Galicia,"Coruña, A                                         ",SANTIAGO DE COMPOSTELA,PSOE,14/06/2003,
Galicia,"Coruña, A                                         ",SANTISO,PP,03/07/1999,14/06/2003
Galicia,"Coruña, A                                         ",SANTISO,PP,14/06/2003,
Galicia,Pontevedra                                        ,SANXENXO,PP,03/07/1999,14/06/2003
Galicia,Pontevedra                                        ,SANXENXO,PP,14/06/2003,
Galicia,Ourense                                           ,SARREAUS,PP,03/07/1999,14/06/2003
Galicia,Ourense                                           ,SARREAUS,PP,14/06/2003,
Galicia,Lugo                                              ,SARRIA,PSOE,03/07/1999,14/06/2003
Galicia,Lugo                                              ,SARRIA,IND,14/06/2003,
Galicia,Lugo                                              ,SAVIÑAO (O),PP,03/07/1999,14/06/2003
Galicia,Lugo                                              ,SAVIÑAO (O),PP,14/06/2003,
Galicia,Pontevedra                                        ,SILLEDA,PP,03/07/1999,04/07/2003
Galicia,Pontevedra                                        ,SILLEDA,PP,04/07/2003,
Galicia,Lugo                                              ,SOBER,PP,03/07/1999,14/06/2003
Galicia,Lugo                                              ,SOBER,PP,14/06/2003,
Galicia,"Coruña, A                                         ",SOBRADO,PP,14/06/2003,
Galicia,"Coruña, A                                         ",SOBRADO DOS MONXES,PP,03/07/1999,
Galicia,"Coruña, A                                         ",SOMOZAS (AS),PP,03/07/1999,14/06/2003
Galicia,"Coruña, A                                         ",SOMOZAS (AS),PP,14/06/2003,
Galicia,Pontevedra                                        ,SOUTOMAIOR,PP,03/07/1999,14/06/2003
Galicia,Pontevedra                                        ,SOUTOMAIOR,PP,14/06/2003,
Galicia,"Coruña, A",Sada,BNG,16/06/2007,11/06/2011
Galicia,"Coruña, A",Sada,PP,11/06/2011,13/06/2015
Galicia,"Coruña, A",Sada,OTROS,13/06/2015,15/06/2019
Galicia,"Coruña, A",Sada,OTROS,15/06/2019,18/11/2022
Galicia,"Coruña, A",Sada,OTROS,18/11/2022,
Galicia,Pontevedra,Salceda de Caselas,BNG,16/06/2007,11/06/2011
Galicia,Pontevedra,Salceda de Caselas,BNG,11/06/2011,26/04/2013
Galicia,Pontevedra,Salceda de Caselas,N.ADS.,26/04/2013,13/06/2015
Galicia,Pontevedra,Salceda de Caselas,OTROS,13/06/2015,15/06/2019
Galicia,Pontevedra,Salceda de Caselas,OTROS,15/06/2019,14/06/2021
Galicia,Pontevedra,Salceda de Caselas,PSOE,15/06/2021,
Galicia,Pontevedra,Salvaterra de Miño,PP,16/06/2007,11/06/2011
Galicia,Pontevedra,Salvaterra de Miño,PP,11/06/2011,13/06/2015
Galicia,Pontevedra,Salvaterra de Miño,PP,13/06/2015,15/06/2019
Galicia,Pontevedra,Salvaterra de Miño,PP,15/06/2019,
Galicia,Lugo,Samos,PSOE,16/06/2007,11/06/2011
Galicia,Lugo,Samos,PSOE,11/06/2011,13/06/2015
Galicia,Lugo,Samos,PSOE,13/06/2015,15/06/2019
Galicia,Lugo,Samos,N.ADS.,15/06/2019,
Galicia,Ourense,San Amaro,PP,16/06/2007,11/06/2011
Galicia,Ourense,San Amaro,PP,11/06/2011,13/06/2015
Galicia,Ourense,San Amaro,PP,13/06/2015,03/12/2018
Galicia,Ourense,San Amaro,PP,11/12/2018,15/06/2019
Galicia,Ourense,San Amaro,PSOE,15/06/2019,17/09/2019
Galicia,Ourense,San Amaro,PSOE,06/11/2019,30/09/2021
Galicia,Ourense,San Amaro,PP,25/10/2021,
Galicia,Ourense,San Cibrao das Viñas,PP,16/06/2007,11/06/2011
Galicia,Ourense,San Cibrao das Viñas,PP,11/06/2011,13/06/2015
Galicia,Ourense,San Cibrao das Viñas,PP,13/06/2015,15/06/2019
Galicia,Ourense,San Cibrao das Viñas,PP,15/06/2019,
Galicia,Ourense,San Cristovo de Cea,PP,16/06/2007,11/06/2011
Galicia,Ourense,San Cristovo de Cea,PP,11/06/2011,13/06/2015
Galicia,Ourense,San Cristovo de Cea,PP,13/06/2015,15/06/2019
Galicia,Ourense,San Cristovo de Cea,PP,15/06/2019,
Galicia,"Coruña, A",San Sadurniño,BNG,16/06/2007,18/06/2011
Galicia,"Coruña, A",San Sadurniño,BNG,18/06/2011,13/06/2015
Galicia,"Coruña, A",San Sadurniño,BNG,13/06/2015,15/06/2019
Galicia,"Coruña, A",San Sadurniño,BNG,15/06/2019,
Galicia,Ourense,San Xoán de Río,PSOE,16/06/2007,19/10/2009
Galicia,Ourense,San Xoán de Río,PSOE,26/10/2009,11/06/2011
Galicia,Ourense,San Xoán de Río,PP,11/06/2011,13/06/2015
Galicia,Ourense,San Xoán de Río,PSOE,13/06/2015,15/06/2019
Galicia,Ourense,San Xoán de Río,OTROS,15/06/2019,
Galicia,Ourense,Sandiás,PP,16/06/2007,11/06/2011
Galicia,Ourense,Sandiás,PP,11/06/2011,13/06/2015
Galicia,Ourense,Sandiás,OTROS,13/06/2015,15/06/2019
Galicia,Ourense,Sandiás,OTROS,15/06/2019,
Galicia,"Coruña, A",Santa Comba,PSOE,06/07/2007,25/02/2008
Galicia,"Coruña, A",Santa Comba,OTROS,25/02/2008,11/06/2011
Galicia,"Coruña, A",Santa Comba,PP,11/06/2011,08/11/2014
Galicia,"Coruña, A",Santa Comba,PP,27/11/2014,13/06/2015
Galicia,"Coruña, A",Santa Comba,PSOE,13/06/2015,26/05/2016
Galicia,"Coruña, A",Santa Comba,PP,26/05/2016,15/06/2019
Galicia,"Coruña, A",Santa Comba,CxG,15/06/2019,15/06/2021
Galicia,"Coruña, A",Santa Comba,PP,15/06/2021,
Galicia,"Coruña, A",Santiago de Compostela,PSOE,16/06/2007,11/06/2011
Galicia,"Coruña, A",Santiago de Compostela,PP,11/06/2011,16/04/2012
Galicia,"Coruña, A",Santiago de Compostela,PP,17/04/2012,08/07/2014
Galicia,"Coruña, A",Santiago de Compostela,PP,08/07/2014,13/06/2015
Galicia,"Coruña, A",Santiago de Compostela,OTROS,13/06/2015,15/06/2019
Galicia,"Coruña, A",Santiago de Compostela,PSOE,15/06/2019,
Galicia,"Coruña, A",Santiso,OTROS,16/06/2007,11/06/2011
Galicia,"Coruña, A",Santiso,PSOE,11/06/2011,09/07/2013
Galicia,"Coruña, A",Santiso,BNG,09/07/2013,13/06/2015
Galicia,"Coruña, A",Santiso,BNG,13/06/2015,15/06/2019
Galicia,"Coruña, A",Santiso,BNG,15/06/2019,
Galicia,Pontevedra,Sanxenxo,PP,16/06/2007,11/06/2011
Galicia,Pontevedra,Sanxenxo,PP,11/06/2011,13/06/2015
Galicia,Pontevedra,Sanxenxo,OTROS,13/06/2015,29/05/2017
Galicia,Pontevedra,Sanxenxo,PP,31/05/2017,15/06/2019
Galicia,Pontevedra,Sanxenxo,PP,15/06/2019,
Galicia,Ourense,Sarreaus,PP,16/06/2007,11/06/2011
Galicia,Ourense,Sarreaus,PP,11/06/2011,13/06/2015
Galicia,Ourense,Sarreaus,PP,13/06/2015,15/06/2019
Galicia,Ourense,Sarreaus,PP,15/06/2019,
Galicia,Lugo,Sarria,PSOE,16/06/2007,11/06/2011
Galicia,Lugo,Sarria,PP,11/06/2011,13/06/2015
Galicia,Lugo,Sarria,PSOE,13/06/2015,15/06/2019
Galicia,Lugo,Sarria,OTROS,15/06/2019,
Galicia,Lugo,"Saviñao, O",PP,16/06/2007,11/06/2011
Galicia,Lugo,"Saviñao, O",PP,11/06/2011,13/06/2015
Galicia,Lugo,"Saviñao, O",PP,13/06/2015,15/06/2019
Galicia,Lugo,"Saviñao, O",PP,15/06/2019,
Galicia,Pontevedra,Silleda,PSOE,16/06/2007,19/10/2009
Galicia,Pontevedra,Silleda,N.ADS.,19/10/2009,11/06/2011
Galicia,Pontevedra,Silleda,PSOE,11/06/2011,16/07/2013
Galicia,Pontevedra,Silleda,PSOE,19/07/2013,13/06/2015
Galicia,Pontevedra,Silleda,PSOE,13/06/2015,15/06/2019
Galicia,Pontevedra,Silleda,PSOE,15/06/2019,
Galicia,Lugo,Sober,PP,16/06/2007,19/01/2009
Galicia,Lugo,Sober,PP,29/01/2009,11/06/2011
Galicia,Lugo,Sober,PP,11/06/2011,13/06/2015
Galicia,Lugo,Sober,PP,13/06/2015,15/06/2019
Galicia,Lugo,Sober,PP,15/06/2019,
Galicia,"Coruña, A",Sobrado,PP,16/06/2007,11/06/2011
Galicia,"Coruña, A",Sobrado,PP,11/06/2011,13/06/2015
Galicia,"Coruña, A",Sobrado,PSOE,13/06/2015,28/03/2017
Galicia,"Coruña, A",Sobrado,OTROS,28/03/2017,12/04/2018
Galicia,"Coruña, A",Sobrado,PSOE,12/04/2018,15/06/2019
Galicia,"Coruña, A",Sobrado,PSOE,15/06/2019,
Galicia,"Coruña, A","Somozas, As",PP,16/06/2007,11/06/2011
Galicia,"Coruña, A","Somozas, As",PP,11/06/2011,19/01/2014
Galicia,"Coruña, A","Somozas, As",PP,27/01/2014,13/06/2015
Galicia,"Coruña, A","Somozas, As",PP,13/06/2015,15/06/2019
Galicia,"Coruña, A","Somozas, As",PP,15/06/2019,
Galicia,Pontevedra,Soutomaior,PP,16/06/2007,11/06/2011
Galicia,Pontevedra,Soutomaior,PP,11/06/2011,13/06/2015
Galicia,Pontevedra,Soutomaior,PP,13/06/2015,15/06/2019
Galicia,Pontevedra,Soutomaior,PP,15/06/2019,
Galicia,Lugo                                              ,TABOADA,PP,03/07/1999,14/06/2003
Galicia,Lugo                                              ,TABOADA,PP,14/06/2003,
Galicia,Ourense                                           ,TABOADELA,PP,05/07/1999,14/06/2003
Galicia,Ourense                                           ,TABOADELA,PP,14/06/2003,
Galicia,Ourense                                           ,TEIXEIRA (A),PP,03/07/1999,14/06/2003
Galicia,Ourense                                           ,TEIXEIRA (A),PP,14/06/2003,
Galicia,"Coruña, A                                         ",TEO,PP,03/07/1999,14/06/2003
Galicia,"Coruña, A                                         ",TEO,PP,14/06/2003,
Galicia,Ourense                                           ,TOEN,PP,03/07/1999,
Galicia,Pontevedra                                        ,TOMIÑO,PP,03/07/1999,14/06/2003
Galicia,Pontevedra                                        ,TOMIÑO,PP,14/06/2003,
Galicia,"Coruña, A                                         ",TOQUES,PP,03/07/1999,14/06/2003
Galicia,"Coruña, A                                         ",TOQUES,PP,14/06/2003,
Galicia,"Coruña, A                                         ",TORDOIA,PP,03/07/1999,14/06/2003
Galicia,"Coruña, A                                         ",TORDOIA,PP,14/06/2003,
Galicia,"Coruña, A                                         ",TOURO,OTROS,13/07/1999,14/06/2003
Galicia,"Coruña, A                                         ",TOURO,PP,14/06/2003,
Galicia,Ourense                                           ,TOÉN,PP,14/06/2003,
Galicia,Lugo                                              ,TRABADA,PP,03/07/1999,14/06/2003
Galicia,Lugo                                              ,TRABADA,PP,14/06/2003,
Galicia,Ourense                                           ,TRASMIRAS,PSOE,03/07/1999,14/06/2003
Galicia,Ourense                                           ,TRASMIRAS,PP,14/06/2003,17/07/2006
Galicia,Ourense                                           ,TRASMIRAS,PP,10/08/2006,
Galicia,"Coruña, A                                         ",TRAZO,PP,03/07/1999,12/01/2002
Galicia,"Coruña, A                                         ",TRAZO,PP,26/01/2002,14/06/2003
Galicia,"Coruña, A                                         ",TRAZO,PP,14/06/2003,
Galicia,Lugo                                              ,TRIACASTELA,PSOE,03/07/1999,14/06/2003
Galicia,Lugo                                              ,TRIACASTELA,PSOE,14/06/2003,
Galicia,Pontevedra                                        ,TUI,IND,03/07/1999,14/06/2003
Galicia,Pontevedra                                        ,TUI,PP,14/06/2003,
Galicia,Lugo,Taboada,PP,16/06/2007,06/07/2009
Galicia,Lugo,Taboada,PP,06/07/2009,11/06/2011
Galicia,Lugo,Taboada,PP,11/06/2011,13/06/2015
Galicia,Lugo,Taboada,PP,13/06/2015,15/06/2019
Galicia,Lugo,Taboada,PP,15/06/2019,
Galicia,Ourense,Taboadela,PP,16/06/2007,11/06/2011
Galicia,Ourense,Taboadela,PP,11/06/2011,13/06/2015
Galicia,Ourense,Taboadela,PP,13/06/2015,15/06/2019
Galicia,Ourense,Taboadela,PSOE,15/06/2019,
Galicia,Ourense,"Teixeira, A",PP,16/06/2007,11/06/2011
Galicia,Ourense,"Teixeira, A",PP,11/06/2011,13/06/2015
Galicia,Ourense,"Teixeira, A",PP,13/06/2015,15/06/2019
Galicia,Ourense,"Teixeira, A",PP,15/06/2019,
Galicia,"Coruña, A",Teo,BNG,16/06/2007,11/06/2011
Galicia,"Coruña, A",Teo,BNG,11/06/2011,01/03/2012
Galicia,"Coruña, A",Teo,N.ADS.,01/03/2012,13/06/2015
Galicia,"Coruña, A",Teo,OTROS,13/06/2015,15/06/2019
Galicia,"Coruña, A",Teo,OTROS,15/06/2019,
Galicia,Pontevedra,Tomiño,BNG,16/06/2007,11/06/2011
Galicia,Pontevedra,Tomiño,BNG,11/06/2011,13/06/2015
Galicia,Pontevedra,Tomiño,BNG,13/06/2015,15/06/2019
Galicia,Pontevedra,Tomiño,BNG,15/06/2019,
Galicia,"Coruña, A",Toques,PSOE,16/06/2007,27/07/2009
Galicia,"Coruña, A",Toques,PP,06/08/2009,11/06/2011
Galicia,"Coruña, A",Toques,PP,11/06/2011,12/09/2013
Galicia,"Coruña, A",Toques,OTROS,19/09/2013,13/06/2015
Galicia,"Coruña, A",Toques,BNG,13/06/2015,19/01/2018
Galicia,"Coruña, A",Toques,PSOE,19/01/2018,15/06/2019
Galicia,"Coruña, A",Toques,PSOE,15/06/2019,18/06/2021
Galicia,"Coruña, A",Toques,BNG,18/06/2021,
Galicia,"Coruña, A",Tordoia,PP,16/06/2007,11/06/2011
Galicia,"Coruña, A",Tordoia,PP,11/06/2011,03/07/2015
Galicia,"Coruña, A",Tordoia,PP,03/07/2015,15/06/2019
Galicia,"Coruña, A",Tordoia,PP,15/06/2019,
Galicia,"Coruña, A",Touro,PP,16/06/2007,11/06/2011
Galicia,"Coruña, A",Touro,PP,11/06/2011,13/06/2015
Galicia,"Coruña, A",Touro,PP,13/06/2015,15/06/2019
Galicia,"Coruña, A",Touro,PP,15/06/2019,
Galicia,Ourense,Toén,PP,16/06/2007,11/06/2011
Galicia,Ourense,Toén,PP,11/06/2011,13/06/2015
Galicia,Ourense,Toén,PP,13/06/2015,15/06/2019
Galicia,Ourense,Toén,PP,15/06/2019,
Galicia,Lugo,Trabada,PP,16/06/2007,11/06/2011
Galicia,Lugo,Trabada,PP,11/06/2011,13/06/2015
Galicia,Lugo,Trabada,PSOE,13/06/2015,15/06/2019
Galicia,Lugo,Trabada,PSOE,15/06/2019,
Galicia,Ourense,Trasmiras,PP,16/06/2007,11/06/2011
Galicia,Ourense,Trasmiras,PP,11/06/2011,13/06/2015
Galicia,Ourense,Trasmiras,PP,13/06/2015,15/06/2019
Galicia,Ourense,Trasmiras,PP,15/06/2019,
Galicia,"Coruña, A",Trazo,PP,16/06/2007,11/06/2011
Galicia,"Coruña, A",Trazo,PP,11/06/2011,13/06/2015
Galicia,"Coruña, A",Trazo,PP,13/06/2015,15/06/2019
Galicia,"Coruña, A",Trazo,PP,15/06/2019,
Galicia,Lugo,Triacastela,PSOE,16/06/2007,11/06/2011
Galicia,Lugo,Triacastela,PP,11/06/2011,13/06/2015
Galicia,Lugo,Triacastela,PP,13/06/2015,15/06/2019
Galicia,Lugo,Triacastela,PP,15/06/2019,
Galicia,Pontevedra,Tui,PP,16/06/2007,11/06/2011
Galicia,Pontevedra,Tui,PP,11/06/2011,13/06/2015
Galicia,Pontevedra,Tui,PSOE,13/06/2015,17/10/2017
Galicia,Pontevedra,Tui,OTROS,17/10/2017,15/06/2019
Galicia,Pontevedra,Tui,PSOE,15/06/2019,
Galicia,"Coruña, A                                         ",VAL DO DUBRA,PP,03/07/1999,14/06/2003
Galicia,"Coruña, A                                         ",VAL DO DUBRA,PP,14/06/2003,
Galicia,Lugo                                              ,VALADOURO (O),PP,03/07/1999,14/06/2003
Galicia,Lugo                                              ,VALADOURO (O),PP,14/06/2003,
Galicia,"Coruña, A                                         ",VALDOVIÑO,IND,03/07/1999,14/06/2003
Galicia,"Coruña, A                                         ",VALDOVIÑO,OTROS,14/06/2003,
Galicia,Pontevedra                                        ,VALGA,PP,03/07/1999,14/06/2003
Galicia,Pontevedra                                        ,VALGA,PP,14/06/2003,
Galicia,"Coruña, A                                         ",VEDRA,PSOE,03/07/1999,14/06/2003
Galicia,"Coruña, A                                         ",VEDRA,PSOE,14/06/2003,
Galicia,Ourense                                           ,VEIGA (A),PP,13/07/1999,14/06/2003
Galicia,Ourense                                           ,VEIGA (A),PP,14/06/2003,
Galicia,Ourense                                           ,VEREA,PSOE,03/07/1999,14/06/2003
Galicia,Ourense                                           ,VEREA,PSOE,14/06/2003,26/07/2004
Galicia,Ourense                                           ,VEREA,PP,26/07/2004,
Galicia,Ourense                                           ,VERIN,PP,03/07/1999,
Galicia,Ourense                                           ,VERÍN,PP,14/06/2003,20/04/2004
Galicia,Ourense                                           ,VERÍN,PSOE,20/04/2004,
Galicia,Ourense                                           ,VIANA DO BOLO,PSOE,03/07/1999,14/06/2003
Galicia,Ourense                                           ,VIANA DO BOLO,PP,14/06/2003,
Galicia,Lugo                                              ,VICEDO (O),IND,03/07/1999,30/01/2001
Galicia,Lugo                                              ,VICEDO (O),IND,09/02/2001,14/06/2003
Galicia,Lugo                                              ,VICEDO (O),PP,14/06/2003,
Galicia,Pontevedra                                        ,VIGO,BNG,03/07/1999,14/06/2003
Galicia,Pontevedra                                        ,VIGO,PSOE,14/06/2003,13/12/2003
Galicia,Pontevedra                                        ,VIGO,PP,13/12/2003,13/12/2003
Galicia,Pontevedra                                        ,VIGO,PP,13/12/2003,
Galicia,Pontevedra                                        ,VILA DE CRUCES,PP,03/07/1999,14/06/2003
Galicia,Pontevedra                                        ,VILA DE CRUCES,PP,14/06/2003,
Galicia,Pontevedra                                        ,VILABOA,BNG,03/07/1999,14/06/2003
Galicia,Pontevedra                                        ,VILABOA,PSOE,14/06/2003,
Galicia,Pontevedra                                        ,VILAGARCIA DE AROUSA,PSOE,03/07/1999,
Galicia,Pontevedra                                        ,VILAGARCÍA DE AROUSA,PSOE,14/06/2003,
Galicia,Lugo                                              ,VILALBA,PP,03/07/1999,14/06/2003
Galicia,Lugo                                              ,VILALBA,PP,14/06/2003,12/05/2005
Galicia,Lugo                                              ,VILALBA,PP,14/06/2003,12/05/2005
Galicia,Lugo                                              ,VILALBA,PP,18/05/2005,
Galicia,Ourense                                           ,VILAMARIN,PP,03/07/1999,
Galicia,Ourense                                           ,VILAMARTIN DE VALDEORRAS,PP,03/07/1999,
Galicia,Ourense                                           ,VILAMARTÍN DE VALDEORRAS,PP,14/06/2003,
Galicia,Ourense                                           ,VILAMARÍN,PP,14/06/2003,
Galicia,Pontevedra                                        ,VILANOVA DE AROUSA,PP,03/07/1999,14/06/2003
Galicia,Pontevedra                                        ,VILANOVA DE AROUSA,PP,14/06/2003,
Galicia,Ourense                                           ,VILAR DE BARRIO,PP,03/07/1999,14/06/2003
Galicia,Ourense                                           ,VILAR DE BARRIO,PP,14/06/2003,
Galicia,Ourense                                           ,VILAR DE SANTOS,BNG,03/07/1999,14/06/2003
Galicia,Ourense                                           ,VILAR DE SANTOS,BNG,14/06/2003,01/09/2005
Galicia,Ourense                                           ,VILAR DE SANTOS,BNG,10/09/2005,
Galicia,Ourense                                           ,VILARDEVOS,PSOE,03/07/1999,
Galicia,Ourense                                           ,VILARDEVÓS,PSOE,14/06/2003,
Galicia,Ourense                                           ,VILARIÑO DE CONSO,PP,03/07/1999,14/06/2003
Galicia,Ourense                                           ,VILARIÑO DE CONSO,PP,14/06/2003,
Galicia,"Coruña, A                                         ",VILARMAIOR,PP,03/07/1999,14/06/2003
Galicia,"Coruña, A                                         ",VILARMAIOR,PP,14/06/2003,
Galicia,"Coruña, A                                         ",VILASANTAR,PP,03/07/1999,14/06/2003
Galicia,"Coruña, A                                         ",VILASANTAR,PP,14/06/2003,
Galicia,"Coruña, A                                         ",VIMIANZO,PSOE,03/07/1999,14/06/2003
Galicia,"Coruña, A                                         ",VIMIANZO,PSOE,14/06/2003,
Galicia,Lugo                                              ,VIVEIRO,PP,03/07/1999,14/06/2003
Galicia,Lugo                                              ,VIVEIRO,PSOE,14/06/2003,
Galicia,"Coruña, A",Val do Dubra,PP,16/06/2007,11/06/2011
Galicia,"Coruña, A",Val do Dubra,PP,11/06/2011,10/10/2011
Galicia,"Coruña, A",Val do Dubra,PP,20/10/2011,13/06/2015
Galicia,"Coruña, A",Val do Dubra,OTROS,13/06/2015,15/06/2019
Galicia,"Coruña, A",Val do Dubra,PP,15/06/2019,
Galicia,Lugo,"Valadouro, O",PP,16/06/2007,11/06/2011
Galicia,Lugo,"Valadouro, O",PP,11/06/2011,04/06/2013
Galicia,Lugo,"Valadouro, O",PSOE,04/06/2013,13/06/2015
Galicia,Lugo,"Valadouro, O",PSOE,13/06/2015,15/06/2019
Galicia,Lugo,"Valadouro, O",PSOE,15/06/2019,
Galicia,"Coruña, A",Valdoviño,OTROS,16/06/2007,11/06/2011
Galicia,"Coruña, A",Valdoviño,PP,11/06/2011,13/06/2015
Galicia,"Coruña, A",Valdoviño,PSOE,13/06/2015,15/06/2019
Galicia,"Coruña, A",Valdoviño,PSOE,15/06/2019,
Galicia,Pontevedra,Valga,PP,16/06/2007,11/06/2011
Galicia,Pontevedra,Valga,PP,11/06/2011,13/06/2015
Galicia,Pontevedra,Valga,PP,13/06/2015,15/06/2019
Galicia,Pontevedra,Valga,PP,15/06/2019,
Galicia,"Coruña, A",Vedra,PSOE,16/06/2007,11/06/2011
Galicia,"Coruña, A",Vedra,PP,11/06/2011,13/06/2015
Galicia,"Coruña, A",Vedra,PP,13/06/2015,15/06/2019
Galicia,"Coruña, A",Vedra,PP,15/06/2019,
Galicia,Ourense,"Veiga, A",PSOE,16/06/2007,27/11/2009
Galicia,Ourense,"Veiga, A",PP,27/11/2009,11/06/2011
Galicia,Ourense,"Veiga, A",PP,11/06/2011,13/06/2015
Galicia,Ourense,"Veiga, A",PP,13/06/2015,15/06/2019
Galicia,Ourense,"Veiga, A",PP,15/06/2019,
Galicia,Ourense,Verea,PP,16/06/2007,11/06/2011
Galicia,Ourense,Verea,PP,11/06/2011,13/06/2015
Galicia,Ourense,Verea,PP,13/06/2015,15/06/2019
Galicia,Ourense,Verea,BNG,15/06/2019,
Galicia,Ourense,Verín,PP,16/06/2007,11/06/2011
Galicia,Ourense,Verín,PP,11/06/2011,13/06/2015
Galicia,Ourense,Verín,PSOE,13/06/2015,15/06/2019
Galicia,Ourense,Verín,PSOE,15/06/2019,
Galicia,Ourense,Viana do Bolo,PP,16/06/2007,11/06/2011
Galicia,Ourense,Viana do Bolo,PP,11/06/2011,13/06/2015
Galicia,Ourense,Viana do Bolo,BNG,13/06/2015,15/06/2019
Galicia,Ourense,Viana do Bolo,BNG,15/06/2019,01/09/2020
Galicia,Ourense,Viana do Bolo,N.ADS.,01/09/2020,30/12/2021
Galicia,Ourense,Viana do Bolo,PP,12/01/2022,
Galicia,Lugo,"Vicedo, O",PP,16/06/2007,11/06/2011
Galicia,Lugo,"Vicedo, O",PP,11/06/2011,13/06/2015
Galicia,Lugo,"Vicedo, O",PP,13/06/2015,15/06/2019
Galicia,Lugo,"Vicedo, O",PP,15/06/2019,
Galicia,Pontevedra,Vigo,PSOE,16/06/2007,11/06/2011
Galicia,Pontevedra,Vigo,PSOE,11/06/2011,13/06/2015
Galicia,Pontevedra,Vigo,PSOE,13/06/2015,15/06/2019
Galicia,Pontevedra,Vigo,PSOE,15/06/2019,
Galicia,Pontevedra,Vila de Cruces,PP,16/06/2007,11/06/2011
Galicia,Pontevedra,Vila de Cruces,PP,11/06/2011,13/06/2015
Galicia,Pontevedra,Vila de Cruces,PP,13/06/2015,15/06/2019
Galicia,Pontevedra,Vila de Cruces,OTROS,15/06/2019,
Galicia,Pontevedra,Vilaboa,PSOE,16/06/2007,11/06/2011
Galicia,Pontevedra,Vilaboa,PSOE,11/06/2011,13/06/2015
Galicia,Pontevedra,Vilaboa,PSOE,13/06/2015,15/06/2019
Galicia,Pontevedra,Vilaboa,PSOE,15/06/2019,07/08/2020
Galicia,Pontevedra,Vilaboa,PSOE,20/08/2020,
Galicia,Pontevedra,Vilagarcía de Arousa,PSOE,16/06/2007,10/07/2007
Galicia,Pontevedra,Vilagarcía de Arousa,PSOE,12/07/2007,11/06/2011
Galicia,Pontevedra,Vilagarcía de Arousa,PP,11/06/2011,13/06/2015
Galicia,Pontevedra,Vilagarcía de Arousa,PSOE,13/06/2015,15/06/2019
Galicia,Pontevedra,Vilagarcía de Arousa,PSOE,15/06/2019,
Galicia,Lugo,Vilalba,PP,16/06/2007,11/06/2011
Galicia,Lugo,Vilalba,PP,11/06/2011,13/06/2015
Galicia,Lugo,Vilalba,PP,13/06/2015,27/10/2016
Galicia,Lugo,Vilalba,PP,02/11/2016,15/06/2019
Galicia,Lugo,Vilalba,PSOE,15/06/2019,
Galicia,Ourense,Vilamartín de Valdeorras,PP,16/06/2007,26/11/2008
Galicia,Ourense,Vilamartín de Valdeorras,PP,04/12/2008,11/06/2011
Galicia,Ourense,Vilamartín de Valdeorras,PSOE,11/06/2011,21/01/2013
Galicia,Ourense,Vilamartín de Valdeorras,PP,21/01/2013,13/06/2015
Galicia,Ourense,Vilamartín de Valdeorras,PSOE,13/06/2015,15/06/2019
Galicia,Ourense,Vilamartín de Valdeorras,PSOE,15/06/2019,
Galicia,Ourense,Vilamarín,PP,16/06/2007,11/06/2011
Galicia,Ourense,Vilamarín,PP,11/06/2011,13/06/2015
Galicia,Ourense,Vilamarín,PP,13/06/2015,15/06/2019
Galicia,Ourense,Vilamarín,PP,15/06/2019,
Galicia,Pontevedra,Vilanova de Arousa,PP,16/06/2007,11/06/2011
Galicia,Pontevedra,Vilanova de Arousa,PP,11/06/2011,13/06/2015
Galicia,Pontevedra,Vilanova de Arousa,PP,13/06/2015,15/06/2019
Galicia,Pontevedra,Vilanova de Arousa,PP,15/06/2019,
Galicia,Ourense,Vilar de Barrio,PP,16/06/2007,11/06/2011
Galicia,Ourense,Vilar de Barrio,PP,11/06/2011,13/06/2015
Galicia,Ourense,Vilar de Barrio,PP,13/06/2015,15/06/2019
Galicia,Ourense,Vilar de Barrio,BNG,15/06/2019,
Galicia,Ourense,Vilar de Santos,BNG,16/06/2007,11/06/2011
Galicia,Ourense,Vilar de Santos,BNG,11/06/2011,03/10/2012
Galicia,Ourense,Vilar de Santos,N.ADS.,03/10/2012,13/06/2015
Galicia,Ourense,Vilar de Santos,OTROS,13/06/2015,15/06/2019
Galicia,Ourense,Vilar de Santos,C. ELECTORAL,15/06/2019,05/03/2022
Galicia,Ourense,Vilar de Santos,C. ELECTORAL,05/03/2022,
Galicia,Ourense,Vilardevós,PSOE,16/06/2007,11/06/2011
Galicia,Ourense,Vilardevós,PP,11/06/2011,13/06/2015
Galicia,Ourense,Vilardevós,PP,13/06/2015,15/06/2019
Galicia,Ourense,Vilardevós,PP,15/06/2019,
Galicia,Ourense,Vilariño de Conso,PSOE,16/06/2007,11/06/2009
Galicia,Ourense,Vilariño de Conso,PP,20/06/2009,11/06/2011
Galicia,Ourense,Vilariño de Conso,PP,11/06/2011,13/06/2015
Galicia,Ourense,Vilariño de Conso,PP,13/06/2015,20/07/2017
Galicia,Ourense,Vilariño de Conso,PP,04/08/2017,15/06/2019
Galicia,Ourense,Vilariño de Conso,PP,15/06/2019,
Galicia,"Coruña, A",Vilarmaior,PP,16/06/2007,11/06/2011
Galicia,"Coruña, A",Vilarmaior,PP,11/06/2011,13/06/2015
Galicia,"Coruña, A",Vilarmaior,PP,13/06/2015,15/06/2019
Galicia,"Coruña, A",Vilarmaior,PP,15/06/2019,
Galicia,"Coruña, A",Vilasantar,BNG,16/06/2007,11/06/2011
Galicia,"Coruña, A",Vilasantar,PP,11/06/2011,13/06/2015
Galicia,"Coruña, A",Vilasantar,PP,13/06/2015,15/06/2019
Galicia,"Coruña, A",Vilasantar,PP,15/06/2019,
Galicia,"Coruña, A",Vimianzo,PSOE,16/06/2007,11/06/2011
Galicia,"Coruña, A",Vimianzo,BNG,11/06/2011,13/06/2015
Galicia,"Coruña, A",Vimianzo,BNG,13/06/2015,15/06/2019
Galicia,"Coruña, A",Vimianzo,PSOE,15/06/2019,
Galicia,Lugo,Viveiro,PSOE,16/06/2007,11/06/2011
Galicia,Lugo,Viveiro,PSOE,11/06/2011,10/12/2013
Galicia,Lugo,Viveiro,PSOE,20/12/2013,13/06/2015
Galicia,Lugo,Viveiro,PSOE,13/06/2015,15/06/2019
Galicia,Lugo,Viveiro,PSOE,15/06/2019,
Galicia,Lugo                                              ,XERMADE,PP,03/07/1999,14/06/2003
Galicia,Lugo                                              ,XERMADE,PP,14/06/2003,
Galicia,Ourense                                           ,XINZO DE LIMIA,PSOE,03/07/1999,14/06/2003
Galicia,Ourense                                           ,XINZO DE LIMIA,PP,14/06/2003,
Galicia,Lugo                                              ,XOVE,PP,03/07/1999,14/06/2003
Galicia,Lugo                                              ,XOVE,PP,14/06/2003,13/07/2006
Galicia,Lugo                                              ,XOVE,OTROS,13/07/2006,
Galicia,Ourense                                           ,XUNQUEIRA DE AMBIA,PP,03/07/1999,
Galicia,Ourense                                           ,XUNQUEIRA DE AMBÍA,PP,14/06/2003,
Galicia,Ourense                                           ,XUNQUEIRA DE ESPADANEDO,PP,14/06/2003,
Galicia,Ourense                                           ,XUNQUEIRA DE ESPADAÑEDO,PP,03/07/1999,
Galicia,Lugo,Xermade,PP,16/06/2007,11/06/2011
Galicia,Lugo,Xermade,PP,11/06/2011,13/06/2015
Galicia,Lugo,Xermade,PSOE,13/06/2015,15/06/2019
Galicia,Lugo,Xermade,PSOE,15/06/2019,
Galicia,Ourense,Xinzo de Limia,PP,16/06/2007,09/10/2010
Galicia,Ourense,Xinzo de Limia,PP,11/10/2010,11/06/2011
Galicia,Ourense,Xinzo de Limia,PP,11/06/2011,13/06/2015
Galicia,Ourense,Xinzo de Limia,PP,13/06/2015,22/03/2018
Galicia,Ourense,Xinzo de Limia,PP,06/04/2018,08/08/2018
Galicia,Ourense,Xinzo de Limia,PP,22/08/2018,15/06/2019
Galicia,Ourense,Xinzo de Limia,PSOE,15/06/2019,
Galicia,Lugo,Xove,PP,16/06/2007,11/06/2011
Galicia,Lugo,Xove,PP,11/06/2011,13/06/2015
Galicia,Lugo,Xove,PP,13/06/2015,15/06/2019
Galicia,Lugo,Xove,PP,15/06/2019,
Galicia,Ourense,Xunqueira de Ambía,PP,16/06/2007,14/06/2011
Galicia,Ourense,Xunqueira de Ambía,PP,14/06/2011,13/06/2015
Galicia,Ourense,Xunqueira de Ambía,PP,13/06/2015,15/06/2019
Galicia,Ourense,Xunqueira de Ambía,PP,15/06/2019,
Galicia,Ourense,Xunqueira de Espadanedo,PP,16/06/2007,11/06/2011
Galicia,Ourense,Xunqueira de Espadanedo,PP,11/06/2011,24/10/2011
Galicia,Ourense,Xunqueira de Espadanedo,PP,24/10/2011,13/06/2015
Galicia,Ourense,Xunqueira de Espadanedo,PP,13/06/2015,15/06/2019
Galicia,Ourense,Xunqueira de Espadanedo,PP,15/06/2019,
Galicia,"Coruña, A                                         ",ZAS,IND,03/07/1999,14/06/2003
Galicia,"Coruña, A                                         ",ZAS,PP,14/06/2003,
Galicia,"Coruña, A",Zas,BNG,16/06/2007,11/06/2011
Galicia,"Coruña, A",Zas,BNG,11/06/2011,13/06/2015
Galicia,"Coruña, A",Zas,BNG,13/06/2015,15/06/2019
Galicia,"Coruña, A",Zas,BNG,15/06/2019,
