time,tavg,tmin,tmax,prcp,snow,wdir,wspd,wpgt,pres,tsun,municipio
2000-01-01,6.6,4.4,12.8,0.0,,,,,,,ARES
2000-01-02,7.4,4.2,11.9,0.0,,,,,,,ARES
2000-01-03,9.8,6.2,12.4,4.4,,,,,,,ARES
2000-01-04,11.5,10.4,13.0,1.0,,,,,,,ARES
2000-01-05,11.2,10.0,12.8,0.0,,,,,,,ARES
2000-01-06,12.2,10.0,15.0,0.0,,,,,,,ARES
2000-01-07,12.0,8.8,16.4,3.5,,,,,,,ARES
2000-01-08,11.7,9.5,13.6,8.7,,,,,,,ARES
2000-01-09,10.2,7.3,11.4,0.2,,,,,,,ARES
2000-01-10,7.7,4.8,11.4,0.0,,,,,,,ARES
2000-01-11,6.8,3.9,10.8,0.0,,,,,,,ARES
2000-01-12,8.3,4.4,13.2,0.0,,,,,,,ARES
2000-01-13,8.2,6.0,10.0,25.3,,,,,,,ARES
2000-01-14,7.9,6.2,9.7,4.7,,,,,,,ARES
2000-01-15,7.7,5.6,13.4,0.0,,,,,,,ARES
2000-01-16,9.5,6.8,13.2,0.0,,,,,,,ARES
2000-01-17,8.6,6.0,12.0,0.0,,,,,,,ARES
2000-01-18,8.0,4.2,13.0,0.0,,,,,,,ARES
2000-01-19,10.3,7.0,13.4,0.0,,,,,,,ARES
2000-01-20,9.3,6.0,13.0,0.0,,,,,,,ARES
2000-01-21,7.4,3.8,11.0,0.8,,,,,,,ARES
2000-01-22,8.8,6.8,10.8,0.0,,,,,,,ARES
2000-01-23,9.4,7.6,11.6,0.0,,,,,,,ARES
2000-01-24,8.1,6.2,11.1,0.0,,,,,,,ARES
2000-01-25,6.9,4.0,10.8,0.0,,,,,,,ARES
2000-01-26,6.7,2.6,12.2,0.0,,,,,,,ARES
2000-01-27,8.9,7.0,13.2,3.2,,,,,,,ARES
2000-01-28,9.7,8.6,12.2,0.3,,,,,,,ARES
2000-01-29,10.3,8.4,11.8,0.3,,,,,,,ARES
2000-01-30,11.3,9.8,14.1,0.0,,,,,,,ARES
2000-01-31,11.8,8.0,18.5,0.0,,,,,,,ARES
2000-02-01,13.7,10.4,16.6,0.6,,,,,,,ARES
2000-02-02,12.8,10.6,14.2,0.6,,,,,,,ARES
2000-02-03,10.1,7.3,15.7,0.0,,,,,,,ARES
2000-02-04,11.3,7.4,16.6,0.0,,,,,,,ARES
2000-02-05,12.9,9.0,18.4,0.0,,,,,,,ARES
2000-02-06,13.0,10.8,15.4,0.6,,,,,,,ARES
2000-02-07,14.1,12.8,16.0,0.0,,,,,,,ARES
2000-02-08,13.8,11.8,15.6,4.0,,,,,,,ARES
2000-02-09,11.9,9.4,15.4,0.0,,,,,,,ARES
2000-02-10,14.9,10.4,17.4,15.9,,,,,,,ARES
2000-02-11,10.5,9.6,11.8,0.0,,,,,,,ARES
2000-02-12,10.1,8.2,12.8,0.0,,,,,,,ARES
2000-02-13,10.7,8.6,12.8,5.3,,,,,,,ARES
2000-02-14,11.8,10.2,14.0,0.0,,,,,,,ARES
2000-02-15,12.1,10.0,15.4,2.1,,,,,,,ARES
2000-02-16,11.8,10.4,13.4,1.6,,,,,,,ARES
2000-02-17,12.3,10.5,13.2,3.3,,,,,,,ARES
2000-02-18,12.3,10.8,14.6,0.6,,,,,,,ARES
2000-02-19,11.9,11.0,14.4,0.1,,,,,,,ARES
2000-02-20,11.7,7.8,16.0,0.0,,,,,,,ARES
2000-02-21,10.8,8.6,13.2,0.0,,,,,,,ARES
2000-02-22,9.9,7.1,13.0,7.3,,,,,,,ARES
2000-02-23,12.9,11.4,15.2,0.5,,,,,,,ARES
2000-02-24,12.5,10.4,15.4,0.0,,,,,,,ARES
2000-02-25,13.4,10.4,14.8,0.1,,,,,,,ARES
2000-02-26,10.6,8.8,12.2,0.0,,,,,,,ARES
2000-02-27,11.1,8.2,14.6,3.4,,,,,,,ARES
2000-02-28,12.5,9.8,14.8,2.5,,,,,,,ARES
2000-02-29,11.3,9.5,14.0,2.4,,,,,,,ARES
2000-03-01,11.9,9.4,13.6,0.2,,,,,,,ARES
2000-03-02,9.9,6.2,13.0,0.0,,,,,,,ARES
2000-03-03,10.2,6.6,14.5,0.0,,,,,,,ARES
2000-03-04,12.3,10.4,15.2,0.0,,,,,,,ARES
2000-03-05,12.8,8.8,16.8,0.0,,,,,,,ARES
2000-03-06,13.6,9.6,18.2,0.0,,,,,,,ARES
2000-03-07,13.3,9.6,18.4,0.0,,,,,,,ARES
2000-03-08,15.6,10.6,22.0,0.0,,,,,,,ARES
2000-03-09,17.1,13.0,23.6,0.0,,,,,,,ARES
2000-03-10,17.1,10.9,22.8,0.0,,,,,,,ARES
2000-03-11,14.2,10.2,20.0,0.0,,,,,,,ARES
2000-03-12,13.0,10.6,16.4,0.0,,,,,,,ARES
2000-03-13,12.9,9.6,16.3,0.0,,,,,,,ARES
2000-03-14,12.4,8.8,16.6,0.0,,,,,,,ARES
2000-03-15,12.9,9.0,17.0,0.0,,,,,,,ARES
2000-03-16,13.1,10.0,19.4,0.0,,,,,,,ARES
2000-03-17,12.7,9.0,18.2,0.0,,,,,,,ARES
2000-03-18,12.3,10.0,16.4,0.0,,,,,,,ARES
2000-03-19,11.9,9.0,16.0,0.0,,,,,,,ARES
2000-03-20,11.0,8.2,15.9,0.0,,,,,,,ARES
2000-03-21,11.5,8.2,15.0,1.6,,,,,,,ARES
2000-03-22,12.1,10.4,14.4,0.0,,,,,,,ARES
2000-03-23,12.2,10.6,14.8,0.0,,,,,,,ARES
2000-03-24,9.8,9.9,13.9,10.0,,,,,,,ARES
2000-03-25,11.0,8.4,14.4,2.4,,,,,,,ARES
2000-03-26,11.4,9.2,15.0,0.0,,,,,,,ARES
2000-03-27,11.1,8.4,13.6,6.0,,,,,,,ARES
2000-03-28,9.1,6.8,12.6,0.0,,,,,,,ARES
2000-03-29,8.7,4.6,12.6,0.0,,,,,,,ARES
2000-03-30,9.1,5.5,12.5,0.0,,,,,,,ARES
2000-03-31,10.3,5.6,14.0,0.0,,,,,,,ARES
2000-04-01,10.1,7.0,13.8,3.7,,,,,,,ARES
2000-04-02,12.3,9.2,16.4,14.0,,,,,,,ARES
2000-04-03,10.3,9.2,11.6,17.8,,,,,,,ARES
2000-04-04,8.5,6.4,10.4,21.4,,,,,,,ARES
2000-04-05,8.3,5.6,11.4,0.0,,,,,,,ARES
2000-04-06,10.3,5.8,15.6,0.0,,,,,,,ARES
2000-04-07,12.0,8.0,16.8,0.0,,,,,,,ARES
2000-04-08,13.1,11.2,15.6,2.1,,,,,,,ARES
2000-04-09,11.7,9.2,12.9,4.4,,,,,,,ARES
2000-04-10,10.4,8.6,12.4,3.2,,,,,,,ARES
2000-04-11,10.8,9.6,14.6,6.8,,,,,,,ARES
2000-04-12,9.9,8.0,13.0,5.2,,,,,,,ARES
2000-04-13,8.6,7.6,10.6,23.6,,,,,,,ARES
2000-04-14,8.9,6.8,13.0,10.7,,,,,,,ARES
2000-04-15,11.1,7.0,16.0,3.2,,,,,,,ARES
2000-04-16,10.2,8.4,13.8,4.2,,,,,,,ARES
2000-04-17,11.7,10.0,15.5,6.4,,,,,,,ARES
2000-04-18,13.6,11.6,15.6,5.1,,,,,,,ARES
2000-04-19,15.3,14.0,18.3,15.6,,,,,,,ARES
2000-04-20,14.4,11.6,18.0,0.8,,,,,,,ARES
2000-04-21,13.5,10.8,16.0,10.4,,,,,,,ARES
2000-04-22,11.1,9.4,14.6,8.4,,,,,,,ARES
2000-04-23,11.8,8.8,15.2,7.0,,,,,,,ARES
2000-04-24,13.7,11.8,17.0,7.4,,,,,,,ARES
2000-04-25,12.7,10.2,16.4,2.4,,,,,,,ARES
2000-04-26,11.2,9.6,14.7,12.5,,,,,,,ARES
2000-04-27,11.1,8.7,14.8,0.7,,,,,,,ARES
2000-04-28,10.7,8.5,13.7,1.3,,,,,,,ARES
2000-04-29,12.5,11.0,15.4,8.5,,,,,,,ARES
2000-04-30,13.9,11.8,19.4,0.2,,,,,,,ARES
2000-05-01,14.7,12.4,18.8,0.0,,,,,,,ARES
2000-05-02,14.9,13.4,17.8,0.1,,,,,,,ARES
2000-05-03,15.8,11.8,20.4,1.9,,,,,,,ARES
2000-05-04,16.2,13.8,20.4,1.5,,,,,,,ARES
2000-05-05,15.5,13.8,19.4,5.1,,,,,,,ARES
2000-05-06,14.9,13.2,17.8,0.0,,,,,,,ARES
2000-05-07,15.6,12.8,20.0,0.0,,,,,,,ARES
2000-05-08,14.7,13.6,17.0,4.1,,,,,,,ARES
2000-05-09,15.2,13.4,17.8,0.3,,,,,,,ARES
2000-05-10,14.8,13.4,18.0,0.8,,,,,,,ARES
2000-05-11,14.8,13.6,17.4,0.0,,,,,,,ARES
2000-05-12,15.8,11.4,19.4,0.0,,,,,,,ARES
2000-05-13,17.2,12.4,25.0,0.0,,,,,,,ARES
2000-05-14,16.7,14.2,20.4,0.0,,,,,,,ARES
2000-05-15,15.4,14.0,17.0,0.0,,,,,,,ARES
2000-05-16,15.3,12.6,18.6,0.9,,,,,,,ARES
2000-05-17,13.9,12.2,16.0,0.0,,,,,,,ARES
2000-05-18,13.8,11.4,16.6,0.0,,,,,,,ARES
2000-05-19,14.0,12.6,16.0,0.0,,,,,,,ARES
2000-05-20,14.6,12.2,17.6,0.0,,,,,,,ARES
2000-05-21,14.3,12.4,17.0,0.0,,,,,,,ARES
2000-05-22,14.2,11.4,18.0,0.0,,,,,,,ARES
2000-05-23,14.4,11.4,19.2,0.0,,,,,,,ARES
2000-05-24,16.4,13.8,19.6,1.4,,,,,,,ARES
2000-05-25,15.1,13.2,17.8,0.0,,,,,,,ARES
2000-05-26,15.6,12.1,17.4,3.3,,,,,,,ARES
2000-05-27,14.1,11.7,16.8,10.9,,,,,,,ARES
2000-05-28,16.2,14.4,18.6,4.4,,,,,,,ARES
2000-05-29,17.7,15.8,21.7,0.2,,,,,,,ARES
2000-05-30,16.6,14.4,19.4,0.0,,,,,,,ARES
2000-05-31,15.5,13.8,18.4,0.0,,,,,,,ARES
2000-06-01,15.1,13.8,18.0,0.0,,,,,,,ARES
2000-06-02,16.1,14.2,19.0,0.0,,,,,,,ARES
2000-06-03,14.6,13.2,17.6,0.0,,,,,,,ARES
2000-06-04,14.1,13.2,15.1,0.0,,,,,,,ARES
2000-06-05,14.5,12.8,17.6,0.0,,,,,,,ARES
2000-06-06,14.6,10.7,18.5,0.0,,,,,,,ARES
2000-06-07,18.2,11.5,24.8,0.0,,,,,,,ARES
2000-06-08,15.6,13.1,18.3,4.7,,,,,,,ARES
2000-06-09,14.6,11.8,16.6,0.0,,,,,,,ARES
2000-06-10,15.4,11.8,19.2,0.0,,,,,,,ARES
2000-06-11,16.5,14.6,19.4,0.0,,,,,,,ARES
2000-06-12,16.2,12.9,19.0,0.0,,,,,,,ARES
2000-06-13,17.5,15.0,20.2,0.0,,,,,,,ARES
2000-06-14,19.9,14.8,25.6,0.0,,,,,,,ARES
2000-06-15,25.2,18.6,34.4,0.0,,,,,,,ARES
2000-06-16,23.7,20.2,33.2,0.0,,,,,,,ARES
2000-06-17,24.6,18.2,31.2,0.0,,,,,,,ARES
2000-06-18,23.5,19.8,27.5,0.0,,,,,,,ARES
2000-06-19,20.3,17.6,24.4,0.0,,,,,,,ARES
2000-06-20,18.4,16.6,21.0,0.7,,,,,,,ARES
2000-06-21,17.8,15.2,21.4,0.0,,,,,,,ARES
2000-06-22,17.4,15.4,20.8,0.0,,,,,,,ARES
2000-06-23,16.3,15.2,18.2,0.0,,,,,,,ARES
2000-06-24,17.4,15.8,21.8,0.0,,,,,,,ARES
2000-06-25,18.2,15.6,22.4,0.0,,,,,,,ARES
2000-06-26,19.8,17.4,23.8,0.0,,,,,,,ARES
2000-06-27,21.0,18.4,25.2,0.0,,,,,,,ARES
2000-06-28,18.8,17.6,23.0,0.0,,,,,,,ARES
2000-06-29,18.6,16.8,21.0,0.0,,,,,,,ARES
2000-06-30,17.7,15.0,25.0,4.5,,,,,,,ARES
2000-07-01,19.0,16.0,23.0,3.5,,,,,,,ARES
2000-07-02,19.1,15.2,23.8,2.3,,,,,,,ARES
2000-07-03,17.6,15.8,21.0,1.3,,,,,,,ARES
2000-07-04,17.6,15.4,21.8,0.5,,,,,,,ARES
2000-07-05,17.4,14.8,21.2,0.0,,,,,,,ARES
2000-07-06,18.1,15.4,22.4,10.0,,,,,,,ARES
2000-07-07,17.7,15.4,20.0,0.0,,,,,,,ARES
2000-07-08,17.0,15.4,19.4,0.0,,,,,,,ARES
2000-07-09,16.9,14.8,20.2,11.8,,,,,,,ARES
2000-07-10,16.7,15.4,19.4,0.0,,,,,,,ARES
2000-07-11,16.6,14.8,19.2,0.0,,,,,,,ARES
2000-07-12,16.9,14.4,20.0,1.0,,,,,,,ARES
2000-07-13,17.4,15.6,19.8,0.0,,,,,,,ARES
2000-07-14,17.5,16.2,20.4,0.1,,,,,,,ARES
2000-07-15,16.7,16.0,20.0,0.1,,,,,,,ARES
2000-07-16,19.7,16.4,22.2,0.0,,,,,,,ARES
2000-07-17,21.0,17.2,26.4,0.0,,,,,,,ARES
2000-07-18,18.8,16.4,22.8,0.0,,,,,,,ARES
2000-07-19,18.6,16.4,21.8,0.0,,,,,,,ARES
2000-07-20,19.1,16.2,26.7,0.0,,,,,,,ARES
2000-07-21,17.8,16.2,20.4,0.0,,,,,,,ARES
2000-07-22,19.7,16.0,23.4,2.8,,,,,,,ARES
2000-07-23,18.9,16.6,22.0,10.2,,,,,,,ARES
2000-07-24,18.9,17.2,23.6,2.3,,,,,,,ARES
2000-07-25,19.6,17.0,22.2,0.4,,,,,,,ARES
2000-07-26,19.3,17.4,22.8,0.7,,,,,,,ARES
2000-07-27,19.3,17.4,22.0,0.0,,,,,,,ARES
2000-07-28,19.1,16.4,22.0,0.0,,,,,,,ARES
2000-07-29,18.3,15.0,21.0,0.0,,,,,,,ARES
2000-07-30,20.4,16.4,24.8,0.0,,,,,,,ARES
2000-07-31,19.9,17.2,23.4,0.0,,,,,,,ARES
2000-08-01,18.7,16.6,21.8,0.0,,,,,,,ARES
2000-08-02,18.6,15.0,21.6,0.0,,,,,,,ARES
2000-08-03,18.3,16.6,21.5,0.0,,,,,,,ARES
2000-08-04,17.9,16.6,20.0,0.0,,,,,,,ARES
2000-08-05,18.2,16.0,21.6,0.0,,,,,,,ARES
2000-08-06,18.4,16.2,23.2,0.0,,,,,,,ARES
2000-08-07,20.3,16.6,25.8,0.0,,,,,,,ARES
2000-08-08,22.4,17.2,29.0,0.0,,,,,,,ARES
2000-08-09,20.4,16.2,24.8,0.0,,,,,,,ARES
2000-08-10,18.1,16.0,22.8,0.0,,,,,,,ARES
2000-08-11,19.2,17.4,22.2,0.0,,,,,,,ARES
2000-08-12,19.9,17.8,24.2,0.0,,,,,,,ARES
2000-08-13,21.3,20.0,26.4,1.3,,,,,,,ARES
2000-08-14,20.4,17.6,22.6,0.1,,,,,,,ARES
2000-08-15,19.3,16.0,23.7,0.0,,,,,,,ARES
2000-08-16,21.1,18.0,25.4,0.0,,,,,,,ARES
2000-08-17,19.5,16.4,22.6,0.0,,,,,,,ARES
2000-08-18,18.8,17.2,22.5,22.2,,,,,,,ARES
2000-08-19,17.9,17.0,19.4,39.9,,,,,,,ARES
2000-08-20,17.7,15.6,20.8,0.0,,,,,,,ARES
2000-08-21,17.1,13.8,20.4,0.0,,,,,,,ARES
2000-08-22,17.2,15.0,21.2,17.1,,,,,,,ARES
2000-08-23,18.4,15.3,23.6,0.0,,,,,,,ARES
2000-08-24,19.6,16.4,25.4,0.0,,,,,,,ARES
2000-08-25,19.1,16.0,23.2,0.0,,,,,,,ARES
2000-08-26,18.8,15.8,22.1,0.0,,,,,,,ARES
2000-08-27,18.5,16.6,20.8,0.0,,,,,,,ARES
2000-08-28,17.5,14.2,20.9,0.0,,,,,,,ARES
2000-08-29,18.6,16.8,22.8,0.0,,,,,,,ARES
2000-08-30,18.9,17.2,22.0,0.0,,,,,,,ARES
2000-08-31,18.0,14.4,21.6,0.9,,,,,,,ARES
2000-09-01,18.6,17.0,21.4,0.0,,,,,,,ARES
2000-09-02,18.4,16.0,21.8,0.0,,,,,,,ARES
2000-09-03,18.9,17.0,22.2,0.0,,,,,,,ARES
2000-09-04,18.1,14.8,21.8,0.0,,,,,,,ARES
2000-09-05,18.1,14.6,21.6,0.0,,,,,,,ARES
2000-09-06,19.0,14.8,23.6,0.0,,,,,,,ARES
2000-09-07,19.6,18.4,22.0,0.0,,,,,,,ARES
2000-09-08,20.5,17.6,24.0,0.0,,,,,,,ARES
2000-09-09,20.4,16.6,25.4,0.1,,,,,,,ARES
2000-09-10,17.6,15.8,20.4,0.0,,,,,,,ARES
2000-09-11,18.9,16.3,22.6,0.0,,,,,,,ARES
2000-09-12,18.8,16.8,22.5,0.0,,,,,,,ARES
2000-09-13,18.6,15.8,22.4,0.0,,,,,,,ARES
2000-09-14,18.3,16.0,21.6,0.0,,,,,,,ARES
2000-09-15,18.9,15.0,23.2,0.0,,,,,,,ARES
2000-09-16,18.9,15.2,22.6,0.0,,,,,,,ARES
2000-09-17,19.2,16.8,22.6,0.0,,,,,,,ARES
2000-09-18,17.8,13.4,21.0,23.8,,,,,,,ARES
2000-09-19,13.5,11.2,15.8,9.6,,,,,,,ARES
2000-09-20,14.9,11.8,19.6,0.6,,,,,,,ARES
2000-09-21,18.4,16.2,22.0,0.0,,,,,,,ARES
2000-09-22,20.7,17.4,25.0,0.0,,,,,,,ARES
2000-09-23,17.2,15.4,20.8,4.0,,,,,,,ARES
2000-09-24,16.7,14.0,20.2,2.5,,,,,,,ARES
2000-09-25,18.7,14.6,25.0,5.4,,,,,,,ARES
2000-09-26,18.3,16.2,20.8,0.0,,,,,,,ARES
2000-09-27,17.6,14.0,21.2,28.2,,,,,,,ARES
2000-09-28,17.0,13.8,19.8,11.6,,,,,,,ARES
2000-09-29,16.6,13.5,19.5,2.9,,,,,,,ARES
2000-09-30,16.4,14.9,19.6,0.1,,,,,,,ARES
2000-10-01,16.7,15.2,18.4,2.2,,,,,,,ARES
2000-10-02,16.2,13.6,19.0,0.0,,,,,,,ARES
2000-10-03,16.6,12.0,22.4,0.0,,,,,,,ARES
2000-10-04,16.6,15.4,18.4,1.1,,,,,,,ARES
2000-10-05,16.6,14.6,18.0,0.0,,,,,,,ARES
2000-10-06,16.3,14.2,19.6,0.0,,,,,,,ARES
2000-10-07,15.7,12.0,19.8,0.0,,,,,,,ARES
2000-10-08,14.3,10.0,18.5,0.0,,,,,,,ARES
2000-10-09,14.9,12.0,17.3,4.1,,,,,,,ARES
2000-10-10,16.2,13.8,19.0,8.1,,,,,,,ARES
2000-10-11,13.2,10.2,15.6,35.6,,,,,,,ARES
2000-10-12,13.2,10.0,15.8,8.7,,,,,,,ARES
2000-10-13,14.1,12.4,16.2,1.7,,,,,,,ARES
2000-10-14,12.6,11.6,13.6,8.0,,,,,,,ARES
2000-10-15,13.4,11.6,15.8,1.1,,,,,,,ARES
2000-10-16,14.7,12.0,17.5,1.4,,,,,,,ARES
2000-10-17,16.7,12.8,22.3,5.0,,,,,,,ARES
2000-10-18,17.2,15.2,18.2,13.9,,,,,,,ARES
2000-10-19,14.9,13.2,16.6,5.9,,,,,,,ARES
2000-10-20,12.6,11.0,13.8,12.9,,,,,,,ARES
2000-10-21,12.1,8.6,15.4,0.0,,,,,,,ARES
2000-10-22,13.9,8.6,19.4,0.0,,,,,,,ARES
2000-10-23,13.4,10.2,17.2,0.0,,,,,,,ARES
2000-10-24,15.9,13.0,19.8,0.0,,,,,,,ARES
2000-10-25,15.6,14.0,17.6,4.5,,,,,,,ARES
2000-10-26,14.9,13.6,17.8,0.0,,,,,,,ARES
2000-10-27,14.8,12.0,17.8,0.0,,,,,,,ARES
2000-10-28,14.8,12.0,18.4,5.3,,,,,,,ARES
2000-10-29,13.5,11.2,16.6,0.1,,,,,,,ARES
2000-10-30,14.1,11.0,16.5,36.0,,,,,,,ARES
2000-10-31,13.1,11.4,16.0,9.4,,,,,,,ARES
2000-11-01,13.3,11.4,16.2,6.4,,,,,,,ARES
2000-11-02,13.3,9.6,16.0,11.9,,,,,,,ARES
2000-11-03,11.2,9.2,14.4,16.6,,,,,,,ARES
2000-11-04,11.5,9.6,15.4,17.8,,,,,,,ARES
2000-11-05,15.5,11.7,17.8,24.6,,,,,,,ARES
2000-11-06,12.0,9.6,13.7,5.9,,,,,,,ARES
2000-11-07,11.5,8.4,13.0,8.3,,,,,,,ARES
2000-11-08,10.8,8.6,13.2,13.1,,,,,,,ARES
2000-11-09,10.6,9.0,13.6,7.0,,,,,,,ARES
2000-11-10,11.1,7.6,15.5,0.0,,,,,,,ARES
2000-11-11,10.0,5.2,15.4,5.7,,,,,,,ARES
2000-11-12,11.4,9.2,13.2,44.0,,,,,,,ARES
2000-11-13,9.5,7.9,12.6,5.6,,,,,,,ARES
2000-11-14,8.9,6.6,12.5,0.0,,,,,,,ARES
2000-11-15,9.4,6.0,13.6,4.2,,,,,,,ARES
2000-11-16,11.8,10.1,13.9,4.3,,,,,,,ARES
2000-11-17,11.4,9.4,13.4,0.4,,,,,,,ARES
2000-11-18,12.5,11.0,14.0,7.6,,,,,,,ARES
2000-11-19,12.9,11.2,14.4,4.1,,,,,,,ARES
2000-11-20,11.6,10.2,13.0,5.2,,,,,,,ARES
2000-11-21,12.9,11.2,15.0,15.7,,,,,,,ARES
2000-11-22,12.0,10.6,14.8,6.0,,,,,,,ARES
2000-11-23,11.1,9.7,12.8,4.8,,,,,,,ARES
2000-11-24,12.5,9.3,16.4,6.4,,,,,,,ARES
2000-11-25,16.0,15.0,18.4,0.7,,,,,,,ARES
2000-11-26,15.4,14.0,18.6,6.9,,,,,,,ARES
2000-11-27,17.6,16.4,19.2,0.0,,,,,,,ARES
2000-11-28,17.7,14.2,22.6,4.4,,,,,,,ARES
2000-11-29,13.9,12.6,16.0,0.0,,,,,,,ARES
2000-11-30,15.3,12.8,17.5,35.4,,,,,,,ARES
2000-12-01,14.7,12.0,17.0,5.1,,,,,,,ARES
2000-12-02,11.0,9.2,13.0,8.2,,,,,,,ARES
2000-12-03,12.9,9.8,17.0,29.4,,,,,,,ARES
2000-12-04,16.8,15.0,19.0,9.2,,,,,,,ARES
2000-12-05,15.9,12.8,17.8,0.9,,,,,,,ARES
2000-12-06,13.3,11.6,14.5,24.0,,,,,,,ARES
2000-12-07,14.1,11.1,18.8,25.0,,,,,,,ARES
2000-12-08,11.6,10.4,14.4,4.2,,,,,,,ARES
2000-12-09,12.6,10.2,17.0,3.8,,,,,,,ARES
2000-12-10,15.4,12.6,17.2,3.6,,,,,,,ARES
2000-12-11,15.7,14.6,16.4,0.0,,,,,,,ARES
2000-12-12,15.5,13.8,17.4,3.8,,,,,,,ARES
2000-12-13,14.0,11.3,16.8,16.4,,,,,,,ARES
2000-12-14,11.1,9.3,13.0,6.5,,,,,,,ARES
2000-12-15,10.1,8.2,12.2,4.6,,,,,,,ARES
2000-12-16,10.3,8.8,13.6,0.0,,,,,,,ARES
2000-12-17,11.7,9.8,14.0,14.9,,,,,,,ARES
2000-12-18,12.6,10.0,14.8,1.2,,,,,,,ARES
2000-12-19,13.6,12.0,15.2,0.0,,,,,,,ARES
2000-12-20,12.3,8.2,15.2,0.0,,,,,,,ARES
2000-12-21,11.8,8.0,14.6,0.1,,,,,,,ARES
2000-12-22,13.2,11.0,15.4,0.9,,,,,,,ARES
2000-12-23,11.8,9.5,13.9,0.0,,,,,,,ARES
2000-12-24,11.7,9.8,13.7,1.9,,,,,,,ARES
2000-12-25,10.3,9.4,12.4,21.2,,,,,,,ARES
2000-12-26,10.8,9.0,12.6,18.7,,,,,,,ARES
2000-12-27,10.0,8.0,12.0,8.1,,,,,,,ARES
2000-12-28,10.3,7.0,14.0,14.3,,,,,,,ARES
2000-12-29,11.3,9.5,14.6,3.4,,,,,,,ARES
2000-12-30,10.6,8.4,13.2,4.3,,,,,,,ARES
2000-12-31,13.9,9.2,17.4,11.8,,,,,,,ARES
2001-01-01,12.8,10.8,14.6,11.4,,,,,,,ARES
2001-01-02,10.5,9.3,11.8,9.8,,,,,,,ARES
2001-01-03,12.6,9.8,14.8,27.1,,,,,,,ARES
2001-01-04,13.2,10.0,15.4,36.9,,,,,,,ARES
2001-01-05,14.1,8.5,16.4,6.7,,,,,,,ARES
2001-01-06,9.8,8.4,12.0,5.2,,,,,,,ARES
2001-01-07,9.7,8.4,11.8,1.6,,,,,,,ARES
2001-01-08,8.5,7.0,9.8,2.8,,,,,,,ARES
2001-01-09,10.6,7.8,14.4,2.9,,,,,,,ARES
2001-01-10,12.5,10.4,15.2,10.8,,,,,,,ARES
2001-01-11,12.1,10.4,14.2,0.7,,,,,,,ARES
2001-01-12,11.9,8.9,15.0,0.0,,,,,,,ARES
2001-01-13,10.8,8.0,13.0,0.9,,,,,,,ARES
2001-01-14,10.4,7.8,12.6,1.0,,,,,,,ARES
2001-01-15,8.3,5.2,11.0,3.6,,,,,,,ARES
2001-01-16,9.8,8.4,12.4,6.3,,,,,,,ARES
2001-01-17,9.4,8.0,12.0,3.0,,,,,,,ARES
2001-01-18,11.3,8.8,11.6,2.6,,,,,,,ARES
2001-01-19,11.3,9.5,13.5,0.2,,,,,,,ARES
2001-01-20,11.2,10.2,12.2,0.0,,,,,,,ARES
2001-01-21,11.6,10.0,14.2,4.0,,,,,,,ARES
2001-01-22,12.9,11.4,15.6,4.9,,,,,,,ARES
2001-01-23,15.3,11.5,17.5,7.7,,,,,,,ARES
2001-01-24,11.3,7.8,13.2,7.2,,,,,,,ARES
2001-01-25,8.4,7.0,10.2,13.6,,,,,,,ARES
2001-01-26,11.6,8.4,14.6,8.7,,,,,,,ARES
2001-01-27,10.9,9.0,14.4,5.7,,,,,,,ARES
2001-01-28,10.6,9.4,11.8,8.8,,,,,,,ARES
2001-01-29,10.9,9.2,12.8,0.2,,,,,,,ARES
2001-01-30,11.2,8.5,13.2,2.2,,,,,,,ARES
2001-01-31,12.4,11.7,13.0,6.3,,,,,,,ARES
2001-02-01,12.6,11.4,13.6,0.4,,,,,,,ARES
2001-02-02,12.1,9.8,15.0,0.8,,,,,,,ARES
2001-02-03,12.3,10.8,14.0,0.2,,,,,,,ARES
2001-02-04,12.3,10.6,15.0,3.8,,,,,,,ARES
2001-02-05,13.7,11.8,15.5,17.7,,,,,,,ARES
2001-02-06,13.1,11.1,15.4,4.2,,,,,,,ARES
2001-02-07,10.6,9.4,14.0,14.9,,,,,,,ARES
2001-02-08,10.6,9.0,13.2,3.5,,,,,,,ARES
2001-02-09,11.4,7.8,14.4,11.0,,,,,,,ARES
2001-02-10,15.7,13.5,18.4,0.0,,,,,,,ARES
2001-02-11,16.6,11.6,21.0,0.0,,,,,,,ARES
2001-02-12,14.7,11.8,18.4,0.0,,,,,,,ARES
2001-02-13,13.3,10.4,17.4,0.0,,,,,,,ARES
2001-02-14,11.0,7.6,14.4,0.0,,,,,,,ARES
2001-02-15,10.4,6.4,15.3,0.0,,,,,,,ARES
2001-02-16,11.4,6.4,17.7,0.0,,,,,,,ARES
2001-02-17,10.6,7.0,16.4,0.0,,,,,,,ARES
2001-02-18,9.0,5.0,13.2,0.0,,,,,,,ARES
2001-02-19,10.6,9.2,13.4,0.0,,,,,,,ARES
2001-02-20,10.2,7.0,15.6,0.0,,,,,,,ARES
2001-02-21,11.2,5.9,15.2,0.0,,,,,,,ARES
2001-02-22,10.8,6.0,16.4,0.0,,,,,,,ARES
2001-02-23,10.1,6.0,14.0,0.0,,,,,,,ARES
2001-02-24,10.8,9.4,14.0,0.0,,,,,,,ARES
2001-02-25,9.4,6.5,11.6,0.0,,,,,,,ARES
2001-02-26,6.6,2.6,12.8,12.8,,,,,,,ARES
2001-02-27,7.6,4.8,9.6,6.4,,,,,,,ARES
2001-02-28,7.3,5.2,11.1,9.2,,,,,,,ARES
2001-03-01,7.4,5.2,10.0,24.1,,,,,,,ARES
2001-03-02,10.3,7.6,12.2,49.3,,,,,,,ARES
2001-03-03,11.1,9.4,14.0,11.2,,,,,,,ARES
2001-03-04,10.3,8.3,13.0,2.7,,,,,,,ARES
2001-03-05,14.8,11.4,16.8,0.8,,,,,,,ARES
2001-03-06,16.3,14.4,18.8,6.7,,,,,,,ARES
2001-03-07,13.7,9.8,16.8,10.8,,,,,,,ARES
2001-03-08,12.4,10.0,16.4,7.1,,,,,,,ARES
2001-03-09,14.3,11.8,17.6,6.0,,,,,,,ARES
2001-03-10,16.2,14.3,18.0,2.5,,,,,,,ARES
2001-03-11,15.3,12.4,17.0,24.7,,,,,,,ARES
2001-03-12,12.0,10.0,14.2,0.9,,,,,,,ARES
2001-03-13,12.3,10.2,15.4,3.0,,,,,,,ARES
2001-03-14,12.1,10.8,14.2,0.0,,,,,,,ARES
2001-03-15,11.1,8.0,14.2,2.3,,,,,,,ARES
2001-03-16,11.3,9.2,14.2,5.4,,,,,,,ARES
2001-03-17,12.0,9.6,15.1,3.1,,,,,,,ARES
2001-03-18,13.3,11.6,17.2,1.5,,,,,,,ARES
2001-03-19,14.8,12.4,16.8,14.1,,,,,,,ARES
2001-03-20,16.9,15.0,19.1,19.6,,,,,,,ARES
2001-03-21,15.9,14.0,19.0,7.6,,,,,,,ARES
2001-03-22,15.4,13.2,19.2,8.9,,,,,,,ARES
2001-03-23,16.8,13.2,20.0,15.1,,,,,,,ARES
2001-03-24,13.5,11.8,15.6,0.9,,,,,,,ARES
2001-03-25,12.3,10.4,15.0,3.9,,,,,,,ARES
2001-03-26,12.6,9.1,15.7,1.3,,,,,,,ARES
2001-03-27,11.8,9.0,14.6,7.8,,,,,,,ARES
2001-03-28,12.6,9.6,16.0,11.4,,,,,,,ARES
2001-03-29,11.9,10.0,15.4,8.6,,,,,,,ARES
2001-03-30,13.3,12.1,16.0,1.0,,,,,,,ARES
2001-03-31,12.9,10.6,16.1,0.0,,,,,,,ARES
2001-04-01,14.1,10.4,19.6,2.9,,,,,,,ARES
2001-04-02,13.3,9.9,15.4,1.1,,,,,,,ARES
2001-04-03,12.9,10.0,17.0,4.9,,,,,,,ARES
2001-04-04,12.6,10.6,14.8,0.1,,,,,,,ARES
2001-04-05,15.1,10.2,19.6,0.0,,,,,,,ARES
2001-04-06,14.8,10.0,17.0,4.7,,,,,,,ARES
2001-04-07,12.3,10.0,13.8,2.2,,,,,,,ARES
2001-04-08,12.7,10.8,15.4,0.0,,,,,,,ARES
2001-04-09,12.8,10.2,16.4,0.0,,,,,,,ARES
2001-04-10,13.0,12.2,14.8,0.0,,,,,,,ARES
2001-04-11,12.7,10.0,14.2,0.0,,,,,,,ARES
2001-04-12,12.4,9.6,16.0,0.0,,,,,,,ARES
2001-04-13,13.1,10.4,17.4,0.0,,,,,,,ARES
2001-04-14,13.6,10.4,18.0,0.0,,,,,,,ARES
2001-04-15,12.4,8.8,16.6,0.0,,,,,,,ARES
2001-04-16,12.2,9.4,16.4,0.0,,,,,,,ARES
2001-04-17,12.9,10.8,16.2,0.0,,,,,,,ARES
2001-04-18,11.8,9.8,14.0,1.4,,,,,,,ARES
2001-04-19,11.2,9.3,12.4,0.3,,,,,,,ARES
2001-04-20,10.1,7.8,12.6,1.0,,,,,,,ARES
2001-04-21,10.5,7.8,14.0,0.7,,,,,,,ARES
2001-04-22,13.5,10.0,15.1,1.3,,,,,,,ARES
2001-04-23,14.2,12.0,16.6,9.6,,,,,,,ARES
2001-04-24,13.3,10.0,16.0,4.0,,,,,,,ARES
2001-04-25,11.8,10.0,16.0,0.8,,,,,,,ARES
2001-04-26,12.7,9.6,16.6,7.0,,,,,,,ARES
2001-04-27,12.6,10.7,15.7,0.0,,,,,,,ARES
2001-04-28,12.2,9.0,16.6,0.7,,,,,,,ARES
2001-04-29,10.6,9.1,12.0,10.4,,,,,,,ARES
2001-04-30,9.9,6.6,13.6,3.5,,,,,,,ARES
2001-05-01,8.9,6.6,12.4,34.2,,,,,,,ARES
2001-05-02,11.3,8.8,16.0,17.3,,,,,,,ARES
2001-05-03,11.0,8.0,14.6,4.7,,,,,,,ARES
2001-05-04,11.8,11.0,13.4,0.0,,,,,,,ARES
2001-05-05,11.7,10.4,13.4,0.0,,,,,,,ARES
2001-05-06,11.8,8.8,15.2,0.0,,,,,,,ARES
2001-05-07,11.3,9.0,13.0,0.0,,,,,,,ARES
2001-05-08,13.2,10.0,17.4,0.0,,,,,,,ARES
2001-05-09,14.9,11.2,18.0,0.0,,,,,,,ARES
2001-05-10,14.3,11.0,19.0,0.0,,,,,,,ARES
2001-05-11,15.2,11.6,21.0,0.0,,,,,,,ARES
2001-05-12,14.0,12.1,17.5,3.4,,,,,,,ARES
2001-05-13,14.4,11.4,18.4,6.2,,,,,,,ARES
2001-05-14,13.4,11.4,15.4,5.0,,,,,,,ARES
2001-05-15,14.7,12.0,17.8,1.6,,,,,,,ARES
2001-05-16,14.7,12.6,17.0,0.4,,,,,,,ARES
2001-05-17,13.7,11.4,16.4,0.0,,,,,,,ARES
2001-05-18,14.2,10.8,19.0,0.0,,,,,,,ARES
2001-05-19,15.5,11.8,19.6,0.0,,,,,,,ARES
2001-05-20,16.4,12.4,22.6,0.0,,,,,,,ARES
2001-05-21,15.2,12.0,18.4,0.0,,,,,,,ARES
2001-05-22,14.9,13.2,17.3,0.0,,,,,,,ARES
2001-05-23,14.4,11.6,18.0,0.0,,,,,,,ARES
2001-05-24,14.3,13.0,17.4,0.0,,,,,,,ARES
2001-05-25,15.6,11.8,20.2,0.0,,,,,,,ARES
2001-05-26,16.9,14.2,19.4,0.0,,,,,,,ARES
2001-05-27,16.8,13.2,25.2,0.0,,,,,,,ARES
2001-05-28,17.0,13.7,21.5,0.0,,,,,,,ARES
2001-05-29,16.3,13.8,20.2,0.2,,,,,,,ARES
2001-05-30,16.1,14.8,18.2,0.0,,,,,,,ARES
2001-05-31,16.6,15.5,19.5,0.0,,,,,,,ARES
2001-06-01,17.3,14.3,21.4,0.0,,,,,,,ARES
2001-06-02,17.4,14.2,20.0,0.0,,,,,,,ARES
2001-06-03,15.9,13.4,19.2,0.0,,,,,,,ARES
2001-06-04,17.2,15.1,20.2,0.0,,,,,,,ARES
2001-06-05,17.2,13.7,19.4,0.0,,,,,,,ARES
2001-06-06,15.5,14.0,19.6,0.0,,,,,,,ARES
2001-06-07,15.1,12.0,18.4,0.2,,,,,,,ARES
2001-06-08,15.9,13.8,18.2,5.8,,,,,,,ARES
2001-06-09,16.3,14.0,18.4,1.2,,,,,,,ARES
2001-06-10,15.0,13.2,17.0,0.0,,,,,,,ARES
2001-06-11,16.7,11.0,19.8,0.0,,,,,,,ARES
2001-06-12,17.1,15.0,19.8,0.0,,,,,,,ARES
2001-06-13,16.2,14.0,19.8,0.0,,,,,,,ARES
2001-06-14,18.1,15.6,21.1,1.0,,,,,,,ARES
2001-06-15,17.3,14.8,21.2,3.0,,,,,,,ARES
2001-06-16,15.4,13.1,18.8,0.3,,,,,,,ARES
2001-06-17,15.7,13.6,18.4,0.0,,,,,,,ARES
2001-06-18,16.5,12.4,21.4,0.0,,,,,,,ARES
2001-06-19,20.4,14.3,27.6,0.0,,,,,,,ARES
2001-06-20,22.2,17.0,28.4,0.0,,,,,,,ARES
2001-06-21,16.7,14.8,19.0,0.0,,,,,,,ARES
2001-06-22,16.1,13.6,18.8,0.0,,,,,,,ARES
2001-06-23,17.1,15.8,19.8,0.0,,,,,,,ARES
2001-06-24,18.4,15.0,21.5,0.0,,,,,,,ARES
2001-06-25,18.1,15.0,20.6,0.0,,,,,,,ARES
2001-06-26,19.8,15.8,22.2,7.0,,,,,,,ARES
2001-06-27,17.7,15.4,21.4,0.0,,,,,,,ARES
2001-06-28,19.1,14.8,24.4,0.0,,,,,,,ARES
2001-06-29,18.4,16.1,23.2,0.0,,,,,,,ARES
2001-06-30,18.5,17.0,20.9,0.0,,,,,,,ARES
2001-07-01,22.3,16.4,28.8,0.0,,,,,,,ARES
2001-07-02,20.9,18.0,23.4,0.0,,,,,,,ARES
2001-07-03,18.8,16.0,22.0,2.3,,,,,,,ARES
2001-07-04,17.1,14.7,20.1,18.0,,,,,,,ARES
2001-07-05,17.4,14.4,21.4,0.0,,,,,,,ARES
2001-07-06,17.7,14.8,21.9,1.4,,,,,,,ARES
2001-07-07,17.6,15.2,20.4,0.4,,,,,,,ARES
2001-07-08,16.8,14.6,20.4,2.1,,,,,,,ARES
2001-07-09,17.7,14.1,21.8,1.1,,,,,,,ARES
2001-07-10,18.1,14.4,22.4,0.0,,,,,,,ARES
2001-07-11,18.7,15.3,22.9,0.0,,,,,,,ARES
2001-07-12,18.3,16.6,23.0,0.0,,,,,,,ARES
2001-07-13,19.5,17.6,21.4,38.6,,,,,,,ARES
2001-07-14,17.8,14.8,20.0,0.0,,,,,,,ARES
2001-07-15,17.1,14.6,20.0,0.0,,,,,,,ARES
2001-07-16,17.3,13.6,20.2,0.7,,,,,,,ARES
2001-07-17,18.3,16.0,20.4,3.8,,,,,,,ARES
2001-07-18,16.8,15.2,20.0,5.5,,,,,,,ARES
2001-07-19,17.2,15.2,20.2,0.0,,,,,,,ARES
2001-07-20,16.9,13.2,22.0,0.0,,,,,,,ARES
2001-07-21,17.7,16.2,22.0,0.0,,,,,,,ARES
2001-07-22,18.8,17.6,20.8,0.0,,,,,,,ARES
2001-07-23,19.1,17.4,22.6,0.0,,,,,,,ARES
2001-07-24,17.8,17.0,19.6,0.0,,,,,,,ARES
2001-07-25,18.6,17.0,22.2,0.3,,,,,,,ARES
2001-07-26,18.4,15.8,21.3,0.2,,,,,,,ARES
2001-07-27,19.2,17.8,21.6,0.0,,,,,,,ARES
2001-07-28,18.7,16.6,21.6,0.0,,,,,,,ARES
2001-07-29,20.1,17.4,24.4,0.0,,,,,,,ARES
2001-07-30,20.2,18.0,24.5,0.0,,,,,,,ARES
2001-07-31,20.7,16.8,24.0,0.0,,,,,,,ARES
2001-08-01,20.9,19.0,23.4,0.1,,,,,,,ARES
2001-08-02,19.1,17.0,21.4,0.3,,,,,,,ARES
2001-08-03,19.2,16.2,24.0,0.0,,,,,,,ARES
2001-08-04,18.5,14.0,21.4,0.0,,,,,,,ARES
2001-08-05,19.5,15.7,23.6,0.0,,,,,,,ARES
2001-08-06,20.0,17.4,23.6,0.0,,,,,,,ARES
2001-08-07,20.1,17.0,24.5,5.8,,,,,,,ARES
2001-08-08,18.7,16.6,22.6,0.1,,,,,,,ARES
2001-08-09,18.4,16.6,21.5,0.0,,,,,,,ARES
2001-08-10,19.2,16.0,23.3,0.0,,,,,,,ARES
2001-08-11,20.9,15.4,26.4,0.0,,,,,,,ARES
2001-08-12,17.8,15.4,22.2,0.0,,,,,,,ARES
2001-08-13,19.0,15.6,24.4,0.1,,,,,,,ARES
2001-08-14,19.4,18.0,22.6,0.0,,,,,,,ARES
2001-08-15,18.3,15.9,19.6,10.0,,,,,,,ARES
2001-08-16,18.2,15.0,21.6,0.0,,,,,,,ARES
2001-08-17,18.7,14.0,22.4,8.0,,,,,,,ARES
2001-08-18,18.9,16.9,22.0,2.5,,,,,,,ARES
2001-08-19,18.4,16.0,21.4,3.8,,,,,,,ARES
2001-08-20,17.7,14.2,21.2,0.0,,,,,,,ARES
2001-08-21,19.8,16.6,23.4,0.0,,,,,,,ARES
2001-08-22,20.1,16.4,23.4,0.0,,,,,,,ARES
2001-08-23,19.2,17.8,21.6,0.0,,,,,,,ARES
2001-08-24,20.1,17.5,23.2,0.0,,,,,,,ARES
2001-08-25,20.9,17.8,26.2,0.0,,,,,,,ARES
2001-08-26,19.8,17.4,22.6,12.3,,,,,,,ARES
2001-08-27,21.6,18.6,25.4,16.8,,,,,,,ARES
2001-08-28,20.3,17.3,22.0,0.0,,,,,,,ARES
2001-08-29,20.0,17.0,23.0,0.0,,,,,,,ARES
2001-08-30,19.5,17.9,23.0,0.0,,,,,,,ARES
2001-08-31,18.3,16.2,21.0,0.0,,,,,,,ARES
2001-09-01,18.6,16.0,22.2,0.0,,,,,,,ARES
2001-09-02,19.2,15.2,24.4,0.0,,,,,,,ARES
2001-09-03,18.1,16.2,20.5,0.0,,,,,,,ARES
2001-09-04,18.4,16.8,21.1,0.0,,,,,,,ARES
2001-09-05,19.7,16.4,23.4,0.0,,,,,,,ARES
2001-09-06,18.2,15.6,22.0,0.0,,,,,,,ARES
2001-09-07,17.9,15.8,20.6,0.0,,,,,,,ARES
2001-09-08,17.8,15.0,21.4,0.0,,,,,,,ARES
2001-09-09,18.5,15.3,22.8,0.0,,,,,,,ARES
2001-09-10,17.7,15.0,22.4,0.0,,,,,,,ARES
2001-09-11,18.4,14.2,24.0,0.0,,,,,,,ARES
2001-09-12,16.7,13.6,20.2,0.0,,,,,,,ARES
2001-09-13,16.8,13.2,20.2,1.9,,,,,,,ARES
2001-09-14,16.7,14.7,18.3,0.0,,,,,,,ARES
2001-09-15,17.9,14.4,22.2,0.0,,,,,,,ARES
2001-09-16,17.4,13.6,22.8,0.0,,,,,,,ARES
2001-09-17,17.0,15.0,20.0,0.0,,,,,,,ARES
2001-09-18,16.6,13.6,20.8,0.0,,,,,,,ARES
2001-09-19,15.9,11.7,20.3,0.0,,,,,,,ARES
2001-09-20,16.8,13.2,21.4,1.4,,,,,,,ARES
2001-09-21,17.0,14.8,19.2,6.1,,,,,,,ARES
2001-09-22,16.9,15.0,20.2,31.1,,,,,,,ARES
2001-09-23,16.3,14.4,18.4,0.0,,,,,,,ARES
2001-09-24,16.0,13.6,19.4,0.0,,,,,,,ARES
2001-09-25,16.9,14.2,20.0,0.0,,,,,,,ARES
2001-09-26,17.0,13.0,21.8,0.0,,,,,,,ARES
2001-09-27,17.7,13.9,24.4,0.0,,,,,,,ARES
2001-09-28,18.2,16.2,21.5,7.9,,,,,,,ARES
2001-09-29,18.0,14.5,22.9,0.2,,,,,,,ARES
2001-09-30,19.5,17.8,22.4,0.0,,,,,,,ARES
2001-10-01,21.2,18.4,23.8,0.5,,,,,,,ARES
2001-10-02,19.4,15.2,22.8,38.9,,,,,,,ARES
2001-10-03,16.4,13.4,19.8,0.0,,,,,,,ARES
2001-10-04,14.8,10.5,17.6,3.6,,,,,,,ARES
2001-10-05,18.5,14.2,23.0,2.3,,,,,,,ARES
2001-10-06,17.6,15.5,20.6,3.0,,,,,,,ARES
2001-10-07,16.6,13.6,20.6,10.5,,,,,,,ARES
2001-10-08,15.1,13.0,19.6,8.7,,,,,,,ARES
2001-10-09,15.6,13.0,18.2,0.0,,,,,,,ARES
2001-10-10,15.3,12.4,19.2,0.0,,,,,,,ARES
2001-10-11,19.7,12.4,23.4,0.0,,,,,,,ARES
2001-10-12,21.6,16.9,26.1,37.9,,,,,,,ARES
2001-10-13,18.2,16.6,21.8,0.0,,,,,,,ARES
2001-10-14,17.6,15.1,20.1,2.0,,,,,,,ARES
2001-10-15,17.1,14.8,19.0,0.0,,,,,,,ARES
2001-10-16,17.3,13.6,22.2,0.0,,,,,,,ARES
2001-10-17,16.2,14.0,19.0,4.5,,,,,,,ARES
2001-10-18,16.4,13.8,19.4,4.7,,,,,,,ARES
2001-10-19,15.4,12.8,18.4,0.0,,,,,,,ARES
2001-10-20,14.8,12.6,17.4,5.5,,,,,,,ARES
2001-10-21,16.2,14.5,19.0,14.2,,,,,,,ARES
2001-10-22,15.9,14.0,19.9,1.8,,,,,,,ARES
2001-10-23,16.1,14.5,20.0,0.0,,,,,,,ARES
2001-10-24,17.1,14.4,20.2,0.0,,,,,,,ARES
2001-10-25,15.8,12.8,19.0,0.0,,,,,,,ARES
2001-10-26,16.6,12.7,19.8,0.0,,,,,,,ARES
2001-10-27,16.7,13.9,19.4,0.1,,,,,,,ARES
2001-10-28,18.8,16.2,23.6,0.0,,,,,,,ARES
2001-10-29,18.6,15.3,23.6,0.0,,,,,,,ARES
2001-10-30,18.4,14.8,24.6,0.0,,,,,,,ARES
2001-10-31,16.5,14.6,18.6,0.0,,,,,,,ARES
2001-11-01,15.2,13.0,18.8,0.0,,,,,,,ARES
2001-11-02,14.2,10.8,19.0,0.0,,,,,,,ARES
2001-11-03,13.6,8.8,17.8,0.0,,,,,,,ARES
2001-11-04,13.3,10.4,16.4,0.0,,,,,,,ARES
2001-11-05,14.7,13.0,17.6,0.0,,,,,,,ARES
2001-11-06,14.1,12.5,16.8,0.0,,,,,,,ARES
2001-11-07,13.7,11.8,16.6,0.0,,,,,,,ARES
2001-11-08,13.3,11.0,15.8,2.4,,,,,,,ARES
2001-11-09,10.7,7.6,12.8,2.7,,,,,,,ARES
2001-11-10,10.9,8.0,12.4,0.5,,,,,,,ARES
2001-11-11,10.8,9.0,13.0,0.0,,,,,,,ARES
2001-11-12,12.7,10.8,16.0,4.3,,,,,,,ARES
2001-11-13,13.6,12.0,14.8,1.5,,,,,,,ARES
2001-11-14,11.9,9.8,13.2,0.0,,,,,,,ARES
2001-11-15,10.3,9.4,11.8,0.0,,,,,,,ARES
2001-11-16,11.3,9.3,12.8,0.0,,,,,,,ARES
2001-11-17,10.2,6.4,13.5,0.0,,,,,,,ARES
2001-11-18,9.4,5.4,14.1,0.2,,,,,,,ARES
2001-11-19,8.7,6.2,14.4,1.9,,,,,,,ARES
2001-11-20,10.6,8.4,13.4,0.0,,,,,,,ARES
2001-11-21,10.2,7.8,12.6,0.0,,,,,,,ARES
2001-11-22,9.6,6.9,13.0,0.0,,,,,,,ARES
2001-11-23,11.2,6.9,15.0,0.0,,,,,,,ARES
2001-11-24,11.1,7.8,15.2,0.0,,,,,,,ARES
2001-11-25,10.9,6.8,15.8,1.5,,,,,,,ARES
2001-11-26,10.6,8.6,12.6,4.8,,,,,,,ARES
2001-11-27,10.6,8.6,15.4,0.0,,,,,,,ARES
2001-11-28,12.8,10.8,14.6,0.5,,,,,,,ARES
2001-11-29,13.1,11.6,16.2,0.0,,,,,,,ARES
2001-11-30,13.2,12.0,15.4,0.2,,,,,,,ARES
2001-12-01,12.1,11.0,13.2,17.8,,,,,,,ARES
2001-12-02,12.0,10.6,13.6,1.7,,,,,,,ARES
2001-12-03,12.5,9.3,15.4,0.0,,,,,,,ARES
2001-12-04,12.9,10.8,16.4,0.0,,,,,,,ARES
2001-12-05,14.2,13.2,15.4,0.1,,,,,,,ARES
2001-12-06,12.9,10.2,16.4,0.0,,,,,,,ARES
2001-12-07,10.5,7.6,14.8,0.0,,,,,,,ARES
2001-12-08,9.9,6.9,14.7,0.0,,,,,,,ARES
2001-12-09,10.1,5.2,13.8,0.0,,,,,,,ARES
2001-12-10,10.4,7.0,15.4,0.0,,,,,,,ARES
2001-12-11,9.7,6.8,14.2,0.0,,,,,,,ARES
2001-12-12,9.3,6.2,14.2,0.0,,,,,,,ARES
2001-12-13,8.7,4.2,14.4,0.0,,,,,,,ARES
2001-12-14,8.1,4.6,12.8,0.0,,,,,,,ARES
2001-12-15,6.3,4.0,9.8,0.0,,,,,,,ARES
2001-12-16,5.4,2.0,10.4,0.0,,,,,,,ARES
2001-12-17,5.7,2.2,11.0,0.0,,,,,,,ARES
2001-12-18,6.2,2.9,10.0,0.0,,,,,,,ARES
2001-12-19,6.2,3.6,11.6,0.0,,,,,,,ARES
2001-12-20,7.3,4.6,9.8,0.0,,,,,,,ARES
2001-12-21,7.2,4.8,10.4,0.0,,,,,,,ARES
2001-12-22,6.8,2.6,10.6,0.0,,,,,,,ARES
2001-12-23,6.7,3.3,9.4,0.0,,,,,,,ARES
2001-12-24,6.6,3.5,10.4,0.0,,,,,,,ARES
2001-12-25,5.7,0.6,10.4,3.8,,,,,,,ARES
2001-12-26,10.2,8.2,11.8,0.1,,,,,,,ARES
2001-12-27,9.7,7.4,12.6,0.0,,,,,,,ARES
2001-12-28,10.6,8.4,12.2,0.0,,,,,,,ARES
2001-12-29,11.3,9.8,13.4,0.2,,,,,,,ARES
2001-12-30,14.3,12.0,16.0,5.8,,,,,,,ARES
2001-12-31,12.3,10.1,15.7,13.7,,,,,,,ARES
2002-01-01,14.2,11.6,17.9,1.7,,,,,,,ARES
2002-01-02,15.1,13.2,16.0,4.3,,,,,,,ARES
2002-01-03,12.8,9.6,14.2,2.4,,,,,,,ARES
2002-01-04,10.7,7.0,14.6,0.0,,,,,,,ARES
2002-01-05,11.8,9.1,15.0,0.0,,,,,,,ARES
2002-01-06,10.9,8.4,13.9,0.0,,,,,,,ARES
2002-01-07,9.7,6.1,13.8,0.0,,,,,,,ARES
2002-01-08,9.1,6.6,11.0,2.4,,,,,,,ARES
2002-01-09,10.5,9.0,13.0,0.0,,,,,,,ARES
2002-01-10,10.5,8.4,13.0,0.0,,,,,,,ARES
2002-01-11,12.3,8.6,16.6,0.0,,,,,,,ARES
2002-01-12,13.4,10.8,15.0,0.4,,,,,,,ARES
2002-01-13,13.5,11.6,16.4,0.9,,,,,,,ARES
2002-01-14,13.0,10.4,15.0,7.0,,,,,,,ARES
2002-01-15,11.9,9.0,13.2,0.9,,,,,,,ARES
2002-01-16,10.9,8.4,13.4,0.0,,,,,,,ARES
2002-01-17,10.9,8.7,14.4,6.2,,,,,,,ARES
2002-01-18,10.6,7.8,12.5,3.9,,,,,,,ARES
2002-01-19,11.2,9.0,13.5,0.0,,,,,,,ARES
2002-01-20,10.9,6.2,15.0,0.0,,,,,,,ARES
2002-01-21,11.4,9.0,14.2,11.8,,,,,,,ARES
2002-01-22,11.2,9.0,15.4,10.1,,,,,,,ARES
2002-01-23,13.1,10.2,15.4,3.9,,,,,,,ARES
2002-01-24,12.1,9.6,14.4,0.0,,,,,,,ARES
2002-01-25,13.8,12.1,16.0,0.3,,,,,,,ARES
2002-01-26,13.9,12.4,16.0,0.0,,,,,,,ARES
2002-01-27,15.9,14.0,19.0,0.0,,,,,,,ARES
2002-01-28,15.3,13.2,19.5,0.0,,,,,,,ARES
2002-01-29,13.9,10.7,16.9,0.0,,,,,,,ARES
2002-01-30,14.0,11.2,17.0,12.8,,,,,,,ARES
2002-01-31,12.1,9.4,15.0,0.0,,,,,,,ARES
2002-02-01,13.7,12.6,15.6,0.0,,,,,,,ARES
2002-02-02,15.0,11.2,16.9,21.9,,,,,,,ARES
2002-02-03,11.1,9.2,13.2,3.5,,,,,,,ARES
2002-02-04,13.7,10.0,16.8,3.5,,,,,,,ARES
2002-02-05,13.8,9.0,16.2,6.6,,,,,,,ARES
2002-02-06,11.4,9.4,13.2,5.7,,,,,,,ARES
2002-02-07,13.1,11.2,14.5,0.2,,,,,,,ARES
2002-02-08,14.1,12.0,17.3,0.0,,,,,,,ARES
2002-02-09,13.3,10.8,15.5,4.4,,,,,,,ARES
2002-02-10,12.8,8.4,17.3,0.0,,,,,,,ARES
2002-02-11,14.1,12.0,17.2,0.0,,,,,,,ARES
2002-02-12,15.6,12.6,18.5,0.0,,,,,,,ARES
2002-02-13,11.7,9.4,15.0,2.4,,,,,,,ARES
2002-02-14,10.7,8.4,13.2,0.8,,,,,,,ARES
2002-02-15,9.5,7.4,12.6,0.0,,,,,,,ARES
2002-02-16,9.3,6.4,12.8,0.0,,,,,,,ARES
2002-02-17,9.2,6.2,13.0,0.0,,,,,,,ARES
2002-02-18,9.6,7.7,12.4,1.5,,,,,,,ARES
2002-02-19,10.2,7.6,14.0,0.0,,,,,,,ARES
2002-02-20,11.5,10.4,13.4,6.0,,,,,,,ARES
2002-02-21,11.8,9.8,13.6,0.4,,,,,,,ARES
2002-02-22,10.9,8.8,13.8,0.7,,,,,,,ARES
2002-02-23,12.6,11.2,15.4,0.0,,,,,,,ARES
2002-02-24,12.5,9.9,14.2,0.0,,,,,,,ARES
2002-02-25,11.7,10.0,15.0,0.0,,,,,,,ARES
2002-02-26,13.6,11.4,15.2,20.8,,,,,,,ARES
2002-02-27,11.6,8.6,13.6,2.5,,,,,,,ARES
2002-02-28,8.7,6.6,12.6,17.5,,,,,,,ARES
2002-03-01,7.3,4.8,11.5,1.7,,,,,,,ARES
2002-03-02,8.2,4.4,12.2,0.0,,,,,,,ARES
2002-03-03,8.9,6.0,11.8,0.0,,,,,,,ARES
2002-03-04,10.8,6.9,14.6,0.0,,,,,,,ARES
2002-03-05,10.8,9.6,13.0,0.0,,,,,,,ARES
2002-03-06,11.6,10.0,13.3,0.0,,,,,,,ARES
2002-03-07,11.9,9.8,14.4,0.0,,,,,,,ARES
2002-03-08,11.9,8.2,16.0,0.0,,,,,,,ARES
2002-03-09,12.2,9.4,14.2,0.0,,,,,,,ARES
2002-03-10,10.2,6.6,14.6,0.0,,,,,,,ARES
2002-03-11,12.1,9.0,15.0,1.0,,,,,,,ARES
2002-03-12,11.6,9.2,14.2,1.4,,,,,,,ARES
2002-03-13,11.1,9.0,14.4,1.0,,,,,,,ARES
2002-03-14,11.0,9.0,14.6,7.1,,,,,,,ARES
2002-03-15,11.4,8.8,14.0,4.5,,,,,,,ARES
2002-03-16,10.7,7.6,15.2,0.1,,,,,,,ARES
2002-03-17,11.8,9.8,15.0,6.7,,,,,,,ARES
2002-03-18,14.9,12.2,18.0,5.6,,,,,,,ARES
2002-03-19,16.3,14.2,18.6,0.0,,,,,,,ARES
2002-03-20,17.7,14.2,22.0,0.0,,,,,,,ARES
2002-03-21,14.2,12.0,18.0,0.0,,,,,,,ARES
2002-03-22,16.6,11.2,26.2,0.0,,,,,,,ARES
2002-03-23,19.5,13.2,26.6,0.0,,,,,,,ARES
2002-03-24,13.2,11.2,16.4,0.0,,,,,,,ARES
2002-03-25,12.9,9.7,17.2,0.0,,,,,,,ARES
2002-03-26,13.5,8.6,19.4,0.0,,,,,,,ARES
2002-03-27,13.3,8.1,19.0,0.0,,,,,,,ARES
2002-03-28,12.6,8.4,16.4,0.0,,,,,,,ARES
2002-03-29,12.7,9.6,16.5,0.0,,,,,,,ARES
2002-03-30,12.6,10.0,15.6,0.0,,,,,,,ARES
2002-03-31,11.4,7.6,14.8,0.0,,,,,,,ARES
2002-04-01,12.7,11.0,15.4,0.0,,,,,,,ARES
2002-04-02,10.3,8.2,14.8,10.3,,,,,,,ARES
2002-04-03,9.8,7.6,12.6,2.3,,,,,,,ARES
2002-04-04,9.5,4.4,13.4,0.3,,,,,,,ARES
2002-04-05,9.9,7.5,12.1,6.5,,,,,,,ARES
2002-04-06,10.1,6.5,14.5,5.3,,,,,,,ARES
2002-04-07,9.9,7.6,12.0,0.6,,,,,,,ARES
2002-04-08,13.6,10.4,18.6,0.0,,,,,,,ARES
2002-04-09,13.2,10.6,16.6,0.0,,,,,,,ARES
2002-04-10,10.9,7.4,15.6,2.6,,,,,,,ARES
2002-04-11,8.7,6.4,11.4,13.6,,,,,,,ARES
2002-04-12,11.2,9.0,13.0,0.6,,,,,,,ARES
2002-04-13,10.5,8.0,13.2,0.6,,,,,,,ARES
2002-04-14,11.1,8.5,13.0,0.0,,,,,,,ARES
2002-04-15,12.3,10.0,14.2,0.0,,,,,,,ARES
2002-04-16,11.3,7.1,15.4,3.5,,,,,,,ARES
2002-04-17,11.7,9.8,14.8,1.3,,,,,,,ARES
2002-04-18,11.7,8.4,15.0,0.0,,,,,,,ARES
2002-04-19,12.1,8.0,16.0,0.0,,,,,,,ARES
2002-04-20,13.9,9.6,18.4,0.0,,,,,,,ARES
2002-04-21,12.7,10.2,15.8,0.0,,,,,,,ARES
2002-04-22,16.1,9.5,20.8,0.0,,,,,,,ARES
2002-04-23,18.3,12.2,24.4,0.0,,,,,,,ARES
2002-04-24,16.7,13.2,23.0,0.0,,,,,,,ARES
2002-04-25,13.6,12.6,15.4,0.0,,,,,,,ARES
2002-04-26,14.3,11.0,17.5,0.0,,,,,,,ARES
2002-04-27,13.3,11.6,15.9,0.0,,,,,,,ARES
2002-04-28,13.7,11.6,17.4,1.2,,,,,,,ARES
2002-04-29,13.0,11.2,16.2,0.0,,,,,,,ARES
2002-04-30,12.9,8.5,19.0,8.6,,,,,,,ARES
2002-05-01,11.9,9.8,16.0,4.4,,,,,,,ARES
2002-05-02,11.3,9.0,14.6,4.7,,,,,,,ARES
2002-05-03,12.2,9.6,14.6,0.2,,,,,,,ARES
2002-05-04,12.7,10.8,14.6,15.7,,,,,,,ARES
2002-05-05,13.6,11.4,16.5,0.0,,,,,,,ARES
2002-05-06,11.7,9.2,14.8,0.1,,,,,,,ARES
2002-05-07,13.6,10.6,18.0,0.0,,,,,,,ARES
2002-05-08,12.9,11.8,14.2,0.4,,,,,,,ARES
2002-05-09,13.6,11.8,16.4,0.0,,,,,,,ARES
2002-05-10,12.6,11.0,15.1,5.3,,,,,,,ARES
2002-05-11,13.6,10.6,17.6,1.1,,,,,,,ARES
2002-05-12,13.8,11.5,18.0,15.7,,,,,,,ARES
2002-05-13,14.6,11.2,17.8,8.1,,,,,,,ARES
2002-05-14,14.4,10.4,17.7,0.3,,,,,,,ARES
2002-05-15,16.7,14.2,20.5,0.0,,,,,,,ARES
2002-05-16,16.4,13.0,21.2,3.2,,,,,,,ARES
2002-05-17,14.8,12.8,17.8,3.0,,,,,,,ARES
2002-05-18,15.4,12.0,19.6,0.0,,,,,,,ARES
2002-05-19,17.4,14.2,22.2,0.0,,,,,,,ARES
2002-05-20,16.2,12.6,19.2,0.4,,,,,,,ARES
2002-05-21,14.3,12.6,17.6,4.0,,,,,,,ARES
2002-05-22,14.2,11.6,17.5,7.1,,,,,,,ARES
2002-05-23,15.0,11.2,19.2,0.7,,,,,,,ARES
2002-05-24,15.2,12.1,17.2,5.7,,,,,,,ARES
2002-05-25,14.3,11.7,17.4,0.5,,,,,,,ARES
2002-05-26,13.9,11.2,17.0,4.3,,,,,,,ARES
2002-05-27,13.6,11.2,17.4,0.8,,,,,,,ARES
2002-05-28,13.5,11.7,15.7,4.0,,,,,,,ARES
2002-05-29,13.3,10.0,16.6,0.0,,,,,,,ARES
2002-05-30,15.1,10.2,20.3,0.0,,,,,,,ARES
2002-05-31,17.7,12.8,23.2,0.0,,,,,,,ARES
2002-06-01,15.4,13.8,19.2,0.0,,,,,,,ARES
2002-06-02,14.7,13.6,16.6,0.0,,,,,,,ARES
2002-06-03,14.5,12.8,16.0,0.0,,,,,,,ARES
2002-06-04,14.2,12.5,16.2,14.8,,,,,,,ARES
2002-06-05,13.3,11.5,15.5,10.8,,,,,,,ARES
2002-06-06,13.3,10.8,17.4,9.0,,,,,,,ARES
2002-06-07,14.6,12.0,17.2,7.3,,,,,,,ARES
2002-06-08,13.7,11.2,17.2,0.5,,,,,,,ARES
2002-06-09,14.1,11.3,17.5,2.0,,,,,,,ARES
2002-06-10,14.7,12.6,19.0,0.0,,,,,,,ARES
2002-06-11,14.8,12.5,17.0,0.0,,,,,,,ARES
2002-06-12,16.2,13.4,19.5,0.0,,,,,,,ARES
2002-06-13,17.2,13.5,22.2,0.0,,,,,,,ARES
2002-06-14,16.8,13.8,22.0,0.6,,,,,,,ARES
2002-06-15,17.4,14.6,21.4,0.0,,,,,,,ARES
2002-06-16,17.4,14.4,22.3,0.0,,,,,,,ARES
2002-06-17,18.4,15.8,23.7,0.9,,,,,,,ARES
2002-06-18,16.6,13.6,19.4,0.1,,,,,,,ARES
2002-06-19,15.3,14.0,16.4,0.0,,,,,,,ARES
2002-06-20,18.6,13.6,19.4,0.0,,,,,,,ARES
2002-06-21,18.4,13.5,23.4,0.0,,,,,,,ARES
2002-06-22,17.4,15.8,19.6,0.0,,,,,,,ARES
2002-06-23,16.1,14.2,16.8,0.0,,,,,,,ARES
2002-06-24,16.4,13.8,19.4,0.0,,,,,,,ARES
2002-06-25,17.8,14.5,21.6,0.0,,,,,,,ARES
2002-06-26,17.9,16.0,21.4,35.2,,,,,,,ARES
2002-06-27,15.9,14.4,18.0,2.7,,,,,,,ARES
2002-06-28,15.7,14.0,19.0,0.0,,,,,,,ARES
2002-06-29,15.1,13.1,17.8,0.0,,,,,,,ARES
2002-06-30,15.2,12.6,18.2,0.0,,,,,,,ARES
2002-07-01,15.0,12.4,18.0,4.2,,,,,,,ARES
2002-07-02,16.1,12.8,20.0,0.7,,,,,,,ARES
2002-07-03,17.4,15.1,20.3,0.5,,,,,,,ARES
2002-07-04,16.1,14.8,18.6,0.0,,,,,,,ARES
2002-07-05,16.1,13.9,18.0,1.2,,,,,,,ARES
2002-07-06,15.7,13.9,18.4,0.0,,,,,,,ARES
2002-07-07,16.0,13.0,19.0,0.0,,,,,,,ARES
2002-07-08,17.6,15.0,21.4,4.3,,,,,,,ARES
2002-07-09,15.9,13.0,18.2,3.8,,,,,,,ARES
2002-07-10,16.0,12.6,20.6,0.0,,,,,,,ARES
2002-07-11,16.7,11.6,23.2,0.0,,,,,,,ARES
2002-07-12,18.4,15.4,20.5,0.6,,,,,,,ARES
2002-07-13,16.8,13.8,20.2,0.9,,,,,,,ARES
2002-07-14,17.4,15.8,19.6,0.0,,,,,,,ARES
2002-07-15,17.3,15.4,20.8,0.0,,,,,,,ARES
2002-07-16,17.3,15.2,20.2,0.0,,,,,,,ARES
2002-07-17,19.2,15.6,22.0,0.0,,,,,,,ARES
2002-07-18,20.7,15.9,28.6,0.0,,,,,,,ARES
2002-07-19,16.3,14.6,19.8,0.0,,,,,,,ARES
2002-07-20,16.8,14.6,19.6,0.0,,,,,,,ARES
2002-07-21,19.2,16.2,23.5,0.0,,,,,,,ARES
2002-07-22,17.6,14.9,19.0,0.0,,,,,,,ARES
2002-07-23,17.1,14.5,19.0,0.0,,,,,,,ARES
2002-07-24,18.1,15.2,22.6,0.2,,,,,,,ARES
2002-07-25,18.6,17.0,22.2,0.4,,,,,,,ARES
2002-07-26,18.7,16.6,22.6,0.4,,,,,,,ARES
2002-07-27,18.2,16.4,21.5,0.0,,,,,,,ARES
2002-07-28,18.4,15.2,22.0,0.0,,,,,,,ARES
2002-07-29,18.2,16.6,21.8,0.0,,,,,,,ARES
2002-07-30,17.5,15.6,19.6,2.1,,,,,,,ARES
2002-07-31,16.6,13.7,19.4,0.4,,,,,,,ARES
2002-08-01,17.5,14.1,22.2,0.8,,,,,,,ARES
2002-08-02,18.0,15.0,22.0,1.7,,,,,,,ARES
2002-08-03,18.8,15.8,22.6,0.0,,,,,,,ARES
2002-08-04,18.8,16.9,21.5,0.0,,,,,,,ARES
2002-08-05,18.6,16.8,22.0,0.0,,,,,,,ARES
2002-08-06,17.9,16.8,20.6,0.0,,,,,,,ARES
2002-08-07,18.2,16.2,19.8,0.0,,,,,,,ARES
2002-08-08,17.6,15.4,20.4,0.0,,,,,,,ARES
2002-08-09,17.4,16.0,21.0,8.6,,,,,,,ARES
2002-08-10,17.8,16.1,20.6,0.7,,,,,,,ARES
2002-08-11,18.7,14.0,23.5,0.6,,,,,,,ARES
2002-08-12,18.4,16.6,20.0,0.0,,,,,,,ARES
2002-08-13,19.7,14.8,24.0,0.0,,,,,,,ARES
2002-08-14,19.6,16.2,26.0,0.0,,,,,,,ARES
2002-08-15,19.8,17.0,24.4,0.0,,,,,,,ARES
2002-08-16,19.9,18.0,23.2,0.0,,,,,,,ARES
2002-08-17,20.4,16.5,26.2,7.8,,,,,,,ARES
2002-08-18,19.0,17.6,22.0,0.1,,,,,,,ARES
2002-08-19,18.1,17.0,21.2,0.0,,,,,,,ARES
2002-08-20,18.8,16.9,21.4,0.0,,,,,,,ARES
2002-08-21,18.9,17.4,21.6,0.0,,,,,,,ARES
2002-08-22,18.6,17.0,21.4,0.0,,,,,,,ARES
2002-08-23,18.3,16.2,20.8,0.0,,,,,,,ARES
2002-08-24,19.2,17.0,24.0,0.0,,,,,,,ARES
2002-08-25,17.6,15.8,19.8,0.0,,,,,,,ARES
2002-08-26,17.2,15.2,21.2,0.0,,,,,,,ARES
2002-08-27,17.2,15.5,20.2,0.0,,,,,,,ARES
2002-08-28,17.3,15.4,20.6,0.0,,,,,,,ARES
2002-08-29,17.7,15.0,23.2,0.0,,,,,,,ARES
2002-08-30,17.8,14.4,22.5,0.0,,,,,,,ARES
2002-08-31,17.7,15.8,20.0,0.0,,,,,,,ARES
2002-09-01,20.5,17.0,25.2,0.0,,,,,,,ARES
2002-09-02,20.8,16.0,26.4,0.0,,,,,,,ARES
2002-09-03,16.4,13.5,20.2,0.0,,,,,,,ARES
2002-09-04,17.0,15.6,21.2,1.3,,,,,,,ARES
2002-09-05,17.1,15.0,21.6,0.0,,,,,,,ARES
2002-09-06,16.6,12.4,20.8,0.1,,,,,,,ARES
2002-09-07,17.9,15.2,22.0,9.8,,,,,,,ARES
2002-09-08,15.8,13.4,20.0,0.9,,,,,,,ARES
2002-09-09,17.8,13.8,21.6,0.0,,,,,,,ARES
2002-09-10,18.2,13.2,23.5,0.0,,,,,,,ARES
2002-09-11,19.3,14.6,24.4,0.0,,,,,,,ARES
2002-09-12,18.9,15.0,23.4,0.0,,,,,,,ARES
2002-09-13,19.8,16.8,23.6,0.0,,,,,,,ARES
2002-09-14,19.5,16.0,25.0,0.0,,,,,,,ARES
2002-09-15,20.2,16.6,25.8,1.6,,,,,,,ARES
2002-09-16,19.5,17.4,24.2,9.5,,,,,,,ARES
2002-09-17,18.9,16.0,23.6,0.7,,,,,,,ARES
2002-09-18,20.1,17.5,22.8,2.5,,,,,,,ARES
2002-09-19,20.3,17.6,24.2,10.8,,,,,,,ARES
2002-09-20,19.6,17.0,25.4,3.5,,,,,,,ARES
2002-09-21,18.9,17.2,22.0,5.8,,,,,,,ARES
2002-09-22,17.4,16.4,19.4,1.9,,,,,,,ARES
2002-09-23,17.6,15.6,21.2,0.0,,,,,,,ARES
2002-09-24,17.6,13.2,22.9,0.0,,,,,,,ARES
2002-09-25,15.6,12.0,21.6,0.0,,,,,,,ARES
2002-09-26,16.1,11.4,22.4,0.0,,,,,,,ARES
2002-09-27,18.9,13.8,25.5,0.0,,,,,,,ARES
2002-09-28,21.2,15.9,26.2,0.0,,,,,,,ARES
2002-09-29,21.3,19.4,25.4,0.0,,,,,,,ARES
2002-09-30,21.0,19.0,25.6,0.9,,,,,,,ARES
2002-10-01,19.3,15.2,24.0,0.0,,,,,,,ARES
2002-10-02,18.2,14.0,21.6,0.0,,,,,,,ARES
2002-10-03,17.6,15.8,19.0,0.0,,,,,,,ARES
2002-10-04,18.1,14.6,24.2,0.0,,,,,,,ARES
2002-10-05,19.2,15.5,24.4,0.0,,,,,,,ARES
2002-10-06,19.2,16.8,22.9,0.0,,,,,,,ARES
2002-10-07,16.9,15.6,19.9,0.0,,,,,,,ARES
2002-10-08,16.6,12.4,17.4,28.4,,,,,,,ARES
2002-10-09,13.9,11.6,17.9,23.5,,,,,,,ARES
2002-10-10,13.5,9.8,17.8,0.2,,,,,,,ARES
2002-10-11,15.0,11.1,20.2,3.4,,,,,,,ARES
2002-10-12,15.9,13.6,20.0,12.2,,,,,,,ARES
2002-10-13,15.8,12.4,18.4,30.0,,,,,,,ARES
2002-10-14,15.3,11.6,20.6,15.9,,,,,,,ARES
2002-10-15,16.2,14.2,18.8,34.6,,,,,,,ARES
2002-10-16,14.4,10.8,17.8,9.1,,,,,,,ARES
2002-10-17,13.9,11.5,17.4,0.0,,,,,,,ARES
2002-10-18,14.2,10.8,18.3,0.0,,,,,,,ARES
2002-10-19,18.8,12.7,25.6,0.0,,,,,,,ARES
2002-10-20,20.1,16.4,23.4,13.2,,,,,,,ARES
2002-10-21,17.2,15.2,20.0,9.3,,,,,,,ARES
2002-10-22,16.8,14.4,19.6,6.8,,,,,,,ARES
2002-10-23,15.3,12.8,18.2,9.1,,,,,,,ARES
2002-10-24,17.2,15.4,18.6,6.9,,,,,,,ARES
2002-10-25,18.4,16.0,19.4,28.6,,,,,,,ARES
2002-10-26,18.4,15.6,21.6,10.7,,,,,,,ARES
2002-10-27,15.9,13.4,18.4,0.0,,,,,,,ARES
2002-10-28,19.3,13.0,25.8,0.0,,,,,,,ARES
2002-10-29,18.1,15.4,23.8,27.1,,,,,,,ARES
2002-10-30,16.0,13.8,19.0,0.0,,,,,,,ARES
2002-10-31,16.3,13.8,19.5,0.0,,,,,,,ARES
2002-11-01,17.9,15.4,21.6,0.0,,,,,,,ARES
2002-11-02,19.4,16.0,21.5,15.9,,,,,,,ARES
2002-11-03,15.7,13.8,18.4,0.8,,,,,,,ARES
2002-11-04,14.7,12.6,17.0,1.1,,,,,,,ARES
2002-11-05,15.3,12.6,17.2,5.0,,,,,,,ARES
2002-11-06,15.7,14.2,17.4,2.0,,,,,,,ARES
2002-11-07,13.0,9.0,16.0,0.0,,,,,,,ARES
2002-11-08,12.3,6.9,17.2,2.9,,,,,,,ARES
2002-11-09,16.1,13.0,17.0,4.4,,,,,,,ARES
2002-11-10,16.4,15.0,18.2,5.2,,,,,,,ARES
2002-11-11,14.8,13.0,17.0,0.3,,,,,,,ARES
2002-11-12,13.4,12.0,15.5,9.2,,,,,,,ARES
2002-11-13,12.4,10.1,15.0,26.9,,,,,,,ARES
2002-11-14,11.2,9.8,13.4,1.3,,,,,,,ARES
2002-11-15,11.2,8.6,15.0,16.3,,,,,,,ARES
2002-11-16,12.3,10.0,14.2,21.1,,,,,,,ARES
2002-11-17,12.8,10.6,15.2,3.3,,,,,,,ARES
2002-11-18,13.8,11.0,17.0,17.5,,,,,,,ARES
2002-11-19,10.9,8.0,12.2,11.4,,,,,,,ARES
2002-11-20,9.8,5.5,13.6,21.1,,,,,,,ARES
2002-11-21,11.6,9.0,13.2,13.0,,,,,,,ARES
2002-11-22,11.6,10.0,13.8,2.9,,,,,,,ARES
2002-11-23,9.8,8.4,12.0,7.3,,,,,,,ARES
2002-11-24,9.3,7.2,12.8,0.0,,,,,,,ARES
2002-11-25,11.1,6.6,14.8,0.0,,,,,,,ARES
2002-11-26,12.9,9.6,16.4,0.0,,,,,,,ARES
2002-11-27,14.7,12.6,16.5,13.9,,,,,,,ARES
2002-11-28,12.4,10.8,15.4,13.0,,,,,,,ARES
2002-11-29,12.9,10.2,14.6,0.5,,,,,,,ARES
2002-11-30,13.9,13.0,15.0,12.5,,,,,,,ARES
2002-12-01,14.1,12.5,15.3,21.6,,,,,,,ARES
2002-12-02,12.7,11.4,14.0,2.1,,,,,,,ARES
2002-12-03,12.2,10.5,13.6,2.7,,,,,,,ARES
2002-12-04,12.9,11.8,14.6,2.3,,,,,,,ARES
2002-12-05,10.2,9.6,13.6,0.0,,,,,,,ARES
2002-12-06,11.3,7.8,13.0,0.0,,,,,,,ARES
2002-12-07,10.4,8.0,13.2,0.0,,,,,,,ARES
2002-12-08,10.2,7.8,12.7,0.0,,,,,,,ARES
2002-12-09,8.7,6.4,10.2,9.2,,,,,,,ARES
2002-12-10,9.4,8.2,12.0,13.9,,,,,,,ARES
2002-12-11,8.3,7.4,11.8,2.7,,,,,,,ARES
2002-12-12,11.2,7.0,14.0,0.0,,,,,,,ARES
2002-12-13,10.3,9.0,12.0,2.4,,,,,,,ARES
2002-12-14,12.1,9.4,14.4,2.6,,,,,,,ARES
2002-12-15,12.0,9.8,14.4,0.0,,,,,,,ARES
2002-12-16,13.1,10.4,15.4,0.2,,,,,,,ARES
2002-12-17,16.1,14.0,18.4,2.5,,,,,,,ARES
2002-12-18,16.4,13.3,19.0,0.5,,,,,,,ARES
2002-12-19,15.1,13.0,19.3,0.0,,,,,,,ARES
2002-12-20,14.8,13.0,17.4,0.5,,,,,,,ARES
2002-12-21,15.8,14.2,17.2,0.0,,,,,,,ARES
2002-12-22,16.7,15.2,18.8,3.7,,,,,,,ARES
2002-12-23,15.7,13.6,16.8,4.0,,,,,,,ARES
2002-12-24,15.6,13.2,17.0,8.7,,,,,,,ARES
2002-12-25,16.7,12.5,18.7,5.7,,,,,,,ARES
2002-12-26,16.1,12.7,18.2,11.2,,,,,,,ARES
2002-12-27,12.1,10.6,14.0,12.8,,,,,,,ARES
2002-12-28,12.2,9.6,14.2,0.0,,,,,,,ARES
2002-12-29,13.6,11.7,15.2,5.0,,,,,,,ARES
2002-12-30,12.7,11.0,14.5,6.9,,,,,,,ARES
2002-12-31,12.8,11.0,17.0,6.8,,,,,,,ARES
2003-01-01,17.6,13.6,18.6,3.3,,,,,,,ARES
2003-01-02,15.0,13.1,17.6,1.3,,,,,,,ARES
2003-01-03,12.9,11.5,15.2,4.6,,,,,,,ARES
2003-01-04,11.8,10.2,13.6,3.8,,,,,,,ARES
2003-01-05,10.5,8.7,12.0,18.3,,,,,,,ARES
2003-01-06,10.7,9.0,13.0,4.4,,,,,,,ARES
2003-01-07,10.9,8.8,13.4,28.4,,,,,,,ARES
2003-01-08,8.7,7.6,10.8,21.0,,,,,,,ARES
2003-01-09,6.3,1.4,9.8,2.6,,,,,,,ARES
2003-01-10,6.6,2.0,8.6,0.6,,,,,,,ARES
2003-01-11,5.8,3.8,9.4,1.1,,,,,,,ARES
2003-01-12,7.1,5.6,9.2,0.0,,,,,,,ARES
2003-01-13,6.1,2.2,11.4,0.0,,,,,,,ARES
2003-01-14,5.6,0.6,12.4,0.0,,,,,,,ARES
2003-01-15,8.2,5.3,12.7,0.0,,,,,,,ARES
2003-01-16,9.7,5.9,14.3,0.0,,,,,,,ARES
2003-01-17,9.2,5.4,12.6,0.2,,,,,,,ARES
2003-01-18,13.4,9.2,15.2,31.1,,,,,,,ARES
2003-01-19,11.0,8.2,13.6,6.5,,,,,,,ARES
2003-01-20,12.0,8.6,13.6,15.7,,,,,,,ARES
2003-01-21,11.6,8.4,14.4,4.8,,,,,,,ARES
2003-01-22,11.2,9.4,12.4,10.7,,,,,,,ARES
2003-01-23,9.3,5.7,13.8,0.0,,,,,,,ARES
2003-01-24,8.4,4.0,13.5,0.0,,,,,,,ARES
2003-01-25,9.7,6.3,13.4,0.0,,,,,,,ARES
2003-01-26,11.2,8.8,14.4,0.0,,,,,,,ARES
2003-01-27,11.6,10.0,12.6,0.6,,,,,,,ARES
2003-01-28,10.8,9.6,12.0,1.9,,,,,,,ARES
2003-01-29,10.3,9.0,12.0,6.1,,,,,,,ARES
2003-01-30,10.5,7.8,12.0,2.3,,,,,,,ARES
2003-01-31,8.2,5.2,10.0,0.4,,,,,,,ARES
2003-02-01,8.5,5.0,11.4,3.5,,,,,,,ARES
2003-02-02,11.4,9.6,13.6,1.9,,,,,,,ARES
2003-02-03,11.6,10.4,13.4,5.1,,,,,,,ARES
2003-02-04,11.9,10.0,13.8,1.6,,,,,,,ARES
2003-02-05,10.9,8.5,13.0,3.9,,,,,,,ARES
2003-02-06,11.4,10.0,12.8,0.0,,,,,,,ARES
2003-02-07,10.8,8.6,14.6,0.0,,,,,,,ARES
2003-02-08,9.8,5.4,14.0,0.0,,,,,,,ARES
2003-02-09,11.4,10.0,14.2,0.0,,,,,,,ARES
2003-02-10,13.0,10.6,16.6,8.6,,,,,,,ARES
2003-02-11,11.8,10.2,14.5,0.0,,,,,,,ARES
2003-02-12,10.7,8.8,12.7,0.0,,,,,,,ARES
2003-02-13,10.3,7.5,13.0,0.5,,,,,,,ARES
2003-02-14,9.7,7.8,12.5,4.1,,,,,,,ARES
2003-02-15,8.1,5.3,11.6,0.0,,,,,,,ARES
2003-02-16,6.7,2.2,11.4,0.0,,,,,,,ARES
2003-02-17,7.2,2.6,11.6,1.4,,,,,,,ARES
2003-02-18,7.4,5.0,10.0,11.5,,,,,,,ARES
2003-02-19,7.9,4.8,11.6,0.0,,,,,,,ARES
2003-02-20,9.1,4.6,14.0,0.0,,,,,,,ARES
2003-02-21,10.8,7.2,15.2,0.0,,,,,,,ARES
2003-02-22,12.3,10.4,15.8,0.5,,,,,,,ARES
2003-02-23,10.5,7.6,15.6,0.0,,,,,,,ARES
2003-02-24,13.0,10.7,15.2,1.5,,,,,,,ARES
2003-02-25,10.7,8.0,12.2,0.2,,,,,,,ARES
2003-02-26,10.5,6.6,12.8,4.2,,,,,,,ARES
2003-02-27,11.6,8.6,14.4,0.2,,,,,,,ARES
2003-02-28,14.2,12.2,16.6,24.5,,,,,,,ARES
2003-03-01,14.4,12.8,17.4,1.4,,,,,,,ARES
2003-03-02,13.9,12.0,16.1,8.1,,,,,,,ARES
2003-03-03,15.2,13.4,17.5,0.0,,,,,,,ARES
2003-03-04,14.3,11.6,17.4,0.0,,,,,,,ARES
2003-03-05,11.7,9.7,13.6,12.2,,,,,,,ARES
2003-03-06,9.9,7.4,14.2,0.0,,,,,,,ARES
2003-03-07,10.4,8.6,13.8,0.7,,,,,,,ARES
2003-03-08,10.1,6.0,14.2,0.0,,,,,,,ARES
2003-03-09,13.8,7.6,20.4,0.0,,,,,,,ARES
2003-03-10,13.8,8.5,17.7,0.0,,,,,,,ARES
2003-03-11,16.0,13.2,19.8,0.0,,,,,,,ARES
2003-03-12,15.3,11.0,20.4,0.0,,,,,,,ARES
2003-03-13,15.6,12.3,20.5,6.6,,,,,,,ARES
2003-03-14,13.3,10.8,16.8,0.0,,,,,,,ARES
2003-03-15,12.7,10.0,15.4,0.0,,,,,,,ARES
2003-03-16,13.1,9.8,17.4,0.0,,,,,,,ARES
2003-03-17,14.7,12.0,19.6,0.0,,,,,,,ARES
2003-03-18,13.7,8.8,19.4,0.0,,,,,,,ARES
2003-03-19,12.3,6.7,17.8,0.0,,,,,,,ARES
2003-03-20,12.9,6.5,18.8,0.0,,,,,,,ARES
2003-03-21,12.1,6.5,17.8,0.0,,,,,,,ARES
2003-03-22,10.8,7.8,15.6,0.0,,,,,,,ARES
2003-03-23,12.7,7.6,19.0,4.5,,,,,,,ARES
2003-03-24,14.9,12.0,19.4,5.8,,,,,,,ARES
2003-03-25,13.9,11.8,19.4,2.5,,,,,,,ARES
2003-03-26,13.1,10.4,16.6,2.2,,,,,,,ARES
2003-03-27,14.3,12.0,19.0,0.0,,,,,,,ARES
2003-03-28,14.2,10.8,17.8,1.7,,,,,,,ARES
2003-03-29,13.0,11.8,15.3,5.0,,,,,,,ARES
2003-03-30,13.2,12.0,14.4,0.9,,,,,,,ARES
2003-03-31,13.7,11.8,16.2,0.0,,,,,,,ARES
2003-04-01,12.6,9.8,16.6,0.5,,,,,,,ARES
2003-04-02,11.8,10.6,13.8,0.1,,,,,,,ARES
2003-04-03,11.8,10.3,15.0,0.0,,,,,,,ARES
2003-04-04,12.9,9.6,16.6,0.0,,,,,,,ARES
2003-04-05,13.7,9.3,20.6,0.0,,,,,,,ARES
2003-04-06,14.4,8.8,21.6,0.0,,,,,,,ARES
2003-04-07,13.8,9.7,18.8,0.0,,,,,,,ARES
2003-04-08,11.2,9.2,16.0,0.0,,,,,,,ARES
2003-04-09,10.9,9.0,14.0,0.0,,,,,,,ARES
2003-04-10,11.1,7.9,15.0,5.2,,,,,,,ARES
2003-04-11,10.8,8.2,14.0,4.2,,,,,,,ARES
2003-04-12,13.9,8.6,18.9,0.2,,,,,,,ARES
2003-04-13,16.8,13.5,19.2,0.7,,,,,,,ARES
2003-04-14,14.8,12.8,19.8,0.8,,,,,,,ARES
2003-04-15,14.1,10.6,20.5,0.0,,,,,,,ARES
2003-04-16,14.8,10.4,18.8,0.0,,,,,,,ARES
2003-04-17,16.1,13.8,22.8,16.5,,,,,,,ARES
2003-04-18,13.7,12.2,16.0,11.8,,,,,,,ARES
2003-04-19,12.6,11.2,13.5,14.7,,,,,,,ARES
2003-04-20,12.5,11.3,14.2,1.0,,,,,,,ARES
2003-04-21,13.9,10.8,18.5,0.0,,,,,,,ARES
2003-04-22,15.2,12.6,20.2,2.6,,,,,,,ARES
2003-04-23,15.3,12.8,19.4,0.8,,,,,,,ARES
2003-04-24,15.1,12.6,18.8,6.3,,,,,,,ARES
2003-04-25,13.6,11.7,15.6,5.1,,,,,,,ARES
2003-04-26,15.0,12.6,18.6,0.0,,,,,,,ARES
2003-04-27,14.4,12.0,18.6,0.1,,,,,,,ARES
2003-04-28,15.3,11.9,19.2,15.7,,,,,,,ARES
2003-04-29,12.8,11.0,16.8,15.9,,,,,,,ARES
2003-04-30,13.5,9.8,18.2,1.6,,,,,,,ARES
2003-05-01,14.2,11.4,19.0,3.7,,,,,,,ARES
2003-05-02,13.7,11.2,19.0,4.6,,,,,,,ARES
2003-05-03,13.7,9.2,19.0,0.0,,,,,,,ARES
2003-05-04,14.6,11.5,17.9,1.3,,,,,,,ARES
2003-05-05,12.8,10.8,15.4,6.8,,,,,,,ARES
2003-05-06,11.9,9.1,14.4,0.0,,,,,,,ARES
2003-05-07,12.3,10.6,14.6,0.0,,,,,,,ARES
2003-05-08,13.3,10.5,16.4,0.2,,,,,,,ARES
2003-05-09,13.8,12.0,16.6,0.0,,,,,,,ARES
2003-05-10,13.7,9.2,16.8,0.0,,,,,,,ARES
2003-05-11,14.3,11.9,17.6,0.0,,,,,,,ARES
2003-05-12,14.3,10.2,19.8,0.2,,,,,,,ARES
2003-05-13,13.7,11.3,16.2,0.0,,,,,,,ARES
2003-05-14,14.1,11.2,18.5,0.0,,,,,,,ARES
2003-05-15,13.7,10.2,19.4,0.1,,,,,,,ARES
2003-05-16,14.8,12.0,18.8,0.1,,,,,,,ARES
2003-05-17,16.2,14.0,19.6,0.0,,,,,,,ARES
2003-05-18,19.1,17.4,22.2,12.8,,,,,,,ARES
2003-05-19,15.7,13.4,18.5,0.0,,,,,,,ARES
2003-05-20,14.6,12.4,17.7,0.0,,,,,,,ARES
2003-05-21,15.7,10.4,20.8,0.0,,,,,,,ARES
2003-05-22,17.1,13.6,25.0,0.0,,,,,,,ARES
2003-05-23,14.9,12.6,19.6,5.5,,,,,,,ARES
2003-05-24,14.1,12.0,16.0,1.2,,,,,,,ARES
2003-05-25,14.2,11.2,16.6,0.0,,,,,,,ARES
2003-05-26,14.2,10.0,17.6,0.0,,,,,,,ARES
2003-05-27,17.0,11.3,22.5,0.0,,,,,,,ARES
2003-05-28,20.9,15.2,28.8,0.0,,,,,,,ARES
2003-05-29,16.1,14.2,18.4,0.0,,,,,,,ARES
2003-05-30,14.5,13.4,16.4,0.0,,,,,,,ARES
2003-05-31,15.1,14.0,18.2,0.0,,,,,,,ARES
2003-06-01,15.1,13.4,18.0,12.2,,,,,,,ARES
2003-06-02,16.3,14.2,19.8,2.9,,,,,,,ARES
2003-06-03,18.1,14.9,22.6,11.0,,,,,,,ARES
2003-06-04,15.9,13.4,19.2,0.0,,,,,,,ARES
2003-06-05,15.4,11.4,19.2,0.0,,,,,,,ARES
2003-06-06,17.5,13.2,22.8,0.0,,,,,,,ARES
2003-06-07,17.3,15.2,21.0,0.2,,,,,,,ARES
2003-06-08,16.6,14.0,20.4,0.0,,,,,,,ARES
2003-06-09,19.1,13.5,25.3,0.0,,,,,,,ARES
2003-06-10,19.6,16.4,24.2,0.0,,,,,,,ARES
2003-06-11,17.6,15.4,20.6,0.0,,,,,,,ARES
2003-06-12,18.7,16.8,22.4,0.0,,,,,,,ARES
2003-06-13,21.5,17.4,29.0,3.0,,,,,,,ARES
2003-06-14,18.6,17.2,22.4,0.0,,,,,,,ARES
2003-06-15,17.6,15.8,21.6,0.5,,,,,,,ARES
2003-06-16,17.4,16.0,21.5,0.7,,,,,,,ARES
2003-06-17,17.3,15.9,20.0,0.0,,,,,,,ARES
2003-06-18,17.9,15.2,20.5,0.0,,,,,,,ARES
2003-06-19,22.3,17.2,30.4,0.0,,,,,,,ARES
2003-06-20,24.2,18.8,30.8,0.0,,,,,,,ARES
2003-06-21,21.4,17.0,28.2,0.0,,,,,,,ARES
2003-06-22,17.9,15.2,21.8,0.0,,,,,,,ARES
2003-06-23,16.8,15.2,18.8,0.0,,,,,,,ARES
2003-06-24,16.6,15.1,18.4,4.8,,,,,,,ARES
2003-06-25,16.6,15.1,20.0,0.0,,,,,,,ARES
2003-06-26,16.9,12.4,21.8,1.8,,,,,,,ARES
2003-06-27,16.7,15.4,18.0,0.4,,,,,,,ARES
2003-06-28,17.9,15.6,22.0,17.2,,,,,,,ARES
2003-06-29,15.9,14.1,18.6,10.1,,,,,,,ARES
2003-06-30,17.1,15.4,20.7,5.3,,,,,,,ARES
2003-07-01,17.9,15.6,21.6,1.6,,,,,,,ARES
2003-07-02,17.8,15.5,21.6,1.7,,,,,,,ARES
2003-07-03,17.7,15.8,21.0,0.0,,,,,,,ARES
2003-07-04,16.8,13.2,20.0,0.0,,,,,,,ARES
2003-07-05,17.7,16.0,20.2,0.0,,,,,,,ARES
2003-07-06,17.3,15.2,18.8,0.0,,,,,,,ARES
2003-07-07,18.4,15.8,22.4,0.0,,,,,,,ARES
2003-07-08,18.4,15.3,22.8,0.0,,,,,,,ARES
2003-07-09,18.2,16.6,21.3,0.0,,,,,,,ARES
2003-07-10,18.0,15.3,21.4,0.0,,,,,,,ARES
2003-07-11,19.8,17.5,23.8,0.0,,,,,,,ARES
2003-07-12,20.0,17.0,25.0,0.3,,,,,,,ARES
2003-07-13,18.6,16.6,21.6,0.2,,,,,,,ARES
2003-07-14,17.4,14.7,21.6,10.0,,,,,,,ARES
2003-07-15,16.1,13.6,17.8,49.1,,,,,,,ARES
2003-07-16,16.8,14.0,20.8,0.0,,,,,,,ARES
2003-07-17,18.1,13.7,23.0,0.0,,,,,,,ARES
2003-07-18,20.7,15.8,25.2,0.0,,,,,,,ARES
2003-07-19,20.3,17.3,24.2,0.0,,,,,,,ARES
2003-07-20,18.6,15.6,22.0,0.0,,,,,,,ARES
2003-07-21,18.7,15.7,22.6,0.0,,,,,,,ARES
2003-07-22,18.6,15.2,21.6,0.0,,,,,,,ARES
2003-07-23,19.5,16.0,23.2,2.8,,,,,,,ARES
2003-07-24,19.2,17.0,22.2,0.0,,,,,,,ARES
2003-07-25,19.9,17.5,22.2,3.8,,,,,,,ARES
2003-07-26,20.9,17.7,24.2,22.3,,,,,,,ARES
2003-07-27,18.7,16.0,22.0,0.0,,,,,,,ARES
2003-07-28,18.2,14.6,22.0,0.0,,,,,,,ARES
2003-07-29,18.9,16.2,25.0,0.0,,,,,,,ARES
2003-07-30,19.7,18.4,23.2,0.0,,,,,,,ARES
2003-07-31,20.2,17.0,23.5,0.0,,,,,,,ARES
2003-08-01,20.2,17.6,24.0,0.0,,,,,,,ARES
2003-08-02,23.4,17.5,27.5,0.0,,,,,,,ARES
2003-08-03,23.7,19.6,32.0,0.0,,,,,,,ARES
2003-08-04,20.2,17.0,24.3,0.0,,,,,,,ARES
2003-08-05,20.3,17.2,23.6,0.0,,,,,,,ARES
2003-08-06,22.5,19.6,27.4,0.0,,,,,,,ARES
2003-08-07,23.1,20.0,28.0,0.0,,,,,,,ARES
2003-08-08,20.6,18.8,25.2,0.3,,,,,,,ARES
2003-08-09,19.6,18.6,22.0,0.0,,,,,,,ARES
2003-08-10,19.6,18.8,21.8,0.0,,,,,,,ARES
2003-08-11,20.7,19.0,24.2,0.0,,,,,,,ARES
2003-08-12,24.9,18.2,34.2,0.0,,,,,,,ARES
2003-08-13,21.7,17.8,27.8,0.0,,,,,,,ARES
2003-08-14,21.1,18.6,24.9,0.1,,,,,,,ARES
2003-08-15,20.8,19.4,23.6,0.8,,,,,,,ARES
2003-08-16,20.5,17.0,23.6,0.0,,,,,,,ARES
2003-08-17,19.8,18.6,23.0,0.0,,,,,,,ARES
2003-08-18,19.8,17.4,23.5,0.0,,,,,,,ARES
2003-08-19,19.9,17.8,24.2,0.0,,,,,,,ARES
2003-08-20,19.9,17.6,23.0,0.0,,,,,,,ARES
2003-08-21,20.8,18.8,25.0,0.0,,,,,,,ARES
2003-08-22,21.6,18.0,27.6,0.0,,,,,,,ARES
2003-08-23,23.7,20.4,29.3,0.0,,,,,,,ARES
2003-08-24,20.7,19.4,24.0,3.0,,,,,,,ARES
2003-08-25,19.8,17.0,23.5,0.0,,,,,,,ARES
2003-08-26,19.5,16.0,24.5,5.0,,,,,,,ARES
2003-08-27,20.2,17.4,24.5,1.2,,,,,,,ARES
2003-08-28,18.9,17.6,21.5,10.5,,,,,,,ARES
2003-08-29,19.5,17.5,23.0,1.7,,,,,,,ARES
2003-08-30,18.5,16.7,21.8,0.0,,,,,,,ARES
2003-08-31,17.6,16.0,21.6,1.1,,,,,,,ARES
2003-09-01,17.9,16.2,20.8,0.0,,,,,,,ARES
2003-09-02,17.9,16.0,20.7,0.0,,,,,,,ARES
2003-09-03,19.3,15.9,24.2,0.0,,,,,,,ARES
2003-09-04,18.4,15.5,22.8,0.0,,,,,,,ARES
2003-09-05,18.9,16.8,22.5,0.7,,,,,,,ARES
2003-09-06,17.8,16.0,21.2,0.0,,,,,,,ARES
2003-09-07,17.8,16.4,21.6,0.3,,,,,,,ARES
2003-09-08,18.1,16.4,20.9,7.2,,,,,,,ARES
2003-09-09,17.2,15.0,20.5,0.0,,,,,,,ARES
2003-09-10,17.1,13.0,21.8,0.0,,,,,,,ARES
2003-09-11,18.8,15.4,22.8,0.0,,,,,,,ARES
2003-09-12,20.4,16.8,27.5,0.0,,,,,,,ARES
2003-09-13,23.3,17.6,30.8,0.0,,,,,,,ARES
2003-09-14,21.9,15.6,29.6,0.0,,,,,,,ARES
2003-09-15,21.4,16.6,27.8,0.0,,,,,,,ARES
2003-09-16,19.9,17.4,24.5,0.0,,,,,,,ARES
2003-09-17,17.8,15.2,24.6,0.0,,,,,,,ARES
2003-09-18,15.6,13.8,19.4,0.0,,,,,,,ARES
2003-09-19,19.7,13.4,26.0,0.0,,,,,,,ARES
2003-09-20,22.1,18.8,27.6,0.5,,,,,,,ARES
2003-09-21,20.7,18.8,24.6,3.1,,,,,,,ARES
2003-09-22,19.0,16.0,22.5,0.4,,,,,,,ARES
2003-09-23,17.2,14.7,20.8,0.0,,,,,,,ARES
2003-09-24,19.0,14.7,25.2,0.0,,,,,,,ARES
2003-09-25,18.9,16.2,25.1,0.0,,,,,,,ARES
2003-09-26,18.3,16.4,21.7,0.0,,,,,,,ARES
2003-09-27,18.6,17.0,21.8,0.1,,,,,,,ARES
2003-09-28,17.8,16.0,20.6,0.0,,,,,,,ARES
2003-09-29,17.0,14.8,20.8,0.5,,,,,,,ARES
2003-09-30,17.2,15.8,21.6,1.3,,,,,,,ARES
2003-10-01,15.8,14.6,19.2,4.4,,,,,,,ARES
2003-10-02,14.6,13.6,16.4,9.2,,,,,,,ARES
2003-10-03,15.9,13.6,20.2,2.6,,,,,,,ARES
2003-10-04,16.3,15.2,18.0,1.2,,,,,,,ARES
2003-10-05,15.9,13.4,18.6,0.0,,,,,,,ARES
2003-10-06,14.5,10.7,17.8,0.0,,,,,,,ARES
2003-10-07,15.8,13.0,19.1,0.5,,,,,,,ARES
2003-10-08,17.1,14.8,20.4,0.0,,,,,,,ARES
2003-10-09,17.3,13.6,22.8,0.0,,,,,,,ARES
2003-10-10,17.4,13.5,23.0,0.0,,,,,,,ARES
2003-10-11,17.6,14.5,22.6,6.8,,,,,,,ARES
2003-10-12,16.3,15.0,17.4,1.4,,,,,,,ARES
2003-10-13,15.9,13.0,19.6,0.0,,,,,,,ARES
2003-10-14,15.9,12.2,20.8,0.0,,,,,,,ARES
2003-10-15,15.1,13.5,18.0,0.5,,,,,,,ARES
2003-10-16,15.6,13.6,19.7,0.0,,,,,,,ARES
2003-10-17,15.5,13.2,19.2,0.0,,,,,,,ARES
2003-10-18,15.5,12.0,19.2,10.1,,,,,,,ARES
2003-10-19,14.6,13.4,17.5,11.0,,,,,,,ARES
2003-10-20,14.7,12.6,17.0,0.3,,,,,,,ARES
2003-10-21,13.3,11.0,16.4,4.6,,,,,,,ARES
2003-10-22,11.8,10.4,16.5,5.0,,,,,,,ARES
2003-10-23,12.5,9.6,14.6,0.4,,,,,,,ARES
2003-10-24,10.7,7.3,15.7,0.0,,,,,,,ARES
2003-10-25,11.1,9.7,13.6,0.9,,,,,,,ARES
2003-10-26,11.3,10.2,12.2,8.8,,,,,,,ARES
2003-10-27,12.5,9.6,17.0,4.2,,,,,,,ARES
2003-10-28,11.7,10.1,12.6,9.5,,,,,,,ARES
2003-10-29,12.5,9.8,15.6,6.9,,,,,,,ARES
2003-10-30,14.5,11.3,16.4,24.0,,,,,,,ARES
2003-10-31,12.0,10.4,15.0,12.3,,,,,,,ARES
2003-11-01,13.6,12.0,15.8,0.0,,,,,,,ARES
2003-11-02,14.8,12.6,17.8,25.4,,,,,,,ARES
2003-11-03,14.4,12.6,17.6,4.2,,,,,,,ARES
2003-11-04,14.1,11.0,19.6,0.0,,,,,,,ARES
2003-11-05,16.0,12.0,18.4,0.0,,,,,,,ARES
2003-11-06,18.8,15.8,23.2,0.0,,,,,,,ARES
2003-11-07,19.3,15.8,25.0,0.1,,,,,,,ARES
2003-11-08,15.9,11.7,18.8,2.7,,,,,,,ARES
2003-11-09,13.7,11.0,17.4,5.2,,,,,,,ARES
2003-11-10,14.1,12.3,17.4,0.1,,,,,,,ARES
2003-11-11,13.6,11.6,16.2,9.6,,,,,,,ARES
2003-11-12,13.8,10.0,16.1,0.0,,,,,,,ARES
2003-11-13,12.7,8.5,16.6,6.8,,,,,,,ARES
2003-11-14,13.3,11.0,16.0,28.2,,,,,,,ARES
2003-11-15,12.8,12.0,14.2,10.7,,,,,,,ARES
2003-11-16,12.7,10.8,14.2,0.4,,,,,,,ARES
2003-11-17,11.6,8.6,15.2,0.0,,,,,,,ARES
2003-11-18,12.2,6.8,17.2,0.0,,,,,,,ARES
2003-11-19,13.8,9.4,19.0,0.0,,,,,,,ARES
2003-11-20,13.1,10.8,16.6,0.0,,,,,,,ARES
2003-11-21,12.8,11.0,14.2,26.2,,,,,,,ARES
2003-11-22,12.4,11.0,13.9,95.6,,,,,,,ARES
2003-11-23,11.7,10.4,13.0,5.5,,,,,,,ARES
2003-11-24,11.8,8.8,14.2,0.0,,,,,,,ARES
2003-11-25,10.7,7.6,14.5,2.2,,,,,,,ARES
2003-11-26,12.7,10.3,14.8,17.5,,,,,,,ARES
2003-11-27,11.4,9.8,14.0,0.6,,,,,,,ARES
2003-11-28,13.8,10.4,16.4,0.6,,,,,,,ARES
2003-11-29,15.6,13.2,16.7,32.1,,,,,,,ARES
2003-11-30,11.5,7.4,13.8,23.2,,,,,,,ARES
2003-12-01,7.8,6.6,9.9,11.2,,,,,,,ARES
2003-12-02,8.9,5.4,12.6,12.3,,,,,,,ARES
2003-12-03,10.6,9.4,12.0,14.9,,,,,,,ARES
2003-12-04,9.4,8.4,10.2,19.9,,,,,,,ARES
2003-12-05,9.7,6.4,14.4,0.0,,,,,,,ARES
2003-12-06,11.7,9.0,16.4,3.4,,,,,,,ARES
2003-12-07,11.3,9.2,14.4,0.4,,,,,,,ARES
2003-12-08,12.6,9.9,15.5,7.3,,,,,,,ARES
2003-12-09,10.8,9.4,13.0,3.4,,,,,,,ARES
2003-12-10,12.1,10.3,14.0,0.2,,,,,,,ARES
2003-12-11,13.5,10.4,16.8,0.0,,,,,,,ARES
2003-12-12,14.0,12.0,16.1,0.0,,,,,,,ARES
2003-12-13,13.7,11.0,17.0,0.0,,,,,,,ARES
2003-12-14,14.0,12.3,15.4,1.1,,,,,,,ARES
2003-12-15,12.3,9.2,15.6,0.0,,,,,,,ARES
2003-12-16,11.3,8.7,14.4,0.0,,,,,,,ARES
2003-12-17,12.0,8.5,15.0,0.0,,,,,,,ARES
2003-12-18,13.2,12.3,15.3,2.4,,,,,,,ARES
2003-12-19,14.2,11.9,16.4,4.0,,,,,,,ARES
2003-12-20,14.1,11.6,15.4,0.0,,,,,,,ARES
2003-12-21,11.7,10.0,14.5,1.4,,,,,,,ARES
2003-12-22,9.9,7.8,11.8,0.1,,,,,,,ARES
2003-12-23,8.3,5.7,11.2,0.0,,,,,,,ARES
2003-12-24,9.2,5.6,14.0,0.0,,,,,,,ARES
2003-12-25,9.7,6.4,14.0,0.0,,,,,,,ARES
2003-12-26,10.2,6.9,13.6,2.0,,,,,,,ARES
2003-12-27,12.5,10.4,14.4,8.8,,,,,,,ARES
2003-12-28,10.2,8.6,12.8,2.5,,,,,,,ARES
2003-12-29,11.7,9.0,13.6,9.8,,,,,,,ARES
2003-12-30,12.8,11.8,14.0,7.5,,,,,,,ARES
2003-12-31,12.8,12.2,14.4,13.5,,,,,,,ARES
2004-01-01,12.8,11.8,14.0,1.4,,,,,,,ARES
2004-01-02,12.2,11.0,14.2,0.0,,,,,,,ARES
2004-01-03,12.1,10.8,13.8,0.7,,,,,,,ARES
2004-01-04,12.1,10.4,13.5,0.0,,,,,,,ARES
2004-01-05,9.7,6.6,14.0,0.0,,,,,,,ARES
2004-01-06,10.4,7.2,14.6,0.0,,,,,,,ARES
2004-01-07,12.4,9.8,15.0,0.1,,,,,,,ARES
2004-01-08,15.6,13.8,17.2,2.7,,,,,,,ARES
2004-01-09,15.8,15.0,17.0,0.6,,,,,,,ARES
2004-01-10,16.1,15.2,17.6,3.4,,,,,,,ARES
2004-01-11,15.3,13.4,17.0,0.2,,,,,,,ARES
2004-01-12,15.7,15.0,16.6,0.3,,,,,,,ARES
2004-01-13,15.8,13.0,17.6,6.3,,,,,,,ARES
2004-01-14,12.2,9.3,14.2,1.4,,,,,,,ARES
2004-01-15,9.4,6.0,12.4,0.0,,,,,,,ARES
2004-01-16,12.5,10.2,15.4,8.8,,,,,,,ARES
2004-01-17,11.7,10.8,13.2,1.4,,,,,,,ARES
2004-01-18,10.9,7.8,12.6,0.0,,,,,,,ARES
2004-01-19,7.8,5.0,11.8,0.0,,,,,,,ARES
2004-01-20,6.3,3.2,12.6,0.0,,,,,,,ARES
2004-01-21,8.0,3.8,13.4,0.0,,,,,,,ARES
2004-01-22,8.3,4.5,14.5,1.9,,,,,,,ARES
2004-01-23,13.8,13.4,14.6,7.4,,,,,,,ARES
2004-01-24,13.3,12.4,14.6,1.7,,,,,,,ARES
2004-01-25,14.0,12.4,15.5,11.9,,,,,,,ARES
2004-01-26,11.2,8.8,13.2,10.4,,,,,,,ARES
2004-01-27,9.6,7.8,11.2,1.2,,,,,,,ARES
2004-01-28,8.4,5.2,12.2,0.0,,,,,,,ARES
2004-01-29,7.7,2.8,12.8,1.1,,,,,,,ARES
2004-01-30,12.2,9.5,15.4,3.9,,,,,,,ARES
2004-01-31,14.7,12.2,18.0,0.0,,,,,,,ARES
2004-02-01,13.3,10.4,17.4,0.0,,,,,,,ARES
2004-02-02,14.7,11.6,18.6,0.0,,,,,,,ARES
2004-02-03,17.5,15.4,21.8,0.0,,,,,,,ARES
2004-02-04,18.1,15.2,21.6,0.0,,,,,,,ARES
2004-02-05,17.7,14.1,20.6,0.0,,,,,,,ARES
2004-02-06,14.9,11.3,17.8,1.7,,,,,,,ARES
2004-02-07,11.4,8.4,13.8,0.0,,,,,,,ARES
2004-02-08,9.8,7.0,15.6,0.0,,,,,,,ARES
2004-02-09,10.3,6.8,15.6,0.0,,,,,,,ARES
2004-02-10,10.8,6.2,17.5,0.0,,,,,,,ARES
2004-02-11,12.5,8.6,18.4,0.0,,,,,,,ARES
2004-02-12,11.1,7.5,13.5,0.0,,,,,,,ARES
2004-02-13,10.2,5.2,15.6,0.0,,,,,,,ARES
2004-02-14,9.6,5.9,13.2,0.0,,,,,,,ARES
2004-02-15,10.5,8.4,13.8,0.0,,,,,,,ARES
2004-02-16,11.1,8.1,15.0,0.0,,,,,,,ARES
2004-02-17,10.3,6.8,15.2,0.0,,,,,,,ARES
2004-02-18,10.7,8.6,14.2,0.0,,,,,,,ARES
2004-02-19,9.2,6.2,11.4,0.0,,,,,,,ARES
2004-02-20,6.3,3.7,9.6,0.0,,,,,,,ARES
2004-02-21,6.9,1.8,11.0,0.0,,,,,,,ARES
2004-02-22,7.8,3.8,12.8,0.0,,,,,,,ARES
2004-02-23,9.7,5.4,13.6,0.0,,,,,,,ARES
2004-02-24,8.6,7.1,11.2,0.0,,,,,,,ARES
2004-02-25,8.0,7.2,9.2,0.0,,,,,,,ARES
2004-02-26,8.3,7.0,10.8,4.4,,,,,,,ARES
2004-02-27,8.9,4.2,9.4,2.8,,,,,,,ARES
2004-02-28,9.0,6.1,12.4,7.3,,,,,,,ARES
2004-02-29,8.1,6.0,10.6,2.1,,,,,,,ARES
2004-03-01,7.0,3.0,11.6,0.0,,,,,,,ARES
2004-03-02,6.8,1.6,11.6,0.0,,,,,,,ARES
2004-03-03,9.9,8.5,12.2,1.5,,,,,,,ARES
2004-03-04,13.3,10.0,16.6,0.3,,,,,,,ARES
2004-03-05,12.5,11.2,14.8,3.3,,,,,,,ARES
2004-03-06,11.8,9.1,13.8,0.0,,,,,,,ARES
2004-03-07,11.9,6.0,16.5,0.0,,,,,,,ARES
2004-03-08,11.8,10.0,15.1,1.2,,,,,,,ARES
2004-03-09,12.3,10.4,15.8,2.8,,,,,,,ARES
2004-03-10,12.5,10.7,16.0,1.2,,,,,,,ARES
2004-03-11,13.2,11.0,16.0,3.6,,,,,,,ARES
2004-03-12,11.3,9.2,14.6,1.9,,,,,,,ARES
2004-03-13,10.9,7.8,14.5,0.0,,,,,,,ARES
2004-03-14,11.9,8.8,16.4,0.0,,,,,,,ARES
2004-03-15,13.3,10.0,18.4,0.0,,,,,,,ARES
2004-03-16,12.9,9.2,17.7,0.0,,,,,,,ARES
2004-03-17,12.7,10.4,15.8,1.3,,,,,,,ARES
2004-03-18,12.6,10.7,15.7,0.1,,,,,,,ARES
2004-03-19,13.4,11.4,17.0,0.1,,,,,,,ARES
2004-03-20,14.1,13.2,15.4,0.7,,,,,,,ARES
2004-03-21,12.6,10.4,14.4,1.1,,,,,,,ARES
2004-03-22,10.7,9.1,13.5,1.8,,,,,,,ARES
2004-03-23,10.3,8.8,13.4,12.5,,,,,,,ARES
2004-03-24,9.6,6.7,13.2,0.0,,,,,,,ARES
2004-03-25,9.0,6.4,12.2,0.0,,,,,,,ARES
2004-03-26,8.5,6.4,12.4,0.0,,,,,,,ARES
2004-03-27,9.4,7.8,12.6,0.0,,,,,,,ARES
2004-03-28,8.9,6.4,12.4,1.1,,,,,,,ARES
2004-03-29,9.7,8.4,12.0,0.2,,,,,,,ARES
2004-03-30,12.3,10.4,16.6,2.2,,,,,,,ARES
2004-03-31,12.5,10.0,16.2,9.4,,,,,,,ARES
2004-04-01,9.7,7.8,14.0,9.5,,,,,,,ARES
2004-04-02,10.9,7.7,14.8,2.1,,,,,,,ARES
2004-04-03,13.4,11.1,15.6,0.0,,,,,,,ARES
2004-04-04,14.3,11.9,18.2,0.0,,,,,,,ARES
2004-04-05,12.3,10.3,13.4,0.1,,,,,,,ARES
2004-04-06,11.1,9.8,13.2,0.2,,,,,,,ARES
2004-04-07,11.1,9.4,13.5,0.0,,,,,,,ARES
2004-04-08,10.7,8.4,14.1,0.3,,,,,,,ARES
2004-04-09,9.9,8.2,14.0,0.2,,,,,,,ARES
2004-04-10,9.6,6.2,13.6,0.0,,,,,,,ARES
2004-04-11,10.5,6.1,13.8,0.0,,,,,,,ARES
2004-04-12,11.7,10.2,14.8,0.0,,,,,,,ARES
2004-04-13,11.7,9.2,15.0,0.0,,,,,,,ARES
2004-04-14,11.8,9.0,15.4,0.0,,,,,,,ARES
2004-04-15,11.6,8.4,15.2,0.4,,,,,,,ARES
2004-04-16,11.4,9.6,13.6,1.3,,,,,,,ARES
2004-04-17,11.2,8.2,14.8,2.9,,,,,,,ARES
2004-04-18,11.1,7.4,14.0,12.1,,,,,,,ARES
2004-04-19,11.4,8.6,14.1,7.6,,,,,,,ARES
2004-04-20,15.2,13.6,18.2,5.0,,,,,,,ARES
2004-04-21,14.1,11.4,18.4,2.5,,,,,,,ARES
2004-04-22,12.7,11.0,16.4,0.0,,,,,,,ARES
2004-04-23,12.9,8.0,17.8,0.0,,,,,,,ARES
2004-04-24,14.8,10.2,20.6,0.0,,,,,,,ARES
2004-04-25,15.3,10.2,22.4,0.0,,,,,,,ARES
2004-04-26,14.4,11.4,17.2,0.0,,,,,,,ARES
2004-04-27,14.1,12.0,17.0,0.0,,,,,,,ARES
2004-04-28,12.3,11.2,14.6,3.2,,,,,,,ARES
2004-04-29,11.9,10.1,13.6,5.1,,,,,,,ARES
2004-04-30,11.2,8.5,14.5,1.1,,,,,,,ARES
2004-05-01,11.8,7.4,15.8,0.1,,,,,,,ARES
2004-05-02,11.8,10.2,14.4,0.9,,,,,,,ARES
2004-05-03,11.9,10.8,14.5,0.0,,,,,,,ARES
2004-05-04,12.0,10.2,15.2,8.5,,,,,,,ARES
2004-05-05,10.8,8.8,14.2,16.1,,,,,,,ARES
2004-05-06,11.2,9.0,15.0,1.8,,,,,,,ARES
2004-05-07,10.8,9.4,15.2,4.0,,,,,,,ARES
2004-05-08,11.9,8.6,15.0,8.8,,,,,,,ARES
2004-05-09,12.0,10.2,14.3,12.8,,,,,,,ARES
2004-05-10,12.2,9.0,15.2,0.0,,,,,,,ARES
2004-05-11,13.1,11.5,15.0,0.0,,,,,,,ARES
2004-05-12,12.6,12.2,14.0,0.0,,,,,,,ARES
2004-05-13,13.2,12.0,15.6,0.0,,,,,,,ARES
2004-05-14,14.3,10.5,18.4,0.0,,,,,,,ARES
2004-05-15,15.3,10.4,20.6,0.0,,,,,,,ARES
2004-05-16,17.4,11.0,24.8,0.0,,,,,,,ARES
2004-05-17,17.3,12.5,23.6,0.0,,,,,,,ARES
2004-05-18,19.5,14.8,25.5,0.0,,,,,,,ARES
2004-05-19,19.4,16.8,23.1,0.0,,,,,,,ARES
2004-05-20,18.8,15.2,23.0,0.0,,,,,,,ARES
2004-05-21,16.6,14.8,18.6,0.0,,,,,,,ARES
2004-05-22,16.5,14.6,21.5,0.0,,,,,,,ARES
2004-05-23,17.0,12.8,22.6,0.0,,,,,,,ARES
2004-05-24,16.4,11.3,21.4,0.0,,,,,,,ARES
2004-05-25,15.7,14.6,18.8,0.0,,,,,,,ARES
2004-05-26,14.9,13.2,17.4,0.0,,,,,,,ARES
2004-05-27,15.3,11.3,19.5,1.3,,,,,,,ARES
2004-05-28,17.7,15.2,21.2,1.3,,,,,,,ARES
2004-05-29,16.4,13.8,18.0,0.3,,,,,,,ARES
2004-05-30,16.1,12.3,20.4,0.0,,,,,,,ARES
2004-05-31,17.4,14.0,22.0,1.7,,,,,,,ARES
2004-06-01,16.1,14.8,17.2,0.0,,,,,,,ARES
2004-06-02,16.5,14.6,19.6,0.0,,,,,,,ARES
2004-06-03,18.9,13.5,24.0,0.0,,,,,,,ARES
2004-06-04,21.2,15.7,25.6,0.0,,,,,,,ARES
2004-06-05,18.3,15.0,23.6,0.0,,,,,,,ARES
2004-06-06,15.8,14.2,18.2,0.0,,,,,,,ARES
2004-06-07,16.4,15.0,20.0,0.0,,,,,,,ARES
2004-06-08,17.7,14.5,21.5,0.0,,,,,,,ARES
2004-06-09,18.1,14.6,22.0,0.0,,,,,,,ARES
2004-06-10,17.9,16.4,21.4,0.0,,,,,,,ARES
2004-06-11,17.4,16.0,20.2,0.0,,,,,,,ARES
2004-06-12,19.5,17.6,22.4,0.0,,,,,,,ARES
2004-06-13,21.1,16.9,27.0,0.0,,,,,,,ARES
2004-06-14,20.6,15.6,27.0,0.0,,,,,,,ARES
2004-06-15,19.2,16.4,26.5,0.0,,,,,,,ARES
2004-06-16,21.1,16.0,26.8,0.0,,,,,,,ARES
2004-06-17,20.2,13.8,26.6,0.0,,,,,,,ARES
2004-06-18,15.3,13.0,18.9,0.0,,,,,,,ARES
2004-06-19,16.5,15.0,20.8,0.0,,,,,,,ARES
2004-06-20,16.6,14.8,20.8,15.1,,,,,,,ARES
2004-06-21,19.4,16.0,22.4,0.0,,,,,,,ARES
2004-06-22,20.1,16.8,24.4,0.0,,,,,,,ARES
2004-06-23,18.6,16.5,22.2,9.4,,,,,,,ARES
2004-06-24,18.4,17.0,20.8,0.5,,,,,,,ARES
2004-06-25,18.6,17.0,22.8,0.0,,,,,,,ARES
2004-06-26,21.6,18.0,27.0,0.0,,,,,,,ARES
2004-06-27,18.1,16.0,20.6,0.0,,,,,,,ARES
2004-06-28,17.9,16.4,20.2,0.0,,,,,,,ARES
2004-06-29,20.1,16.6,24.6,0.0,,,,,,,ARES
2004-06-30,18.6,16.0,22.4,0.0,,,,,,,ARES
2004-07-01,18.2,16.2,20.6,0.0,,,,,,,ARES
2004-07-02,17.1,15.3,21.8,0.0,,,,,,,ARES
2004-07-03,18.6,14.2,23.4,0.0,,,,,,,ARES
2004-07-04,18.8,16.2,23.6,0.0,,,,,,,ARES
2004-07-05,17.1,16.0,18.8,0.0,,,,,,,ARES
2004-07-06,16.4,15.4,17.6,1.1,,,,,,,ARES
2004-07-07,15.3,13.4,18.6,10.1,,,,,,,ARES
2004-07-08,16.6,13.6,21.0,0.0,,,,,,,ARES
2004-07-09,16.8,15.4,19.4,0.2,,,,,,,ARES
2004-07-10,17.7,16.1,21.0,0.1,,,,,,,ARES
2004-07-11,17.1,14.9,20.0,0.0,,,,,,,ARES
2004-07-12,16.5,14.0,19.0,0.0,,,,,,,ARES
2004-07-13,17.7,14.2,21.6,0.0,,,,,,,ARES
2004-07-14,19.0,17.0,21.4,0.0,,,,,,,ARES
2004-07-15,19.7,16.4,24.2,0.0,,,,,,,ARES
2004-07-16,18.5,17.2,21.0,0.0,,,,,,,ARES
2004-07-17,19.3,16.8,23.6,0.0,,,,,,,ARES
2004-07-18,19.3,17.0,21.6,0.1,,,,,,,ARES
2004-07-19,18.9,17.4,22.6,0.0,,,,,,,ARES
2004-07-20,19.3,16.4,24.5,2.0,,,,,,,ARES
2004-07-21,19.4,17.4,22.3,0.0,,,,,,,ARES
2004-07-22,19.2,16.4,23.1,0.0,,,,,,,ARES
2004-07-23,20.7,17.8,23.8,0.0,,,,,,,ARES
2004-07-24,22.2,18.4,26.5,0.0,,,,,,,ARES
2004-07-25,20.9,18.0,24.6,0.0,,,,,,,ARES
2004-07-26,20.9,17.7,24.6,0.0,,,,,,,ARES
2004-07-27,20.7,17.6,25.2,0.0,,,,,,,ARES
2004-07-28,19.3,16.6,23.2,0.0,,,,,,,ARES
2004-07-29,20.0,16.4,25.2,0.0,,,,,,,ARES
2004-07-30,21.4,18.4,24.8,0.0,,,,,,,ARES
2004-07-31,20.9,17.5,27.0,0.0,,,,,,,ARES
2004-08-01,21.0,19.0,25.2,0.0,,,,,,,ARES
2004-08-02,21.6,19.2,25.4,0.0,,,,,,,ARES
2004-08-03,20.4,18.0,22.9,10.0,,,,,,,ARES
2004-08-04,19.2,17.6,22.8,0.8,,,,,,,ARES
2004-08-05,18.6,16.4,24.2,1.5,,,,,,,ARES
2004-08-06,20.4,17.6,23.8,0.0,,,,,,,ARES
2004-08-07,21.9,17.3,27.0,3.9,,,,,,,ARES
2004-08-08,20.8,16.8,23.4,11.7,,,,,,,ARES
2004-08-09,19.7,16.6,24.4,5.0,,,,,,,ARES
2004-08-10,18.9,17.0,23.6,9.3,,,,,,,ARES
2004-08-11,20.1,18.1,24.0,5.8,,,,,,,ARES
2004-08-12,19.6,17.2,23.1,0.0,,,,,,,ARES
2004-08-13,20.4,17.0,24.2,0.0,,,,,,,ARES
2004-08-14,21.3,19.4,26.4,0.0,,,,,,,ARES
2004-08-15,20.3,18.8,22.7,2.4,,,,,,,ARES
2004-08-16,22.1,19.2,26.4,2.1,,,,,,,ARES
2004-08-17,20.8,18.4,24.0,4.1,,,,,,,ARES
2004-08-18,19.7,17.6,23.6,0.4,,,,,,,ARES
2004-08-19,19.0,17.4,22.6,3.1,,,,,,,ARES
2004-08-20,18.6,16.4,22.5,0.7,,,,,,,ARES
2004-08-21,17.8,14.6,21.0,0.0,,,,,,,ARES
2004-08-22,18.8,14.8,22.6,0.4,,,,,,,ARES
2004-08-23,19.4,17.4,22.8,0.0,,,,,,,ARES
2004-08-24,18.6,17.0,21.6,1.4,,,,,,,ARES
2004-08-25,18.8,17.0,21.8,0.0,,,,,,,ARES
2004-08-26,18.5,16.6,20.6,0.0,,,,,,,ARES
2004-08-27,17.7,15.4,20.8,0.0,,,,,,,ARES
2004-08-28,18.8,16.3,22.4,0.0,,,,,,,ARES
2004-08-29,18.9,17.6,21.1,0.7,,,,,,,ARES
2004-08-30,18.4,17.4,21.0,0.0,,,,,,,ARES
2004-08-31,19.7,17.0,23.2,0.0,,,,,,,ARES
2004-09-01,19.3,17.6,22.4,0.0,,,,,,,ARES
2004-09-02,18.6,16.8,21.0,0.0,,,,,,,ARES
2004-09-03,19.5,17.8,23.3,0.2,,,,,,,ARES
2004-09-04,19.6,18.2,23.7,2.5,,,,,,,ARES
2004-09-05,19.3,18.0,23.3,0.3,,,,,,,ARES
2004-09-06,19.1,17.6,21.5,0.0,,,,,,,ARES
2004-09-07,19.9,17.1,25.0,2.7,,,,,,,ARES
2004-09-08,18.8,16.4,23.2,6.8,,,,,,,ARES
2004-09-09,19.9,17.4,23.5,0.6,,,,,,,ARES
2004-09-10,20.4,18.8,23.2,0.0,,,,,,,ARES
2004-09-11,19.2,16.8,23.0,0.0,,,,,,,ARES
2004-09-12,18.1,14.8,21.0,0.0,,,,,,,ARES
2004-09-13,18.2,15.8,22.5,9.3,,,,,,,ARES
2004-09-14,16.8,15.2,20.4,1.3,,,,,,,ARES
2004-09-15,17.1,14.8,20.0,0.0,,,,,,,ARES
2004-09-16,17.4,12.0,23.6,0.0,,,,,,,ARES
2004-09-17,17.9,13.8,22.9,0.0,,,,,,,ARES
2004-09-18,19.1,16.6,22.4,1.4,,,,,,,ARES
2004-09-19,17.6,15.8,20.4,0.0,,,,,,,ARES
2004-09-20,17.2,16.0,20.9,0.0,,,,,,,ARES
2004-09-21,18.2,14.2,21.5,0.0,,,,,,,ARES
2004-09-22,19.3,15.8,24.5,0.0,,,,,,,ARES
2004-09-23,17.2,15.0,22.0,0.0,,,,,,,ARES
2004-09-24,16.9,15.4,22.4,0.0,,,,,,,ARES
2004-09-25,17.8,15.5,22.4,0.0,,,,,,,ARES
2004-09-26,18.3,13.6,24.2,0.0,,,,,,,ARES
2004-09-27,18.8,15.0,23.8,0.0,,,,,,,ARES
2004-09-28,19.8,15.4,28.0,0.0,,,,,,,ARES
2004-09-29,16.6,12.7,20.2,0.9,,,,,,,ARES
2004-09-30,16.9,15.0,19.7,0.1,,,,,,,ARES
2004-10-01,15.5,12.8,19.8,0.0,,,,,,,ARES
2004-10-02,15.9,14.4,19.4,0.0,,,,,,,ARES
2004-10-03,16.0,12.5,20.4,0.0,,,,,,,ARES
2004-10-04,17.3,12.8,22.5,10.9,,,,,,,ARES
2004-10-05,15.4,13.2,18.0,0.0,,,,,,,ARES
2004-10-06,14.6,11.6,17.8,0.0,,,,,,,ARES
2004-10-07,15.6,14.4,17.8,2.7,,,,,,,ARES
2004-10-08,17.2,14.3,22.6,9.9,,,,,,,ARES
2004-10-09,15.3,13.7,16.4,11.8,,,,,,,ARES
2004-10-10,15.8,14.0,16.7,14.4,,,,,,,ARES
2004-10-11,15.2,13.2,18.3,3.5,,,,,,,ARES
2004-10-12,14.7,12.5,17.6,0.0,,,,,,,ARES
2004-10-13,13.8,12.4,18.5,7.1,,,,,,,ARES
2004-10-14,13.8,12.1,16.6,4.8,,,,,,,ARES
2004-10-15,14.1,12.2,17.4,6.8,,,,,,,ARES
2004-10-16,14.1,12.4,15.6,14.1,,,,,,,ARES
2004-10-17,15.3,12.5,19.5,0.0,,,,,,,ARES
2004-10-18,14.6,13.4,15.8,0.4,,,,,,,ARES
2004-10-19,15.9,13.8,20.4,9.3,,,,,,,ARES
2004-10-20,17.6,12.4,20.5,20.0,,,,,,,ARES
2004-10-21,14.3,11.5,18.8,0.0,,,,,,,ARES
2004-10-22,15.4,10.5,20.2,0.0,,,,,,,ARES
2004-10-23,18.7,15.6,22.0,39.6,,,,,,,ARES
2004-10-24,16.6,14.0,20.0,0.4,,,,,,,ARES
2004-10-25,14.2,12.6,18.2,0.0,,,,,,,ARES
2004-10-26,13.6,10.6,16.4,0.7,,,,,,,ARES
2004-10-27,15.1,12.7,18.2,10.9,,,,,,,ARES
2004-10-28,13.5,11.2,16.4,1.3,,,,,,,ARES
2004-10-29,13.3,12.2,16.6,16.3,,,,,,,ARES
2004-10-30,13.4,11.8,16.0,13.2,,,,,,,ARES
2004-10-31,15.2,13.1,18.2,0.0,,,,,,,ARES
2004-11-01,13.2,10.4,16.0,0.0,,,,,,,ARES
2004-11-02,12.2,8.4,16.2,8.2,,,,,,,ARES
2004-11-03,14.0,12.4,15.6,22.8,,,,,,,ARES
2004-11-04,12.9,10.0,15.5,0.5,,,,,,,ARES
2004-11-05,14.3,13.2,17.0,0.0,,,,,,,ARES
2004-11-06,14.0,11.3,17.3,0.0,,,,,,,ARES
2004-11-07,13.6,11.2,17.4,0.0,,,,,,,ARES
2004-11-08,13.3,12.0,14.7,0.2,,,,,,,ARES
2004-11-09,13.4,11.7,16.0,0.5,,,,,,,ARES
2004-11-10,13.0,12.3,15.0,1.0,,,,,,,ARES
2004-11-11,12.8,11.6,14.0,0.9,,,,,,,ARES
2004-11-12,12.8,10.6,15.8,0.0,,,,,,,ARES
2004-11-13,11.8,9.4,15.8,0.4,,,,,,,ARES
2004-11-14,11.8,10.6,13.0,0.0,,,,,,,ARES
2004-11-15,11.8,9.4,15.1,0.0,,,,,,,ARES
2004-11-16,11.3,7.8,15.6,0.0,,,,,,,ARES
2004-11-17,10.4,6.5,15.4,0.0,,,,,,,ARES
2004-11-18,9.9,4.8,13.0,0.4,,,,,,,ARES
2004-11-19,12.5,10.6,14.6,1.1,,,,,,,ARES
2004-11-20,12.9,10.4,16.8,0.0,,,,,,,ARES
2004-11-21,11.2,8.6,15.6,0.0,,,,,,,ARES
2004-11-22,10.2,7.0,14.8,0.0,,,,,,,ARES
2004-11-23,9.6,6.4,15.8,0.0,,,,,,,ARES
2004-11-24,9.5,5.8,14.8,0.0,,,,,,,ARES
2004-11-25,11.3,6.9,16.3,0.0,,,,,,,ARES
2004-11-26,13.4,10.1,16.0,0.0,,,,,,,ARES
2004-11-27,13.1,9.1,16.4,0.1,,,,,,,ARES
2004-11-28,13.3,11.3,14.6,0.6,,,,,,,ARES
2004-11-29,10.8,7.3,14.4,0.0,,,,,,,ARES
2004-11-30,10.8,9.0,13.2,18.8,,,,,,,ARES
2004-12-01,10.9,9.9,12.2,6.7,,,,,,,ARES
2004-12-02,10.7,9.4,12.2,1.4,,,,,,,ARES
2004-12-03,10.3,8.2,13.2,0.0,,,,,,,ARES
2004-12-04,10.6,9.5,13.6,0.0,,,,,,,ARES
2004-12-05,11.0,8.2,14.0,0.0,,,,,,,ARES
2004-12-06,9.1,6.0,13.6,0.0,,,,,,,ARES
2004-12-07,8.9,4.6,12.6,0.0,,,,,,,ARES
2004-12-08,11.3,8.6,14.6,0.0,,,,,,,ARES
2004-12-09,9.1,5.8,14.6,0.0,,,,,,,ARES
2004-12-10,9.7,5.9,14.8,0.0,,,,,,,ARES
2004-12-11,11.0,7.0,16.0,0.0,,,,,,,ARES
2004-12-12,12.6,8.4,17.4,0.0,,,,,,,ARES
2004-12-13,13.2,10.2,17.6,0.2,,,,,,,ARES
2004-12-14,13.0,9.8,17.0,0.0,,,,,,,ARES
2004-12-15,10.7,7.2,14.2,1.0,,,,,,,ARES
2004-12-16,12.2,10.8,12.8,1.2,,,,,,,ARES
2004-12-17,12.3,10.8,13.8,3.3,,,,,,,ARES
2004-12-18,13.3,12.4,14.2,3.4,,,,,,,ARES
2004-12-19,12.9,11.4,14.2,2.0,,,,,,,ARES
2004-12-20,11.6,10.2,14.0,1.7,,,,,,,ARES
2004-12-21,10.8,9.4,12.4,1.1,,,,,,,ARES
2004-12-22,10.8,9.0,13.0,0.0,,,,,,,ARES
2004-12-23,11.2,9.8,12.5,0.0,,,,,,,ARES
2004-12-24,10.9,9.5,11.9,4.7,,,,,,,ARES
2004-12-25,9.0,7.5,10.3,2.7,,,,,,,ARES
2004-12-26,9.3,6.0,10.8,2.1,,,,,,,ARES
2004-12-27,9.7,8.4,12.2,4.7,,,,,,,ARES
2004-12-28,11.4,9.4,13.2,11.9,,,,,,,ARES
2004-12-29,11.1,9.2,13.5,0.0,,,,,,,ARES
2004-12-30,10.3,7.1,13.4,0.0,,,,,,,ARES
2004-12-31,9.1,6.8,11.2,0.0,,,,,,,ARES
2005-01-01,11.5,10.2,13.4,1.9,,,,,,,ARES
2005-01-02,11.8,10.3,12.8,0.0,,,,,,,ARES
2005-01-03,9.8,7.4,12.9,0.0,,,,,,,ARES
2005-01-04,9.8,6.8,13.2,0.0,,,,,,,ARES
2005-01-05,11.2,8.0,14.2,0.0,,,,,,,ARES
2005-01-06,13.6,10.5,16.8,0.0,,,,,,,ARES
2005-01-07,11.0,7.7,15.5,0.0,,,,,,,ARES
2005-01-08,12.1,10.4,13.7,0.0,,,,,,,ARES
2005-01-09,12.6,10.4,16.0,0.0,,,,,,,ARES
2005-01-10,12.0,9.3,14.8,0.0,,,,,,,ARES
2005-01-11,13.0,12.1,14.5,8.5,,,,,,,ARES
2005-01-12,12.3,11.4,12.9,7.9,,,,,,,ARES
2005-01-13,13.9,11.3,16.2,5.1,,,,,,,ARES
2005-01-14,14.7,13.5,17.6,0.0,,,,,,,ARES
2005-01-15,13.4,12.7,14.5,1.6,,,,,,,ARES
2005-01-16,12.8,10.0,17.1,0.0,,,,,,,ARES
2005-01-17,11.2,7.6,14.7,1.1,,,,,,,ARES
2005-01-18,11.4,10.2,13.9,0.6,,,,,,,ARES
2005-01-19,11.8,10.0,14.0,1.6,,,,,,,ARES
2005-01-20,12.3,11.2,14.4,0.0,,,,,,,ARES
2005-01-21,11.5,10.0,14.2,0.0,,,,,,,ARES
2005-01-22,11.4,9.6,14.6,0.0,,,,,,,ARES
2005-01-23,10.4,8.2,13.6,0.0,,,,,,,ARES
2005-01-24,9.7,7.7,11.4,0.0,,,,,,,ARES
2005-01-25,8.3,6.8,9.8,0.0,,,,,,,ARES
2005-01-26,7.7,5.8,10.2,0.2,,,,,,,ARES
2005-01-27,7.4,5.6,10.4,0.1,,,,,,,ARES
2005-01-28,8.3,6.5,11.8,4.0,,,,,,,ARES
2005-01-29,9.3,7.5,11.6,0.9,,,,,,,ARES
2005-01-30,8.8,7.4,12.0,0.0,,,,,,,ARES
2005-01-31,9.5,7.4,13.4,0.0,,,,,,,ARES
2005-02-01,10.4,8.6,12.6,0.0,,,,,,,ARES
2005-02-02,11.1,9.3,14.2,0.0,,,,,,,ARES
2005-02-03,9.3,7.4,11.3,0.0,,,,,,,ARES
2005-02-04,8.9,6.4,11.7,0.0,,,,,,,ARES
2005-02-05,8.4,7.0,9.8,7.2,,,,,,,ARES
2005-02-06,7.1,4.1,10.4,0.5,,,,,,,ARES
2005-02-07,6.2,2.5,11.8,0.0,,,,,,,ARES
2005-02-08,7.7,3.0,12.6,0.0,,,,,,,ARES
2005-02-09,9.3,4.8,14.4,0.0,,,,,,,ARES
2005-02-10,9.7,6.0,14.6,0.0,,,,,,,ARES
2005-02-11,10.8,7.9,14.8,0.0,,,,,,,ARES
2005-02-12,11.7,9.9,15.0,2.1,,,,,,,ARES
2005-02-13,11.3,10.0,12.3,0.1,,,,,,,ARES
2005-02-14,9.8,9.2,12.0,0.9,,,,,,,ARES
2005-02-15,9.8,8.2,14.4,0.6,,,,,,,ARES
2005-02-16,8.6,7.4,11.6,0.0,,,,,,,ARES
2005-02-17,8.7,7.6,11.3,0.0,,,,,,,ARES
2005-02-18,9.3,7.0,12.6,0.0,,,,,,,ARES
2005-02-19,9.9,7.8,12.8,1.7,,,,,,,ARES
2005-02-20,10.0,7.8,12.5,3.7,,,,,,,ARES
2005-02-21,7.2,5.0,9.0,3.8,,,,,,,ARES
2005-02-22,8.9,5.4,11.6,0.1,,,,,,,ARES
2005-02-23,6.4,2.9,10.3,0.0,,,,,,,ARES
2005-02-24,6.2,2.8,10.6,0.5,,,,,,,ARES
2005-02-25,6.2,3.0,9.2,8.3,,,,,,,ARES
2005-02-26,5.1,2.4,8.4,4.9,,,,,,,ARES
2005-02-27,7.0,4.2,10.5,0.0,,,,,,,ARES
2005-02-28,5.2,3.6,7.0,0.0,,,,,,,ARES
2005-03-01,5.4,3.2,9.4,0.0,,,,,,,ARES
2005-03-02,5.6,1.8,10.0,7.9,,,,,,,ARES
2005-03-03,7.1,4.9,9.7,1.1,,,,,,,ARES
2005-03-04,6.9,3.4,10.2,1.7,,,,,,,ARES
2005-03-05,9.9,7.4,12.5,3.9,,,,,,,ARES
2005-03-06,9.1,6.4,11.2,0.7,,,,,,,ARES
2005-03-07,8.6,5.2,12.6,0.0,,,,,,,ARES
2005-03-08,7.8,3.0,14.4,0.0,,,,,,,ARES
2005-03-09,8.4,3.8,15.0,0.0,,,,,,,ARES
2005-03-10,9.7,4.4,16.0,0.0,,,,,,,ARES
2005-03-11,9.7,4.8,14.8,0.0,,,,,,,ARES
2005-03-12,11.5,7.6,16.7,0.0,,,,,,,ARES
2005-03-13,11.2,7.6,16.4,0.0,,,,,,,ARES
2005-03-14,13.1,10.5,16.0,0.0,,,,,,,ARES
2005-03-15,15.4,11.2,22.6,0.0,,,,,,,ARES
2005-03-16,15.8,12.6,20.5,0.1,,,,,,,ARES
2005-03-17,14.1,10.6,20.2,0.0,,,,,,,ARES
2005-03-18,18.7,13.8,27.0,0.0,,,,,,,ARES
2005-03-19,17.6,14.0,22.8,0.0,,,,,,,ARES
2005-03-20,16.8,15.8,18.0,0.9,,,,,,,ARES
2005-03-21,16.3,13.2,19.4,3.4,,,,,,,ARES
2005-03-22,14.8,12.6,19.4,0.0,,,,,,,ARES
2005-03-23,15.2,13.2,18.2,1.5,,,,,,,ARES
2005-03-24,15.3,13.0,19.6,0.0,,,,,,,ARES
2005-03-25,15.6,13.3,19.0,4.5,,,,,,,ARES
2005-03-26,13.2,11.2,16.2,11.0,,,,,,,ARES
2005-03-27,13.6,11.5,16.6,0.4,,,,,,,ARES
2005-03-28,14.5,12.2,18.4,2.9,,,,,,,ARES
2005-03-29,14.5,11.8,17.4,0.1,,,,,,,ARES
2005-03-30,14.6,13.4,17.0,0.1,,,,,,,ARES
2005-03-31,17.1,12.0,21.8,0.0,,,,,,,ARES
2005-04-01,17.3,14.0,20.6,11.1,,,,,,,ARES
2005-04-02,15.1,12.0,21.2,1.0,,,,,,,ARES
2005-04-03,14.2,12.6,18.0,0.0,,,,,,,ARES
2005-04-04,12.8,11.5,16.5,0.2,,,,,,,ARES
2005-04-05,14.4,11.6,18.0,0.0,,,,,,,ARES
2005-04-06,14.2,12.5,16.6,0.0,,,,,,,ARES
2005-04-07,12.2,10.6,13.5,0.4,,,,,,,ARES
2005-04-08,10.7,8.6,13.4,0.0,,,,,,,ARES
2005-04-09,9.8,7.8,12.6,0.0,,,,,,,ARES
2005-04-10,9.6,5.8,13.4,0.0,,,,,,,ARES
2005-04-11,11.3,8.2,15.2,0.0,,,,,,,ARES
2005-04-12,11.9,10.5,15.2,0.0,,,,,,,ARES
2005-04-13,11.4,8.0,15.2,19.0,,,,,,,ARES
2005-04-14,11.6,8.8,14.8,4.9,,,,,,,ARES
2005-04-15,10.1,7.9,13.0,7.4,,,,,,,ARES
2005-04-16,11.2,8.4,14.0,5.9,,,,,,,ARES
2005-04-17,13.9,11.4,18.0,6.2,,,,,,,ARES
2005-04-18,12.2,9.2,17.9,8.0,,,,,,,ARES
2005-04-19,12.1,8.8,16.4,3.0,,,,,,,ARES
2005-04-20,12.9,11.6,14.4,8.5,,,,,,,ARES
2005-04-21,15.3,13.2,18.2,5.1,,,,,,,ARES
2005-04-22,14.9,13.2,17.5,3.3,,,,,,,ARES
2005-04-23,14.3,12.2,18.0,4.6,,,,,,,ARES
2005-04-24,12.7,10.6,16.6,1.7,,,,,,,ARES
2005-04-25,14.1,10.8,18.8,3.5,,,,,,,ARES
2005-04-26,14.4,12.0,18.4,4.7,,,,,,,ARES
2005-04-27,13.1,10.4,18.1,0.0,,,,,,,ARES
2005-04-28,15.5,12.4,21.0,0.0,,,,,,,ARES
2005-04-29,14.2,10.5,18.7,0.0,,,,,,,ARES
2005-04-30,13.7,11.6,18.8,1.0,,,,,,,ARES
2005-05-01,18.2,15.4,22.5,1.3,,,,,,,ARES
2005-05-02,16.3,13.8,20.2,7.1,,,,,,,ARES
2005-05-03,14.7,13.8,17.6,3.1,,,,,,,ARES
2005-05-04,13.6,11.4,15.2,1.1,,,,,,,ARES
2005-05-05,13.9,11.6,18.0,0.0,,,,,,,ARES
2005-05-06,14.9,10.3,20.4,0.0,,,,,,,ARES
2005-05-07,16.7,10.8,23.2,0.0,,,,,,,ARES
2005-05-08,15.6,12.2,19.0,0.0,,,,,,,ARES
2005-05-09,14.8,13.4,17.4,9.4,,,,,,,ARES
2005-05-10,14.7,12.2,19.0,5.1,,,,,,,ARES
2005-05-11,14.5,12.0,18.0,1.5,,,,,,,ARES
2005-05-12,14.3,12.1,18.1,7.7,,,,,,,ARES
2005-05-13,13.8,11.6,18.5,21.2,,,,,,,ARES
2005-05-14,13.6,10.6,18.7,9.3,,,,,,,ARES
2005-05-15,13.1,10.8,15.6,17.8,,,,,,,ARES
2005-05-16,12.7,10.6,15.2,5.8,,,,,,,ARES
2005-05-17,13.7,12.4,17.2,0.0,,,,,,,ARES
2005-05-18,14.2,12.2,18.0,0.0,,,,,,,ARES
2005-05-19,14.9,10.5,20.5,0.0,,,,,,,ARES
2005-05-20,17.7,14.6,21.0,0.1,,,,,,,ARES
2005-05-21,15.3,12.7,18.4,2.1,,,,,,,ARES
2005-05-22,14.1,11.5,18.2,0.2,,,,,,,ARES
2005-05-23,14.4,11.2,18.4,0.0,,,,,,,ARES
2005-05-24,15.1,11.0,18.6,0.0,,,,,,,ARES
2005-05-25,15.6,14.0,19.4,0.0,,,,,,,ARES
2005-05-26,16.4,11.6,22.0,0.0,,,,,,,ARES
2005-05-27,18.7,14.4,22.1,0.0,,,,,,,ARES
2005-05-28,15.1,13.0,17.8,0.0,,,,,,,ARES
2005-05-29,14.6,13.2,17.2,0.0,,,,,,,ARES
2005-05-30,14.9,11.0,17.0,0.0,,,,,,,ARES
2005-05-31,15.8,12.8,20.0,0.0,,,,,,,ARES
2005-06-01,16.9,14.4,20.3,0.0,,,,,,,ARES
2005-06-02,15.9,13.4,19.8,0.0,,,,,,,ARES
2005-06-03,15.4,13.2,20.2,0.1,,,,,,,ARES
2005-06-04,15.4,12.4,18.7,0.0,,,,,,,ARES
2005-06-05,15.9,11.7,21.6,0.0,,,,,,,ARES
2005-06-06,16.3,13.6,18.2,0.0,,,,,,,ARES
2005-06-07,19.9,16.2,25.4,0.0,,,,,,,ARES
2005-06-08,22.1,16.5,29.6,0.0,,,,,,,ARES
2005-06-09,22.3,15.8,30.5,0.0,,,,,,,ARES
2005-06-10,20.3,15.2,27.5,0.0,,,,,,,ARES
2005-06-11,15.6,14.1,19.0,0.0,,,,,,,ARES
2005-06-12,17.5,15.4,21.6,31.1,,,,,,,ARES
2005-06-13,16.4,14.6,20.0,0.9,,,,,,,ARES
2005-06-14,18.9,13.6,24.6,0.0,,,,,,,ARES
2005-06-15,20.4,19.0,24.4,0.2,,,,,,,ARES
2005-06-16,19.4,17.0,23.6,0.0,,,,,,,ARES
2005-06-17,22.4,15.8,29.2,0.0,,,,,,,ARES
2005-06-18,19.2,16.6,22.8,0.0,,,,,,,ARES
2005-06-19,17.5,16.2,20.0,0.0,,,,,,,ARES
2005-06-20,16.9,16.0,20.0,0.0,,,,,,,ARES
2005-06-21,17.7,15.8,20.0,0.0,,,,,,,ARES
2005-06-22,20.6,15.8,28.4,0.0,,,,,,,ARES
2005-06-23,19.1,16.0,25.2,0.0,,,,,,,ARES
2005-06-24,18.5,16.7,22.4,0.0,,,,,,,ARES
2005-06-25,17.7,16.2,21.2,0.0,,,,,,,ARES
2005-06-26,17.8,16.4,20.6,0.0,,,,,,,ARES
2005-06-27,19.3,17.4,23.3,2.6,,,,,,,ARES
2005-06-28,18.7,16.0,22.4,6.0,,,,,,,ARES
2005-06-29,18.0,16.7,21.0,0.9,,,,,,,ARES
2005-06-30,18.2,15.8,21.6,0.0,,,,,,,ARES
2005-07-01,18.3,16.0,22.4,0.0,,,,,,,ARES
2005-07-02,18.6,15.2,24.1,0.0,,,,,,,ARES
2005-07-03,18.1,15.4,21.4,1.6,,,,,,,ARES
2005-07-04,17.3,15.0,19.8,0.8,,,,,,,ARES
2005-07-05,18.7,16.3,23.2,1.2,,,,,,,ARES
2005-07-06,17.8,15.6,21.5,0.0,,,,,,,ARES
2005-07-07,18.3,16.2,22.0,0.0,,,,,,,ARES
2005-07-08,18.1,16.2,22.0,0.0,,,,,,,ARES
2005-07-09,18.9,17.4,24.6,0.0,,,,,,,ARES
2005-07-10,21.9,17.2,28.4,0.0,,,,,,,ARES
2005-07-11,23.7,18.0,30.6,0.0,,,,,,,ARES
2005-07-12,24.9,18.2,32.4,0.0,,,,,,,ARES
2005-07-13,21.2,17.6,30.0,0.0,,,,,,,ARES
2005-07-14,18.3,16.8,22.2,0.0,,,,,,,ARES
2005-07-15,19.7,15.6,25.5,0.0,,,,,,,ARES
2005-07-16,18.5,15.4,23.2,0.0,,,,,,,ARES
2005-07-17,18.9,17.0,22.6,2.3,,,,,,,ARES
2005-07-18,18.9,16.6,23.0,0.0,,,,,,,ARES
2005-07-19,19.3,18.0,22.8,0.0,,,,,,,ARES
2005-07-20,22.7,17.3,29.5,0.0,,,,,,,ARES
2005-07-21,21.6,18.0,28.0,0.0,,,,,,,ARES
2005-07-22,19.9,16.8,23.0,0.0,,,,,,,ARES
2005-07-23,20.5,17.3,25.0,4.0,,,,,,,ARES
2005-07-24,18.9,17.2,21.3,0.0,,,,,,,ARES
2005-07-25,21.0,17.0,26.6,0.0,,,,,,,ARES
2005-07-26,22.2,20.0,25.4,2.9,,,,,,,ARES
2005-07-27,21.0,18.4,25.0,4.8,,,,,,,ARES
2005-07-28,19.2,17.0,21.5,1.2,,,,,,,ARES
2005-07-29,17.9,16.2,22.0,0.0,,,,,,,ARES
2005-07-30,18.3,15.8,24.0,0.0,,,,,,,ARES
2005-07-31,17.7,14.6,21.4,0.0,,,,,,,ARES
2005-08-01,18.2,15.2,21.6,0.0,,,,,,,ARES
2005-08-02,18.8,15.4,23.0,0.0,,,,,,,ARES
2005-08-03,19.1,16.0,22.8,0.0,,,,,,,ARES
2005-08-04,21.7,18.0,27.8,0.0,,,,,,,ARES
2005-08-05,20.1,16.4,24.2,0.0,,,,,,,ARES
2005-08-06,21.1,17.0,27.6,0.0,,,,,,,ARES
2005-08-07,20.6,16.8,28.6,0.0,,,,,,,ARES
2005-08-08,17.4,15.8,19.8,0.0,,,,,,,ARES
2005-08-09,19.2,16.6,24.2,6.2,,,,,,,ARES
2005-08-10,18.9,16.5,22.0,0.0,,,,,,,ARES
2005-08-11,19.0,16.4,23.1,0.0,,,,,,,ARES
2005-08-12,19.5,15.6,24.0,0.0,,,,,,,ARES
2005-08-13,20.1,17.0,24.6,0.0,,,,,,,ARES
2005-08-14,19.5,17.0,22.2,0.0,,,,,,,ARES
2005-08-15,21.6,19.0,25.5,0.0,,,,,,,ARES
2005-08-16,20.9,18.8,24.6,0.0,,,,,,,ARES
2005-08-17,18.5,15.4,21.4,0.0,,,,,,,ARES
2005-08-18,18.6,16.1,23.6,0.1,,,,,,,ARES
2005-08-19,17.9,16.0,20.5,0.0,,,,,,,ARES
2005-08-20,17.9,15.4,20.4,0.0,,,,,,,ARES
2005-08-21,17.4,15.4,21.8,0.0,,,,,,,ARES
2005-08-22,18.4,14.4,22.5,0.0,,,,,,,ARES
2005-08-23,18.3,16.0,22.0,0.0,,,,,,,ARES
2005-08-24,18.1,13.8,22.2,0.4,,,,,,,ARES
2005-08-25,18.9,16.2,21.0,4.8,,,,,,,ARES
2005-08-26,17.7,15.4,21.2,0.0,,,,,,,ARES
2005-08-27,19.3,16.4,23.0,3.4,,,,,,,ARES
2005-08-28,19.3,17.4,21.8,0.0,,,,,,,ARES
2005-08-29,21.3,17.6,26.6,0.0,,,,,,,ARES
2005-08-30,17.7,14.6,20.3,0.0,,,,,,,ARES
2005-08-31,19.8,17.6,23.4,0.0,,,,,,,ARES
2005-09-01,19.7,15.8,25.0,0.0,,,,,,,ARES
2005-09-02,18.2,15.8,24.8,0.0,,,,,,,ARES
2005-09-03,18.6,15.2,24.0,0.0,,,,,,,ARES
2005-09-04,19.6,17.4,26.5,1.7,,,,,,,ARES
2005-09-05,18.3,16.4,22.2,1.0,,,,,,,ARES
2005-09-06,18.1,15.9,22.4,7.6,,,,,,,ARES
2005-09-07,18.5,15.9,22.0,0.0,,,,,,,ARES
2005-09-08,18.5,14.2,22.8,0.0,,,,,,,ARES
2005-09-09,19.2,16.8,22.2,11.7,,,,,,,ARES
2005-09-10,17.5,15.1,20.4,6.5,,,,,,,ARES
2005-09-11,18.2,16.4,22.0,0.3,,,,,,,ARES
2005-09-12,18.1,14.4,22.1,0.0,,,,,,,ARES
2005-09-13,19.5,15.4,24.2,0.0,,,,,,,ARES
2005-09-14,20.7,16.2,25.4,0.0,,,,,,,ARES
2005-09-15,20.0,16.5,25.6,0.0,,,,,,,ARES
2005-09-16,18.3,16.0,20.7,0.8,,,,,,,ARES
2005-09-17,17.2,14.8,20.3,0.0,,,,,,,ARES
2005-09-18,16.9,13.0,22.3,0.0,,,,,,,ARES
2005-09-19,16.6,12.0,21.5,0.0,,,,,,,ARES
2005-09-20,17.1,12.7,22.8,0.0,,,,,,,ARES
2005-09-21,16.5,12.5,22.0,0.0,,,,,,,ARES
2005-09-22,16.3,12.6,20.6,0.0,,,,,,,ARES
2005-09-23,17.4,14.4,22.0,4.2,,,,,,,ARES
2005-09-24,17.5,17.0,19.2,3.9,,,,,,,ARES
2005-09-25,18.1,14.8,21.0,0.0,,,,,,,ARES
2005-09-26,15.8,12.0,20.3,0.0,,,,,,,ARES
2005-09-27,15.8,13.6,20.6,1.7,,,,,,,ARES
2005-09-28,16.3,14.7,19.2,0.0,,,,,,,ARES
2005-09-29,16.2,13.1,20.5,0.0,,,,,,,ARES
2005-09-30,16.2,12.5,24.2,0.0,,,,,,,ARES
2005-10-01,15.7,14.6,17.2,0.8,,,,,,,ARES
2005-10-02,16.2,14.4,19.8,0.0,,,,,,,ARES
2005-10-03,16.7,13.6,22.2,0.0,,,,,,,ARES
2005-10-04,16.8,12.5,22.7,0.0,,,,,,,ARES
2005-10-05,16.2,10.6,22.5,0.0,,,,,,,ARES
2005-10-06,16.5,11.8,23.0,0.0,,,,,,,ARES
2005-10-07,13.8,10.6,19.8,0.0,,,,,,,ARES
2005-10-08,14.2,10.4,20.6,0.0,,,,,,,ARES
2005-10-09,18.2,12.2,26.2,5.7,,,,,,,ARES
2005-10-10,20.1,17.6,23.0,25.0,,,,,,,ARES
2005-10-11,20.2,18.4,23.6,2.5,,,,,,,ARES
2005-10-12,17.1,12.8,19.5,11.0,,,,,,,ARES
2005-10-13,14.7,13.2,17.0,0.0,,,,,,,ARES
2005-10-14,14.6,13.8,16.3,4.2,,,,,,,ARES
2005-10-15,15.9,13.6,19.6,0.2,,,,,,,ARES
2005-10-16,15.9,13.4,20.6,9.7,,,,,,,ARES
2005-10-17,16.6,14.8,20.2,0.7,,,,,,,ARES
2005-10-18,14.3,12.4,18.5,9.1,,,,,,,ARES
2005-10-19,13.5,12.2,15.8,42.4,,,,,,,ARES
2005-10-20,14.3,12.6,17.6,0.0,,,,,,,ARES
2005-10-21,18.2,14.6,21.8,0.8,,,,,,,ARES
2005-10-22,17.2,15.2,20.6,0.0,,,,,,,ARES
2005-10-23,16.7,13.4,20.8,0.0,,,,,,,ARES
2005-10-24,17.3,15.6,20.0,0.0,,,,,,,ARES
2005-10-25,18.5,16.8,22.6,0.0,,,,,,,ARES
2005-10-26,20.5,17.6,25.5,0.0,,,,,,,ARES
2005-10-27,18.3,15.6,20.0,6.3,,,,,,,ARES
2005-10-28,16.6,14.8,19.6,2.5,,,,,,,ARES
2005-10-29,18.4,16.0,22.0,25.0,,,,,,,ARES
2005-10-30,16.2,13.0,19.2,4.9,,,,,,,ARES
2005-10-31,14.8,12.9,18.5,16.6,,,,,,,ARES
2005-11-01,16.4,13.2,19.8,5.6,,,,,,,ARES
2005-11-02,18.2,16.2,20.0,17.1,,,,,,,ARES
2005-11-03,15.6,12.3,18.0,10.4,,,,,,,ARES
2005-11-04,13.0,11.0,16.4,5.3,,,,,,,ARES
2005-11-05,13.6,9.8,17.7,0.0,,,,,,,ARES
2005-11-06,14.1,11.0,17.6,2.8,,,,,,,ARES
2005-11-07,14.9,12.6,18.5,0.0,,,,,,,ARES
2005-11-08,13.8,11.9,16.4,22.8,,,,,,,ARES
2005-11-09,13.3,11.6,16.6,0.0,,,,,,,ARES
2005-11-10,13.5,12.0,16.2,0.0,,,,,,,ARES
2005-11-11,12.3,8.8,15.6,8.0,,,,,,,ARES
2005-11-12,11.4,8.2,13.8,15.9,,,,,,,ARES
2005-11-13,11.1,8.0,13.8,8.1,,,,,,,ARES
2005-11-14,14.5,11.6,16.0,0.3,,,,,,,ARES
2005-11-15,13.4,12.2,14.6,0.3,,,,,,,ARES
2005-11-16,12.7,10.6,15.0,0.4,,,,,,,ARES
2005-11-17,13.2,10.6,16.6,0.0,,,,,,,ARES
2005-11-18,12.7,9.9,16.4,0.0,,,,,,,ARES
2005-11-19,14.0,11.6,15.8,1.7,,,,,,,ARES
2005-11-20,15.8,13.6,17.4,1.2,,,,,,,ARES
2005-11-21,16.1,13.2,18.4,0.0,,,,,,,ARES
2005-11-22,13.5,10.7,17.6,0.0,,,,,,,ARES
2005-11-23,11.8,10.2,14.2,0.0,,,,,,,ARES
2005-11-24,11.2,9.5,14.5,2.3,,,,,,,ARES
2005-11-25,11.0,6.6,13.8,11.4,,,,,,,ARES
2005-11-26,7.3,6.2,9.2,17.4,,,,,,,ARES
2005-11-27,8.9,6.2,11.8,6.9,,,,,,,ARES
2005-11-28,8.6,7.2,11.4,3.5,,,,,,,ARES
2005-11-29,8.9,5.8,11.5,2.2,,,,,,,ARES
2005-11-30,9.9,7.8,12.2,0.4,,,,,,,ARES
2005-12-01,11.7,10.0,14.0,33.3,,,,,,,ARES
2005-12-02,10.8,8.0,12.6,22.1,,,,,,,ARES
2005-12-03,11.9,9.5,14.6,4.6,,,,,,,ARES
2005-12-04,12.5,10.4,14.6,11.1,,,,,,,ARES
2005-12-05,11.4,9.8,14.5,1.2,,,,,,,ARES
2005-12-06,11.3,10.0,12.8,4.6,,,,,,,ARES
2005-12-07,11.8,10.2,14.2,1.1,,,,,,,ARES
2005-12-08,13.2,10.6,14.9,2.5,,,,,,,ARES
2005-12-09,11.3,8.6,14.8,0.0,,,,,,,ARES
2005-12-10,10.8,7.0,14.6,0.0,,,,,,,ARES
2005-12-11,7.9,4.3,13.4,0.0,,,,,,,ARES
2005-12-12,10.4,7.4,14.3,0.0,,,,,,,ARES
2005-12-13,11.7,10.0,13.6,0.0,,,,,,,ARES
2005-12-14,10.2,9.1,11.5,0.0,,,,,,,ARES
2005-12-15,10.4,9.1,12.2,0.0,,,,,,,ARES
2005-12-16,10.9,9.4,13.2,0.0,,,,,,,ARES
2005-12-17,11.4,10.0,13.6,0.0,,,,,,,ARES
2005-12-18,10.8,7.9,14.0,0.0,,,,,,,ARES
2005-12-19,8.6,5.4,13.6,0.0,,,,,,,ARES
2005-12-20,8.1,4.5,12.5,0.0,,,,,,,ARES
2005-12-21,8.3,4.8,14.0,0.0,,,,,,,ARES
2005-12-22,7.8,4.0,16.0,0.0,,,,,,,ARES
2005-12-23,7.7,3.0,14.2,0.0,,,,,,,ARES
2005-12-24,7.5,2.9,13.0,0.0,,,,,,,ARES
2005-12-25,9.8,7.0,13.4,0.1,,,,,,,ARES
2005-12-26,9.4,7.2,11.8,3.9,,,,,,,ARES
2005-12-27,8.7,6.9,9.5,0.8,,,,,,,ARES
2005-12-28,7.8,4.6,10.8,6.0,,,,,,,ARES
2005-12-29,11.7,8.8,13.8,14.3,,,,,,,ARES
2005-12-30,13.4,12.4,14.8,14.3,,,,,,,ARES
2005-12-31,11.8,10.2,14.8,5.1,,,,,,,ARES
2006-01-01,11.3,9.9,12.8,2.3,,,,,,,ARES
2006-01-02,12.2,10.6,13.3,0.0,,,,,,,ARES
2006-01-03,11.5,9.8,13.4,0.0,,,,,,,ARES
2006-01-04,10.2,6.8,12.5,2.5,,,,,,,ARES
2006-01-05,11.1,9.6,13.6,16.6,,,,,,,ARES
2006-01-06,10.6,9.2,12.4,0.6,,,,,,,ARES
2006-01-07,8.4,6.9,9.7,0.0,,,,,,,ARES
2006-01-08,8.1,5.4,11.2,0.0,,,,,,,ARES
2006-01-09,8.8,6.2,12.4,0.0,,,,,,,ARES
2006-01-10,7.4,3.6,12.0,0.0,,,,,,,ARES
2006-01-11,9.6,5.5,14.5,0.0,,,,,,,ARES
2006-01-12,10.1,6.8,13.8,0.0,,,,,,,ARES
2006-01-13,10.7,7.0,13.4,4.9,,,,,,,ARES
2006-01-14,9.6,7.4,13.4,0.8,,,,,,,ARES
2006-01-15,10.1,8.0,13.5,25.1,,,,,,,ARES
2006-01-16,9.2,6.9,11.5,9.6,,,,,,,ARES
2006-01-17,11.4,9.4,13.4,2.4,,,,,,,ARES
2006-01-18,12.2,11.2,14.8,0.6,,,,,,,ARES
2006-01-19,11.5,9.0,14.4,0.0,,,,,,,ARES
2006-01-20,10.8,7.8,14.0,0.0,,,,,,,ARES
2006-01-21,10.4,7.4,14.2,0.0,,,,,,,ARES
2006-01-22,9.4,6.6,13.4,0.0,,,,,,,ARES
2006-01-23,8.3,4.6,13.2,0.0,,,,,,,ARES
2006-01-24,8.8,4.5,14.6,0.0,,,,,,,ARES
2006-01-25,10.7,7.5,14.0,0.0,,,,,,,ARES
2006-01-26,9.0,5.4,14.0,0.0,,,,,,,ARES
2006-01-27,7.7,6.6,9.2,0.8,,,,,,,ARES
2006-01-28,6.2,3.6,8.8,9.0,,,,,,,ARES
2006-01-29,5.3,1.4,9.8,0.0,,,,,,,ARES
2006-01-30,10.0,5.6,13.0,0.0,,,,,,,ARES
2006-01-31,7.7,3.4,12.6,0.0,,,,,,,ARES
2006-02-01,7.8,3.8,12.5,0.0,,,,,,,ARES
2006-02-02,9.8,6.6,16.6,0.0,,,,,,,ARES
2006-02-03,9.2,5.8,13.2,0.0,,,,,,,ARES
2006-02-04,9.1,7.2,13.4,0.0,,,,,,,ARES
2006-02-05,8.4,5.2,12.6,0.0,,,,,,,ARES
2006-02-06,9.3,5.6,14.1,0.0,,,,,,,ARES
2006-02-07,9.2,5.1,16.5,0.0,,,,,,,ARES
2006-02-08,8.6,4.0,13.0,0.0,,,,,,,ARES
2006-02-09,8.8,3.1,14.4,0.0,,,,,,,ARES
2006-02-10,8.8,5.2,15.5,0.0,,,,,,,ARES
2006-02-11,9.1,5.8,13.4,0.0,,,,,,,ARES
2006-02-12,9.2,4.4,14.0,0.0,,,,,,,ARES
2006-02-13,11.7,7.6,14.2,0.3,,,,,,,ARES
2006-02-14,11.5,10.0,15.0,0.6,,,,,,,ARES
2006-02-15,13.2,10.0,15.8,14.0,,,,,,,ARES
2006-02-16,12.1,9.5,15.7,8.1,,,,,,,ARES
2006-02-17,10.1,8.6,15.5,35.6,,,,,,,ARES
2006-02-18,9.5,7.1,12.0,30.4,,,,,,,ARES
2006-02-19,10.1,7.1,15.0,6.7,,,,,,,ARES
2006-02-20,9.1,7.6,10.8,13.2,,,,,,,ARES
2006-02-21,7.7,6.0,9.6,4.5,,,,,,,ARES
2006-02-22,6.0,3.7,9.6,0.5,,,,,,,ARES
2006-02-23,6.1,2.0,11.2,0.0,,,,,,,ARES
2006-02-24,6.7,3.8,9.0,15.3,,,,,,,ARES
2006-02-25,7.2,5.4,11.2,4.2,,,,,,,ARES
2006-02-26,7.9,5.6,10.6,0.9,,,,,,,ARES
2006-02-27,8.3,5.4,11.1,0.0,,,,,,,ARES
2006-02-28,6.9,3.8,10.8,0.0,,,,,,,ARES
2006-03-01,8.0,3.4,13.4,0.6,,,,,,,ARES
2006-03-02,10.0,7.8,13.2,0.9,,,,,,,ARES
2006-03-03,13.3,10.6,16.4,2.6,,,,,,,ARES
2006-03-04,12.7,6.4,15.4,10.3,,,,,,,ARES
2006-03-05,9.1,4.8,13.1,1.8,,,,,,,ARES
2006-03-06,9.5,6.2,12.7,1.9,,,,,,,ARES
2006-03-07,12.6,11.0,14.1,2.0,,,,,,,ARES
2006-03-08,13.5,12.0,16.0,4.4,,,,,,,ARES
2006-03-09,12.9,9.4,15.4,2.8,,,,,,,ARES
2006-03-10,11.4,9.6,14.2,0.5,,,,,,,ARES
2006-03-11,12.6,11.3,14.6,0.9,,,,,,,ARES
2006-03-12,13.2,11.0,17.6,0.0,,,,,,,ARES
2006-03-13,12.1,10.2,16.6,0.0,,,,,,,ARES
2006-03-14,12.1,9.6,15.6,0.0,,,,,,,ARES
2006-03-15,12.3,9.7,16.6,0.0,,,,,,,ARES
2006-03-16,11.7,10.5,14.8,1.3,,,,,,,ARES
2006-03-17,10.9,9.8,13.5,19.1,,,,,,,ARES
2006-03-18,12.8,11.0,17.0,11.9,,,,,,,ARES
2006-03-19,11.7,10.0,14.2,32.0,,,,,,,ARES
2006-03-20,11.6,10.0,13.3,14.7,,,,,,,ARES
2006-03-21,12.2,10.4,16.5,4.0,,,,,,,ARES
2006-03-22,11.6,9.8,14.6,13.4,,,,,,,ARES
2006-03-23,14.7,13.2,17.8,10.6,,,,,,,ARES
2006-03-24,14.7,13.2,17.8,0.3,,,,,,,ARES
2006-03-25,16.0,14.8,17.7,0.4,,,,,,,ARES
2006-03-26,17.1,15.0,21.0,0.6,,,,,,,ARES
2006-03-27,14.1,10.2,18.0,1.9,,,,,,,ARES
2006-03-28,12.2,10.1,16.8,0.8,,,,,,,ARES
2006-03-29,14.8,12.0,18.0,2.0,,,,,,,ARES
2006-03-30,15.7,13.8,18.4,0.8,,,,,,,ARES
2006-03-31,15.6,13.6,19.1,2.1,,,,,,,ARES
2006-04-01,15.6,13.2,19.6,0.1,,,,,,,ARES
2006-04-02,14.3,11.4,17.2,0.1,,,,,,,ARES
2006-04-03,13.5,9.2,19.0,0.0,,,,,,,ARES
2006-04-04,16.7,13.2,21.2,19.2,,,,,,,ARES
2006-04-05,13.7,11.6,20.0,2.4,,,,,,,ARES
2006-04-06,12.2,10.3,15.0,0.0,,,,,,,ARES
2006-04-07,12.3,10.0,16.9,0.0,,,,,,,ARES
2006-04-08,13.6,12.6,16.0,0.0,,,,,,,ARES
2006-04-09,12.4,10.1,16.0,0.0,,,,,,,ARES
2006-04-10,10.9,8.8,14.1,0.0,,,,,,,ARES
2006-04-11,10.5,7.3,15.4,0.0,,,,,,,ARES
2006-04-12,11.1,8.2,14.4,0.0,,,,,,,ARES
2006-04-13,12.2,9.0,16.0,0.0,,,,,,,ARES
2006-04-14,15.4,10.1,24.5,3.7,,,,,,,ARES
2006-04-15,13.6,12.4,17.4,3.0,,,,,,,ARES
2006-04-16,11.9,11.0,14.2,6.9,,,,,,,ARES
2006-04-17,12.6,10.4,15.6,0.0,,,,,,,ARES
2006-04-18,12.4,10.6,15.6,0.0,,,,,,,ARES
2006-04-19,12.4,9.0,17.0,0.0,,,,,,,ARES
2006-04-20,14.6,10.6,17.8,16.0,,,,,,,ARES
2006-04-21,11.6,9.8,16.0,27.4,,,,,,,ARES
2006-04-22,13.7,11.2,18.4,0.0,,,,,,,ARES
2006-04-23,12.9,10.6,16.0,0.0,,,,,,,ARES
2006-04-24,13.1,10.4,16.0,0.0,,,,,,,ARES
2006-04-25,14.6,12.6,17.4,0.0,,,,,,,ARES
2006-04-26,13.9,11.4,17.6,0.0,,,,,,,ARES
2006-04-27,14.1,13.0,16.6,0.0,,,,,,,ARES
2006-04-28,14.2,11.7,18.4,0.0,,,,,,,ARES
2006-04-29,14.1,12.0,18.1,0.0,,,,,,,ARES
2006-04-30,13.5,11.0,18.4,0.0,,,,,,,ARES
2006-05-01,11.7,9.6,18.4,0.0,,,,,,,ARES
2006-05-02,13.6,9.7,20.4,0.0,,,,,,,ARES
2006-05-03,13.3,10.6,17.0,0.0,,,,,,,ARES
2006-05-04,15.3,11.2,20.6,0.0,,,,,,,ARES
2006-05-05,14.6,10.8,19.4,0.0,,,,,,,ARES
2006-05-06,13.9,11.2,18.4,0.0,,,,,,,ARES
2006-05-07,12.8,10.4,16.4,3.9,,,,,,,ARES
2006-05-08,12.8,9.2,17.0,0.0,,,,,,,ARES
2006-05-09,13.9,9.5,18.2,0.0,,,,,,,ARES
2006-05-10,16.7,13.0,21.7,0.0,,,,,,,ARES
2006-05-11,15.4,13.0,20.5,0.0,,,,,,,ARES
2006-05-12,14.8,13.1,18.0,0.1,,,,,,,ARES
2006-05-13,14.7,10.9,17.9,0.0,,,,,,,ARES
2006-05-14,17.2,13.3,22.2,0.0,,,,,,,ARES
2006-05-15,19.2,16.2,23.5,0.1,,,,,,,ARES
2006-05-16,18.5,17.0,21.8,0.0,,,,,,,ARES
2006-05-17,18.5,14.7,23.8,4.4,,,,,,,ARES
2006-05-18,16.6,13.8,20.4,0.0,,,,,,,ARES
2006-05-19,16.7,13.2,22.0,14.3,,,,,,,ARES
2006-05-20,17.0,14.6,20.2,1.8,,,,,,,ARES
2006-05-21,16.6,12.1,20.0,6.1,,,,,,,ARES
2006-05-22,13.3,11.2,17.1,5.4,,,,,,,ARES
2006-05-23,13.1,9.4,16.5,0.0,,,,,,,ARES
2006-05-24,14.5,9.6,18.5,0.0,,,,,,,ARES
2006-05-25,15.9,14.4,18.0,0.0,,,,,,,ARES
2006-05-26,16.5,13.8,20.5,0.0,,,,,,,ARES
2006-05-27,18.5,15.4,24.6,0.0,,,,,,,ARES
2006-05-28,19.2,16.0,24.0,0.0,,,,,,,ARES
2006-05-29,16.2,14.3,19.2,0.0,,,,,,,ARES
2006-05-30,15.3,13.4,19.0,0.0,,,,,,,ARES
2006-05-31,15.4,12.8,19.5,0.0,,,,,,,ARES
2006-06-01,17.2,12.0,23.6,0.0,,,,,,,ARES
2006-06-02,19.0,13.4,26.5,0.0,,,,,,,ARES
2006-06-03,19.9,14.4,26.7,0.0,,,,,,,ARES
2006-06-04,21.3,15.3,27.5,0.0,,,,,,,ARES
2006-06-05,23.0,17.0,30.5,0.0,,,,,,,ARES
2006-06-06,23.2,16.5,30.6,0.0,,,,,,,ARES
2006-06-07,20.7,17.3,25.0,0.0,,,,,,,ARES
2006-06-08,17.8,16.0,20.0,0.0,,,,,,,ARES
2006-06-09,19.7,16.5,24.0,0.0,,,,,,,ARES
2006-06-10,20.0,18.6,24.2,3.0,,,13.8,,,,ARES
2006-06-11,17.8,15.5,19.8,0.0,,,,,,,ARES
2006-06-12,16.0,15.2,19.0,1.0,,,,,,,ARES
2006-06-13,16.4,15.3,20.5,0.4,,,,,,,ARES
2006-06-14,17.7,16.0,21.4,3.0,,,,,,,ARES
2006-06-15,18.9,16.0,23.5,11.4,,,,,,,ARES
2006-06-16,16.5,15.4,19.6,0.0,,,,,,,ARES
2006-06-17,15.5,14.1,17.2,0.0,,,,,,,ARES
2006-06-18,16.4,15.1,20.3,0.0,,,,,,,ARES
2006-06-19,16.3,14.2,19.2,0.0,,,,,,,ARES
2006-06-20,16.2,14.0,19.2,0.0,,,,,,,ARES
2006-06-21,16.7,13.0,22.2,0.0,,,,,,,ARES
2006-06-22,16.7,14.9,19.8,0.0,,,,,,,ARES
2006-06-23,15.9,14.8,17.5,0.3,,,,,,,ARES
2006-06-24,17.3,15.5,20.4,0.0,,,,,,,ARES
2006-06-25,16.9,15.5,20.2,1.4,,,,,,,ARES
2006-06-26,16.9,14.9,21.0,0.0,,,,,,,ARES
2006-06-27,16.9,13.2,20.9,0.0,,,,,,,ARES
2006-06-28,17.8,14.8,21.1,0.0,,,,,,,ARES
2006-06-29,17.9,15.7,21.6,0.0,,,,,,,ARES
2006-06-30,19.8,15.4,25.0,0.0,,,,,,,ARES
2006-07-01,18.3,16.2,21.5,0.0,,,,,,,ARES
2006-07-02,18.6,17.0,21.2,0.0,,,,,,,ARES
2006-07-03,18.7,16.6,22.5,0.0,,,,,,,ARES
2006-07-04,18.6,16.6,22.0,4.4,,,,,,,ARES
2006-07-05,17.9,16.2,22.0,0.0,,,,,,,ARES
2006-07-06,18.0,15.0,22.2,0.0,,,,,,,ARES
2006-07-07,18.4,16.4,22.2,0.0,,,,,,,ARES
2006-07-08,19.2,16.6,22.6,0.0,,,,,,,ARES
2006-07-09,19.4,16.6,24.2,0.0,,,,,,,ARES
2006-07-10,19.4,16.2,24.1,0.0,,,,,,,ARES
2006-07-11,19.2,17.8,21.6,0.0,,,,,,,ARES
2006-07-12,19.6,17.4,24.5,0.0,,,,,,,ARES
2006-07-13,21.3,18.5,26.4,0.0,,,,,,,ARES
2006-07-14,21.6,18.4,27.4,0.0,,,,,,,ARES
2006-07-15,23.4,19.4,29.5,0.0,,,,,,,ARES
2006-07-16,22.4,18.3,28.2,0.0,,,,,,,ARES
2006-07-17,26.7,20.5,34.5,12.4,,,,,,,ARES
2006-07-18,22.4,18.6,25.7,0.6,,,,,,,ARES
2006-07-19,20.9,18.8,24.0,0.3,,,,,,,ARES
2006-07-20,20.1,18.6,22.5,0.0,,,,,,,ARES
2006-07-21,19.4,17.7,23.0,0.0,,,,,,,ARES
2006-07-22,20.4,16.5,25.0,0.0,,,,,,,ARES
2006-07-23,20.1,18.2,24.8,0.0,,,,,,,ARES
2006-07-24,20.7,17.8,26.0,0.0,,,,,,,ARES
2006-07-25,19.8,18.0,23.3,0.0,,,,,,,ARES
2006-07-26,19.4,18.0,23.2,0.0,,,,,,,ARES
2006-07-27,19.9,17.7,23.6,0.0,,,,,,,ARES
2006-07-28,19.9,16.8,24.0,0.0,,,,,,,ARES
2006-07-29,22.2,18.6,26.5,1.4,,,,,,,ARES
2006-07-30,20.3,18.8,23.6,0.0,,,,,,,ARES
2006-07-31,21.0,16.8,26.5,3.7,,,,,,,ARES
2006-08-01,20.0,18.4,23.2,0.0,,,,,,,ARES
2006-08-02,20.2,17.2,24.6,1.5,,,,,,,ARES
2006-08-03,19.8,17.8,24.6,0.0,,,,,,,ARES
2006-08-04,20.6,18.1,25.2,0.0,,,,,,,ARES
2006-08-05,20.8,17.6,27.2,0.0,,,,,,,ARES
2006-08-06,20.6,18.4,24.2,0.0,,,,,,,ARES
2006-08-07,19.3,17.0,21.7,0.0,,,,,,,ARES
2006-08-08,19.9,18.0,22.6,0.0,,,,,,,ARES
2006-08-09,20.9,18.4,25.4,0.0,,,,,,,ARES
2006-08-10,21.6,18.6,26.0,0.0,,,,,,,ARES
2006-08-11,19.1,17.0,24.8,0.0,,,,,,,ARES
2006-08-12,17.7,15.4,20.5,0.0,,,,,,,ARES
2006-08-13,17.8,16.2,21.4,0.0,,,,,,,ARES
2006-08-14,17.3,14.8,21.5,0.0,,,,,,,ARES
2006-08-15,17.7,15.4,22.0,0.2,,,,,,,ARES
2006-08-16,17.6,16.0,20.0,12.8,,,,,,,ARES
2006-08-17,17.6,13.6,22.0,0.0,,,,,,,ARES
2006-08-18,18.1,16.0,21.2,1.0,,,,,,,ARES
2006-08-19,18.1,16.1,22.6,0.1,,,,,,,ARES
2006-08-20,18.3,14.8,21.8,0.0,,,,,,,ARES
2006-08-21,18.4,14.4,22.4,0.0,,,,,,,ARES
2006-08-22,19.5,16.0,24.6,0.0,,,,,,,ARES
2006-08-23,18.9,17.0,22.1,0.2,,,,,,,ARES
2006-08-24,19.6,16.8,23.8,2.1,,,,,,,ARES
2006-08-25,20.0,18.4,23.7,1.1,,,,,,,ARES
2006-08-26,19.8,17.5,23.4,0.0,,,,,,,ARES
2006-08-27,19.6,18.2,22.6,0.0,,,,,,,ARES
2006-08-28,20.0,18.2,25.0,0.0,,,,,,,ARES
2006-08-29,19.9,16.8,25.0,0.2,,,,,,,ARES
2006-08-30,20.4,18.5,23.4,0.0,,,,,,,ARES
2006-08-31,21.3,17.0,29.0,0.0,,,,,,,ARES
2006-09-01,20.1,17.5,23.6,0.0,,,,,,,ARES
2006-09-02,20.4,16.8,24.8,0.0,,,,,,,ARES
2006-09-03,21.0,18.5,25.5,0.0,,,,,,,ARES
2006-09-04,21.6,17.8,27.7,0.0,,,,,,,ARES
2006-09-05,21.8,19.0,29.8,0.0,,,,,,,ARES
2006-09-06,19.8,18.4,23.0,0.0,,,,,,,ARES
2006-09-07,20.9,18.0,25.8,0.0,,,,,,,ARES
2006-09-08,21.9,19.5,26.8,0.0,,,,,,,ARES
2006-09-09,20.7,18.8,25.3,0.0,,,,,,,ARES
2006-09-10,20.6,18.4,24.4,0.0,,,,,,,ARES
2006-09-11,20.2,18.0,24.3,0.4,,,,,,,ARES
2006-09-12,19.3,17.0,22.7,0.0,,,,,,,ARES
2006-09-13,17.1,15.7,22.1,6.1,,,,,,,ARES
2006-09-14,17.1,15.8,22.4,5.6,,,,,,,ARES
2006-09-15,17.2,15.5,20.5,3.5,,,,,,,ARES
2006-09-16,17.1,12.2,21.7,5.4,,,,,,,ARES
2006-09-17,19.3,17.0,23.0,0.0,,,,,,,ARES
2006-09-18,18.8,15.8,23.2,0.0,,,,,,,ARES
2006-09-19,18.7,16.4,24.2,0.0,,,,,,,ARES
2006-09-20,20.0,15.3,25.8,0.0,,,,,,,ARES
2006-09-21,19.1,15.6,23.7,2.5,,,,,,,ARES
2006-09-22,16.7,15.5,21.2,6.4,,,,,,,ARES
2006-09-23,16.5,13.8,21.0,9.6,,,,,,,ARES
2006-09-24,16.7,14.4,19.2,3.9,,,,,,,ARES
2006-09-25,18.8,16.5,21.7,0.1,,,,,,,ARES
2006-09-26,19.3,17.0,22.4,0.0,,,,,,,ARES
2006-09-27,19.5,16.2,24.8,2.6,,,,,,,ARES
2006-09-28,19.7,17.9,23.2,1.8,,,,,,,ARES
2006-09-29,19.3,16.3,22.4,4.5,,,,,,,ARES
2006-09-30,18.8,15.6,22.5,1.7,,,,,,,ARES
2006-10-01,19.1,15.8,23.0,10.6,,,,,,,ARES
2006-10-02,15.1,14.1,16.4,64.1,,,,,,,ARES
2006-10-03,15.7,13.2,18.6,11.5,,,,,,,ARES
2006-10-04,17.0,14.6,20.0,0.0,,,,,,,ARES
2006-10-05,17.6,15.0,20.6,0.1,,,,,,,ARES
2006-10-06,18.0,15.5,20.2,33.3,,,,,,,ARES
2006-10-07,16.6,15.0,19.2,0.0,,,,,,,ARES
2006-10-08,20.3,17.3,24.6,4.0,,,,,,,ARES
2006-10-09,19.6,18.0,21.8,1.1,,,,,,,ARES
2006-10-10,17.9,16.6,20.0,29.7,,,,,,,ARES
2006-10-11,16.9,14.3,19.8,0.0,,,,,,,ARES
2006-10-12,15.2,11.3,19.6,0.0,,,,,,,ARES
2006-10-13,16.4,12.4,22.8,0.0,,,,,,,ARES
2006-10-14,17.4,12.0,25.0,0.0,,,,,,,ARES
2006-10-15,19.7,15.2,24.8,1.1,,,,,,,ARES
2006-10-16,18.6,15.6,22.0,11.0,,,,,,,ARES
2006-10-17,18.3,13.9,23.2,0.1,,,,,,,ARES
2006-10-18,17.3,14.2,20.2,7.2,,,,,,,ARES
2006-10-19,15.8,14.6,18.0,22.6,,,,,,,ARES
2006-10-20,17.4,16.2,20.2,0.8,,,,,,,ARES
2006-10-21,17.1,16.0,20.2,22.3,,,,,,,ARES
2006-10-22,17.8,15.8,21.7,8.3,,,,,,,ARES
2006-10-23,16.7,12.8,19.0,4.4,,,,,,,ARES
2006-10-24,15.6,12.4,20.4,26.0,,,,,,,ARES
2006-10-25,18.3,16.1,20.6,1.7,,,,,,,ARES
2006-10-26,18.3,15.2,22.0,0.3,,,,,,,ARES
2006-10-27,17.9,14.4,23.0,0.0,,,,,,,ARES
2006-10-28,17.5,13.2,23.5,0.0,,,,,,,ARES
2006-10-29,20.2,17.0,26.2,0.0,,,,,,,ARES
2006-10-30,20.6,17.6,25.4,0.0,,,,,,,ARES
2006-10-31,18.0,16.0,20.5,0.1,,,,,,,ARES
2006-11-01,16.4,14.9,19.6,0.0,,,,,,,ARES
2006-11-02,15.4,13.0,19.5,0.0,,,,,,,ARES
2006-11-03,13.7,11.8,17.8,0.2,,,,,,,ARES
2006-11-04,15.3,14.0,18.7,0.0,,,,,,,ARES
2006-11-05,17.4,14.3,22.5,0.0,,,,,,,ARES
2006-11-06,18.4,16.8,23.0,0.1,,,,,,,ARES
2006-11-07,17.7,15.8,20.5,0.0,,,,,,,ARES
2006-11-08,16.0,13.8,19.6,0.0,,,,,,,ARES
2006-11-09,17.0,14.0,24.0,0.0,,,,,,,ARES
2006-11-10,17.4,14.6,24.1,0.0,,,,,,,ARES
2006-11-11,16.3,12.2,22.0,0.0,,,,,,,ARES
2006-11-12,15.7,13.9,19.4,0.0,,,,,,,ARES
2006-11-13,14.6,12.2,17.7,0.0,,,,,,,ARES
2006-11-14,14.1,10.2,17.4,0.0,,,,,,,ARES
2006-11-15,15.7,14.2,19.5,30.6,,,,,,,ARES
2006-11-16,12.5,10.0,14.7,6.2,,,,,,,ARES
2006-11-17,12.6,10.8,15.6,36.0,,,,,,,ARES
2006-11-18,13.2,10.8,18.5,32.0,,,,,,,ARES
2006-11-19,13.2,10.6,16.4,0.0,,,,,,,ARES
2006-11-20,14.1,11.6,16.4,7.5,,,,,,,ARES
2006-11-21,15.6,15.2,16.6,11.7,,,,,,,ARES
2006-11-22,15.4,13.9,16.8,12.7,,,,,,,ARES
2006-11-23,14.6,13.2,16.8,17.1,,,,,,,ARES
2006-11-24,14.2,12.7,16.1,37.0,,,,,,,ARES
2006-11-25,11.6,9.9,13.8,2.9,,,,,,,ARES
2006-11-26,12.9,10.8,16.0,12.0,,,,,,,ARES
2006-11-27,14.2,12.4,17.6,10.9,,,,,,,ARES
2006-11-28,12.8,10.4,15.6,0.8,,,,,,,ARES
2006-11-29,10.8,7.1,15.6,0.0,,,,,,,ARES
2006-11-30,13.6,9.2,17.4,0.0,,,,,,,ARES
2006-12-01,15.2,12.3,17.0,29.0,,,,,,,ARES
2006-12-02,11.8,10.4,14.7,2.8,,,,,,,ARES
2006-12-03,14.6,11.9,16.8,14.8,,,,,,,ARES
2006-12-04,16.1,14.6,17.6,0.7,,,,,,,ARES
2006-12-05,13.2,9.8,16.6,49.3,,,,,,,ARES
2006-12-06,11.8,9.8,14.6,17.6,,,,,,,ARES
2006-12-07,15.1,13.2,17.9,14.3,,,,,,,ARES
2006-12-08,10.9,8.6,14.4,13.6,,,,,,,ARES
2006-12-09,10.1,7.5,11.8,5.6,,,,,,,ARES
2006-12-10,9.2,5.8,13.0,0.0,,,,,,,ARES
2006-12-11,10.8,8.2,13.0,6.1,,,,,,,ARES
2006-12-12,10.9,9.4,13.0,0.0,,,,,,,ARES
2006-12-13,10.1,6.7,15.4,0.0,,,,,,,ARES
2006-12-14,9.7,6.6,15.6,0.0,,,,,,,ARES
2006-12-15,10.3,5.8,15.4,0.0,,,,,,,ARES
2006-12-16,9.8,8.2,12.6,9.8,,,,,,,ARES
2006-12-17,11.1,10.0,12.8,0.0,,,,,,,ARES
2006-12-18,10.0,6.9,12.6,7.8,,,,,,,ARES
2006-12-19,8.8,5.2,12.8,0.0,,,,,,,ARES
2006-12-20,9.4,7.2,12.2,0.0,,,,,,,ARES
2006-12-21,9.7,7.9,11.8,0.0,,,,,,,ARES
2006-12-22,10.5,7.9,13.5,0.0,,,,,,,ARES
2006-12-23,9.1,5.2,12.0,0.0,,,,,,,ARES
2006-12-24,7.7,3.4,14.0,0.0,,,,,,,ARES
2006-12-25,7.6,3.6,14.8,0.0,,,,,,,ARES
2006-12-26,9.5,4.6,13.6,0.0,,,,,,,ARES
2006-12-27,11.2,7.2,16.5,0.0,,,,,,,ARES
2006-12-28,12.7,10.0,17.4,0.0,,,,,,,ARES
2006-12-29,14.7,11.6,16.9,0.0,,,,,,,ARES
2006-12-30,15.6,14.0,17.4,3.4,,,,,,,ARES
2006-12-31,16.1,14.0,17.4,6.9,,,,,,,ARES
2007-01-01,13.9,10.6,16.4,0.5,,,,,,,ARES
2007-01-02,10.3,7.0,14.2,0.0,,,,,,,ARES
2007-01-03,9.8,5.8,14.5,3.4,,,,,,,ARES
2007-01-04,13.5,11.8,15.2,1.0,,,,,,,ARES
2007-01-05,14.7,13.8,17.7,3.3,,,,,,,ARES
2007-01-06,14.0,12.8,16.0,12.6,,,,,,,ARES
2007-01-07,12.7,11.6,13.7,0.4,,,,,,,ARES
2007-01-08,14.4,13.0,15.9,0.4,,,,,,,ARES
2007-01-09,13.8,12.6,16.0,0.0,,,,,,,ARES
2007-01-10,12.5,12.0,13.2,1.7,,,,,,,ARES
2007-01-11,12.9,11.0,15.2,0.1,,,,,,,ARES
2007-01-12,10.7,7.8,13.6,0.0,,,,,,,ARES
2007-01-13,10.4,8.0,14.0,0.0,,,,,,,ARES
2007-01-14,9.5,6.2,12.6,0.0,,,,,,,ARES
2007-01-15,10.1,7.9,13.0,0.1,,,,,,,ARES
2007-01-16,12.9,11.2,15.6,0.2,,,,,,,ARES
2007-01-17,15.1,12.6,17.2,0.1,,,,,,,ARES
2007-01-18,16.6,15.4,17.6,0.0,,,,,,,ARES
2007-01-19,15.7,12.6,16.7,0.0,,,,,,,ARES
2007-01-20,12.8,10.2,16.0,6.0,,,,,,,ARES
2007-01-21,10.4,8.7,12.0,16.0,,,,,,,ARES
2007-01-22,8.2,6.0,9.8,17.1,,,,,,,ARES
2007-01-23,6.6,4.9,9.6,5.7,,,,,,,ARES
2007-01-24,6.7,4.3,9.8,6.9,,,,,,,ARES
2007-01-25,7.2,4.7,10.4,2.1,,,,,,,ARES
2007-01-26,7.6,5.3,9.4,0.0,,,,,,,ARES
2007-01-27,8.3,6.6,11.1,0.0,,,,,,,ARES
2007-01-28,8.6,6.0,13.6,0.0,,,,,,,ARES
2007-01-29,7.5,5.4,11.0,4.5,,,,,,,ARES
2007-01-30,9.4,7.8,11.4,0.0,,,,,,,ARES
2007-01-31,10.2,8.0,12.6,0.0,,,,,,,ARES
2007-02-01,9.3,6.1,13.6,0.0,,,,,,,ARES
2007-02-02,10.3,7.5,14.4,0.0,,,,,,,ARES
2007-02-03,9.0,5.6,12.7,0.0,,,,,,,ARES
2007-02-04,10.1,6.0,13.9,0.0,,,,,,,ARES
2007-02-05,11.3,9.4,13.6,0.0,,,,,,,ARES
2007-02-06,10.6,8.8,12.9,3.1,,,,,,,ARES
2007-02-07,12.4,10.4,15.7,3.3,,,,,,,ARES
2007-02-08,13.0,10.4,16.0,8.3,,,,,,,ARES
2007-02-09,12.2,9.4,15.3,3.3,,,,,,,ARES
2007-02-10,14.1,10.6,17.0,0.3,,,,,,,ARES
2007-02-11,15.7,12.4,18.0,18.0,,,,,,,ARES
2007-02-12,12.3,9.6,14.5,0.0,,,,,,,ARES
2007-02-13,12.6,8.4,17.0,17.8,,,,,,,ARES
2007-02-14,13.8,10.6,16.4,1.0,,,,,,,ARES
2007-02-15,12.4,10.0,16.2,8.7,,,,,,,ARES
2007-02-16,12.5,9.6,15.8,37.7,,,,,,,ARES
2007-02-17,10.6,8.6,12.2,9.6,,,,,,,ARES
2007-02-18,11.8,10.3,14.4,4.1,,,,,,,ARES
2007-02-19,11.3,9.4,14.0,5.9,,,,,,,ARES
2007-02-20,10.7,8.3,13.3,7.8,,,,,,,ARES
2007-02-21,11.2,7.5,15.4,2.3,,,,,,,ARES
2007-02-22,13.2,11.2,16.6,4.6,,,,,,,ARES
2007-02-23,13.3,11.8,15.0,13.1,,,,,,,ARES
2007-02-24,13.9,12.7,16.0,5.6,,,,,,,ARES
2007-02-25,12.6,10.4,15.9,1.4,,,,,,,ARES
2007-02-26,12.5,10.5,15.2,0.0,,,,,,,ARES
2007-02-27,13.6,11.9,16.3,0.7,,,,,,,ARES
2007-02-28,13.2,11.6,17.2,0.0,,,,,,,ARES
2007-03-01,14.3,13.0,16.4,0.5,,,,,,,ARES
2007-03-02,15.4,14.2,16.8,10.5,,,,,,,ARES
2007-03-03,15.8,15.2,17.2,4.3,,,,,,,ARES
2007-03-04,12.9,9.4,15.6,9.4,,,,,,,ARES
2007-03-05,12.3,9.0,15.6,3.4,,,,,,,ARES
2007-03-06,13.9,13.0,16.6,11.9,,,,,,,ARES
2007-03-07,13.2,11.8,14.4,0.0,,,,,,,ARES
2007-03-08,12.8,11.4,16.6,0.0,,,,,,,ARES
2007-03-09,12.8,11.0,15.0,0.7,,,,,,,ARES
2007-03-10,13.3,8.2,20.0,0.0,,,,,,,ARES
2007-03-11,15.2,11.4,21.6,0.0,,,,,,,ARES
2007-03-12,12.8,10.8,16.7,0.0,,,,,,,ARES
2007-03-13,12.8,11.2,16.4,0.0,,,,,,,ARES
2007-03-14,13.1,9.2,19.0,0.0,,,,,,,ARES
2007-03-15,11.9,8.4,17.0,0.0,,,,,,,ARES
2007-03-16,12.8,11.1,15.8,0.0,,,,,,,ARES
2007-03-17,13.7,10.4,16.8,0.0,,,,,,,ARES
2007-03-18,11.5,9.6,13.8,0.9,,,,,,,ARES
2007-03-19,9.9,8.7,11.7,4.9,,,,,,,ARES
2007-03-20,9.3,7.6,11.6,0.9,,,,,,,ARES
2007-03-21,8.7,6.6,10.8,0.4,,,,,,,ARES
2007-03-22,9.4,7.0,13.0,3.6,,,,,,,ARES
2007-03-23,12.0,9.5,14.8,0.6,,,,,,,ARES
2007-03-24,11.0,9.5,13.5,0.0,,,,,,,ARES
2007-03-25,10.4,6.8,14.8,0.3,,,,,,,ARES
2007-03-26,10.2,8.2,13.4,2.5,,,,,,,ARES
2007-03-27,11.6,9.6,15.0,4.0,,,,,,,ARES
2007-03-28,10.9,9.2,13.1,13.3,,,,,,,ARES
2007-03-29,11.0,9.4,13.6,1.2,,,,,,,ARES
2007-03-30,10.9,9.0,13.6,10.1,,,,,,,ARES
2007-03-31,9.6,7.0,13.0,4.3,,,,,,,ARES
2007-04-01,8.9,6.8,12.0,4.1,,,,,,,ARES
2007-04-02,11.6,7.4,15.2,0.0,,,,,,,ARES
2007-04-03,11.9,7.7,16.4,0.6,,,,,,,ARES
2007-04-04,11.8,9.6,14.8,0.1,,,,,,,ARES
2007-04-05,11.0,9.0,13.5,0.0,,,,,,,ARES
2007-04-06,12.1,8.1,16.9,0.0,,,,,,,ARES
2007-04-07,13.0,8.6,17.4,0.0,,,,,,,ARES
2007-04-08,13.3,10.2,17.0,0.0,,,,,,,ARES
2007-04-09,13.3,9.8,17.3,0.0,,,,,,,ARES
2007-04-10,13.6,10.5,16.6,0.0,,,,,,,ARES
2007-04-11,13.9,10.0,18.6,0.0,,,,,,,ARES
2007-04-12,13.2,10.2,16.2,0.0,,,,,,,ARES
2007-04-13,13.2,11.7,16.6,0.0,,,,,,,ARES
2007-04-14,13.3,11.2,16.1,0.0,,,,,,,ARES
2007-04-15,13.9,10.0,18.4,0.0,,,,,,,ARES
2007-04-16,15.1,11.6,19.4,0.0,,,,,,,ARES
2007-04-17,15.1,12.4,18.8,0.0,,,,,,,ARES
2007-04-18,16.4,11.7,22.1,0.0,,,,,,,ARES
2007-04-19,17.0,13.8,22.2,5.0,,,,,,,ARES
2007-04-20,14.9,13.2,18.0,0.0,,,,,,,ARES
2007-04-21,14.5,11.7,18.6,0.0,,,,,,,ARES
2007-04-22,14.5,11.0,20.2,0.0,,,,,,,ARES
2007-04-23,14.8,11.4,21.6,0.0,,,,,,,ARES
2007-04-24,15.3,13.2,18.4,4.3,,,,,,,ARES
2007-04-25,13.1,11.3,14.4,1.3,,,,,,,ARES
2007-04-26,13.1,11.6,15.2,0.0,,,,,,,ARES
2007-04-27,13.0,11.6,15.2,3.5,,,,,,,ARES
2007-04-28,14.1,12.0,17.6,0.0,,,,,,,ARES
2007-04-29,14.3,10.6,18.2,12.4,,,,,,,ARES
2007-04-30,11.2,9.8,15.4,14.1,,,,,,,ARES
2007-05-01,10.6,8.5,12.8,13.2,,,,,,,ARES
2007-05-02,12.8,10.0,18.4,2.1,,,,,,,ARES
2007-05-03,13.9,11.2,17.0,0.1,,,,,,,ARES
2007-05-04,13.8,12.6,16.2,0.0,,,,,,,ARES
2007-05-05,14.0,11.4,17.3,0.0,,,,,,,ARES
2007-05-06,14.4,11.4,18.6,0.0,,,,,,,ARES
2007-05-07,16.1,14.4,19.5,0.0,,,,,,,ARES
2007-05-08,15.6,13.4,19.0,0.0,,,,,,,ARES
2007-05-09,15.4,12.2,19.8,0.0,,,,,,,ARES
2007-05-10,15.6,13.1,20.4,0.3,,,,,,,ARES
2007-05-11,16.8,14.9,19.7,0.1,,,,,,,ARES
2007-05-12,17.1,15.4,20.0,4.2,,,,,,,ARES
2007-05-13,14.1,11.8,17.6,5.8,,,,,,,ARES
2007-05-14,14.0,11.2,17.8,0.3,,,,,,,ARES
2007-05-15,14.6,11.4,19.0,0.3,,,,,,,ARES
2007-05-16,14.8,13.0,17.6,0.0,,,,,,,ARES
2007-05-17,14.4,12.8,17.6,0.0,,,,,,,ARES
2007-05-18,14.5,12.5,17.0,0.0,,,,,,,ARES
2007-05-19,13.8,12.1,14.9,0.0,,,,,,,ARES
2007-05-20,12.2,11.0,14.2,4.4,,,,,,,ARES
2007-05-21,12.2,10.4,13.6,1.1,,,,,,,ARES
2007-05-22,15.8,12.8,18.6,0.0,,,,,,,ARES
2007-05-23,16.3,14.7,19.6,0.0,,,,,,,ARES
2007-05-24,16.3,14.6,20.6,1.8,,,,,,,ARES
2007-05-25,14.6,12.5,15.6,11.3,,,,,,,ARES
2007-05-26,13.4,11.6,16.6,1.3,,,,,,,ARES
2007-05-27,14.4,12.0,18.2,0.4,,,,,,,ARES
2007-05-28,14.4,12.6,18.2,0.0,,,,,,,ARES
2007-05-29,16.3,13.4,21.0,6.0,,,,,,,ARES
2007-05-30,16.6,14.0,19.6,0.9,,,,,,,ARES
2007-05-31,15.5,13.8,19.1,0.3,,,,,,,ARES
2007-06-01,16.0,13.2,20.6,0.0,,,,,,,ARES
2007-06-02,16.3,13.2,20.0,0.0,,,,,,,ARES
2007-06-03,15.8,14.2,18.2,0.0,,,,,,,ARES
2007-06-04,15.6,14.2,17.3,0.0,,,,,,,ARES
2007-06-05,16.5,14.4,21.2,0.0,,,,,,,ARES
2007-06-06,18.9,14.2,24.2,0.0,,,,,,,ARES
2007-06-07,17.8,15.6,20.0,0.0,,,,,,,ARES
2007-06-08,16.2,14.4,20.6,0.4,,,,,,,ARES
2007-06-09,17.6,15.8,22.4,0.0,,,,,,,ARES
2007-06-10,18.8,15.2,24.3,0.3,,,,,,,ARES
2007-06-11,18.8,17.0,23.6,0.0,,,,,,,ARES
2007-06-12,17.3,14.8,23.0,0.7,,,,,,,ARES
2007-06-13,16.7,14.6,20.6,15.9,,,,,,,ARES
2007-06-14,18.0,15.3,21.7,1.0,,,,,,,ARES
2007-06-15,16.7,15.0,19.6,6.8,,,,,,,ARES
2007-06-16,17.1,13.8,22.2,23.6,,,,,,,ARES
2007-06-17,18.7,16.6,23.0,1.3,,,,,,,ARES
2007-06-18,18.9,16.2,22.4,18.8,,,,,,,ARES
2007-06-19,17.4,14.6,20.8,0.0,,,18.3,,,,ARES
2007-06-20,16.7,14.2,21.2,2.3,,,,,,,ARES
2007-06-21,16.7,14.6,21.0,1.0,,,,,,,ARES
2007-06-22,16.7,14.0,20.6,0.0,,,,,,,ARES
2007-06-23,16.4,14.6,20.0,0.0,,,,,,,ARES
2007-06-24,17.6,13.4,22.4,8.2,,,,,,,ARES
2007-06-25,15.7,13.4,19.5,0.0,,,,,,,ARES
2007-06-26,16.3,14.8,18.9,0.0,,,,,,,ARES
2007-06-27,15.5,13.0,19.2,0.0,,,,,,,ARES
2007-06-28,15.6,12.8,21.0,0.0,,,,,,,ARES
2007-06-29,17.6,13.8,22.2,0.0,,,,,,,ARES
2007-06-30,19.1,15.8,23.2,0.4,,,,,,,ARES
2007-07-01,17.7,15.4,20.5,1.6,,,,,,,ARES
2007-07-02,18.5,15.4,22.7,0.3,,,,,,,ARES
2007-07-03,18.0,15.6,19.6,2.5,,,,,,,ARES
2007-07-04,17.2,15.4,20.4,0.0,,,,,,,ARES
2007-07-05,18.2,13.6,22.2,0.5,,,,,,,ARES
2007-07-06,18.2,16.6,21.0,0.0,,,,,,,ARES
2007-07-07,18.4,16.0,21.6,0.8,,,,,,,ARES
2007-07-08,17.4,15.6,20.1,0.0,,,,,,,ARES
2007-07-09,18.1,15.6,22.2,0.6,,,,,,,ARES
2007-07-10,17.8,16.3,21.4,0.9,,,,,,,ARES
2007-07-11,18.3,16.4,21.6,0.0,,,,,,,ARES
2007-07-12,19.2,15.5,23.6,0.0,,,,,,,ARES
2007-07-13,20.6,16.7,26.2,0.0,,,,,,,ARES
2007-07-14,18.8,17.7,20.5,4.9,,,,,,,ARES
2007-07-15,19.4,16.2,25.4,0.4,,,,,,,ARES
2007-07-16,18.6,16.4,23.5,2.7,,,,,,,ARES
2007-07-17,18.7,15.6,21.8,0.1,,,,,,,ARES
2007-07-18,17.7,14.6,22.4,0.6,,,,,,,ARES
2007-07-19,17.8,15.4,21.0,0.2,,,,,,,ARES
2007-07-20,17.3,14.4,21.4,0.0,,,,,,,ARES
2007-07-21,17.5,13.6,21.4,0.0,,,,,,,ARES
2007-07-22,17.1,14.2,20.0,32.6,,,,,,,ARES
2007-07-23,18.0,16.0,21.6,3.4,,,,,,,ARES
2007-07-24,18.0,16.2,21.1,0.0,,,,,,,ARES
2007-07-25,19.2,15.7,23.3,0.0,,,,,,,ARES
2007-07-26,20.1,18.0,23.2,0.0,,,,,,,ARES
2007-07-27,19.7,16.2,23.6,0.4,,,,,,,ARES
2007-07-28,20.2,18.6,24.2,0.0,,,,,,,ARES
2007-07-29,20.3,18.0,24.0,0.0,,,,,,,ARES
2007-07-30,22.3,17.4,27.0,0.0,,,,,,,ARES
2007-07-31,21.7,19.5,24.8,2.6,,,,,,,ARES
2007-08-01,19.7,17.9,23.2,0.3,,,,,,,ARES
2007-08-02,19.2,17.4,22.4,0.0,,,,,,,ARES
2007-08-03,20.0,16.6,24.6,0.0,,,,,,,ARES
2007-08-04,22.2,17.8,28.8,0.0,,,,,,,ARES
2007-08-05,19.7,16.4,23.5,2.8,,,,,,,ARES
2007-08-06,18.2,16.2,21.2,0.0,,,,,,,ARES
2007-08-07,17.6,15.8,20.0,0.0,,,,,,,ARES
2007-08-08,17.3,14.8,20.4,0.0,,,,,,,ARES
2007-08-09,18.7,15.4,24.2,0.0,,,,,,,ARES
2007-08-10,20.8,15.6,26.6,0.0,,,,,,,ARES
2007-08-11,19.0,16.2,23.4,0.0,,,,,,,ARES
2007-08-12,18.5,16.7,22.0,0.0,,,,,,,ARES
2007-08-13,18.4,16.0,22.2,0.1,,,,,,,ARES
2007-08-14,21.4,18.0,26.2,1.4,,,,,,,ARES
2007-08-15,18.8,16.4,22.0,6.4,,,,,,,ARES
2007-08-16,18.1,15.8,21.5,0.1,,,,,,,ARES
2007-08-17,16.8,13.8,21.2,0.0,,,,,,,ARES
2007-08-18,17.5,14.4,21.9,0.9,,,,,,,ARES
2007-08-19,17.4,15.6,21.2,0.0,,,,,,,ARES
2007-08-20,17.1,15.0,20.6,1.7,,,,,,,ARES
2007-08-21,17.2,15.8,19.8,0.3,,,,,,,ARES
2007-08-22,17.3,15.6,20.0,0.0,,,,,,,ARES
2007-08-23,17.7,15.7,20.5,0.0,,,,,,,ARES
2007-08-24,18.2,16.8,20.6,0.0,,,,,,,ARES
2007-08-25,20.8,16.8,25.2,0.0,,,,,,,ARES
2007-08-26,21.8,19.4,27.6,0.7,,,,,,,ARES
2007-08-27,21.9,18.4,28.4,1.4,,,,,,,ARES
2007-08-28,,18.0,24.0,12.9,,,,,,,ARES
2007-08-29,18.0,16.6,20.4,0.0,,,,,,,ARES
2007-08-30,18.2,16.2,21.8,0.0,,,,,,,ARES
2007-08-31,18.9,16.0,23.0,0.0,,,,,,,ARES
2007-09-01,20.6,16.2,25.2,0.0,,,,,,,ARES
2007-09-02,19.1,15.6,23.2,0.0,,,,,,,ARES
2007-09-03,19.2,16.2,23.2,0.0,,,,,,,ARES
2007-09-04,20.2,17.0,23.6,0.0,,,,,,,ARES
2007-09-05,20.7,16.1,25.6,0.0,,,,,,,ARES
2007-09-06,22.3,14.8,28.4,0.0,,,,,,,ARES
2007-09-07,22.8,16.5,29.8,0.0,,,,,,,ARES
2007-09-08,21.8,16.8,27.6,0.0,,,,,,,ARES
2007-09-09,20.4,15.1,24.2,0.0,,,,,,,ARES
2007-09-10,19.3,15.9,23.2,0.0,,,,,,,ARES
2007-09-11,19.4,16.3,22.5,0.0,,,,,,,ARES
2007-09-12,20.4,16.4,26.2,0.0,,,,,,,ARES
2007-09-13,19.1,14.6,23.2,0.0,,,,,,,ARES
2007-09-14,17.2,14.1,21.2,0.0,,,,,,,ARES
2007-09-15,19.5,14.8,23.4,0.0,,,,,,,ARES
2007-09-16,17.9,14.6,21.6,0.4,,,,,,,ARES
2007-09-17,16.6,14.8,20.6,0.5,,,,,,,ARES
2007-09-18,16.6,14.0,19.6,0.0,,,,,,,ARES
2007-09-19,17.2,13.6,21.8,0.0,,,,,,,ARES
2007-09-20,17.6,12.0,23.7,0.0,,,,,,,ARES
2007-09-21,16.8,13.2,19.4,0.2,,,,,,,ARES
2007-09-22,17.0,13.2,21.4,0.0,,,,,,,ARES
2007-09-23,17.1,12.2,21.0,0.0,,,,,,,ARES
2007-09-24,15.3,12.4,17.5,4.6,,,,,,,ARES
2007-09-25,14.5,10.4,18.0,0.1,,,,,,,ARES
2007-09-26,15.9,10.8,19.5,0.0,,,,,,,ARES
2007-09-27,15.1,12.2,18.8,0.0,,,,,,,ARES
2007-09-28,17.2,11.0,22.0,0.0,,,,,,,ARES
2007-09-29,17.3,14.9,21.2,12.3,,,,,,,ARES
2007-09-30,20.2,16.0,24.4,15.8,,,,,,,ARES
2007-10-01,20.6,16.8,25.3,0.0,,,,,,,ARES
2007-10-02,17.9,15.0,22.6,0.0,,,,,,,ARES
2007-10-03,17.0,14.8,20.0,0.0,,,,,,,ARES
2007-10-04,17.2,15.4,20.1,0.2,,,,,,,ARES
2007-10-05,18.1,13.7,22.2,0.0,,,,,,,ARES
2007-10-06,17.7,15.1,21.5,0.0,,,,,,,ARES
2007-10-07,15.9,13.0,19.6,0.0,,,,,,,ARES
2007-10-08,14.1,11.8,17.2,0.0,,,,,,,ARES
2007-10-09,16.1,13.0,20.0,0.0,,,,,,,ARES
2007-10-10,16.8,13.8,19.8,0.0,,,,,,,ARES
2007-10-11,18.2,14.0,21.6,0.0,,,,,,,ARES
2007-10-12,18.5,11.4,21.2,0.0,,,,,,,ARES
2007-10-13,15.9,11.1,20.3,0.0,,,,,,,ARES
2007-10-14,14.9,11.0,18.2,0.0,,,,,,,ARES
2007-10-15,14.4,10.0,18.6,0.0,,,,,,,ARES
2007-10-16,15.8,10.0,20.4,9.5,,,,,,,ARES
2007-10-17,15.6,14.0,16.8,1.8,,,,,,,ARES
2007-10-18,17.9,13.6,22.4,0.0,,,,,,,ARES
2007-10-19,17.4,12.4,22.3,0.0,,,,,,,ARES
2007-10-20,16.7,11.1,21.0,0.0,,,,,,,ARES
2007-10-21,14.8,11.9,20.8,0.0,,,,,,,ARES
2007-10-22,16.0,13.0,18.6,0.0,,,,,,,ARES
2007-10-23,17.3,15.6,19.6,3.1,,,,,,,ARES
2007-10-24,14.6,13.2,16.4,0.0,,,,,,,ARES
2007-10-25,14.4,12.8,16.6,0.0,,,,,,,ARES
2007-10-26,14.0,11.0,15.5,0.0,,,,,,,ARES
2007-10-27,13.9,10.0,17.8,0.0,,,,,,,ARES
2007-10-28,14.3,9.4,17.0,4.6,,,,,,,ARES
2007-10-29,14.6,11.9,17.3,0.0,,,,,,,ARES
2007-10-30,14.1,11.2,16.2,0.0,,,,,,,ARES
2007-10-31,14.6,11.6,18.6,0.0,,,,,,,ARES
2007-11-01,14.1,9.4,18.4,0.0,,,,,,,ARES
2007-11-02,15.0,9.0,20.6,0.0,,,,,,,ARES
2007-11-03,14.9,9.8,20.2,0.0,,,,,,,ARES
2007-11-04,16.5,10.4,20.4,0.0,,,,,,,ARES
2007-11-05,14.2,9.6,18.9,0.0,,,6.3,,,,ARES
2007-11-06,13.7,9.6,17.0,0.0,,,,,,,ARES
2007-11-07,14.4,9.4,19.6,0.0,,,,,,,ARES
2007-11-08,13.1,8.8,16.2,0.0,,,,,,,ARES
2007-11-09,14.6,12.2,17.6,0.0,,,,,,,ARES
2007-11-10,13.6,8.6,18.0,0.0,,,,,,,ARES
2007-11-11,13.1,9.0,18.6,0.0,,,,,,,ARES
2007-11-12,12.9,9.2,17.0,0.0,,,,,,,ARES
2007-11-13,12.5,8.7,16.3,0.0,,,,,,,ARES
2007-11-14,12.9,10.9,15.0,0.0,,,,,,,ARES
2007-11-15,12.3,8.8,15.8,0.0,,,,,,,ARES
2007-11-16,12.6,7.0,18.2,0.0,,,,,,,ARES
2007-11-17,10.3,5.0,15.1,0.0,,,,,,,ARES
2007-11-18,11.7,6.6,16.0,19.8,,,,,,,ARES
2007-11-19,10.9,8.6,13.0,2.4,,,,,,,ARES
2007-11-20,10.7,8.0,13.8,14.8,,,,,,,ARES
2007-11-21,13.0,10.5,16.2,4.8,,,,,,,ARES
2007-11-22,12.5,8.8,15.0,0.8,,,,,,,ARES
2007-11-23,10.9,6.2,14.2,1.9,,,,,,,ARES
2007-11-24,10.3,8.6,13.4,0.6,,,,,,,ARES
2007-11-25,11.4,9.0,13.2,0.0,,,,,,,ARES
2007-11-26,12.8,11.9,14.6,0.0,,,,,,,ARES
2007-11-27,12.6,10.2,15.2,0.0,,,,,,,ARES
2007-11-28,11.6,7.0,15.6,0.0,,,,,,,ARES
2007-11-29,12.3,7.6,16.0,0.4,,,,,,,ARES
2007-11-30,13.4,11.4,15.6,8.3,,,,,,,ARES
2007-12-01,12.8,11.2,15.7,0.0,,,,,,,ARES
2007-12-02,12.6,9.6,15.8,1.5,,,,,,,ARES
2007-12-03,15.0,9.8,16.8,0.0,,,,,,,ARES
2007-12-04,15.1,13.2,19.6,0.2,,,,,,,ARES
2007-12-05,15.3,13.2,18.4,0.0,,,,,,,ARES
2007-12-06,14.0,10.7,16.9,1.8,,,,,,,ARES
2007-12-07,14.5,12.2,16.4,1.3,,,,,,,ARES
2007-12-08,14.4,12.0,17.2,8.2,,,,,,,ARES
2007-12-09,13.3,12.0,14.4,1.7,,,,,,,ARES
2007-12-10,12.1,9.0,14.3,0.0,,,,,,,ARES
2007-12-11,9.9,6.7,13.4,0.0,,,6.2,,,,ARES
2007-12-12,8.8,5.4,15.5,0.0,,,,,,,ARES
2007-12-13,8.6,5.4,15.1,0.0,,,,,,,ARES
2007-12-14,8.7,5.6,14.2,0.0,,,,,,,ARES
2007-12-15,6.7,3.1,13.4,0.0,,,,,,,ARES
2007-12-16,6.4,2.4,12.0,0.0,,,,,,,ARES
2007-12-17,6.1,2.4,11.2,0.0,,,,,,,ARES
2007-12-18,5.6,2.0,8.8,6.9,,,,,,,ARES
2007-12-19,11.0,7.0,13.4,0.0,,,,,,,ARES
2007-12-20,13.1,11.6,16.4,0.0,,,,,,,ARES
2007-12-21,12.4,10.3,15.2,0.0,,,,,,,ARES
2007-12-22,11.5,9.5,14.5,0.0,,,,,,,ARES
2007-12-23,10.6,7.8,15.3,0.0,,,,,,,ARES
2007-12-24,10.7,6.6,15.2,0.0,,,,,,,ARES
2007-12-25,10.4,7.6,12.6,20.2,,,,,,,ARES
2007-12-26,9.3,5.9,14.0,0.0,,,,,,,ARES
2007-12-27,8.0,4.5,13.1,0.0,,,,,,,ARES
2007-12-28,10.7,7.4,14.8,0.1,,,,,,,ARES
2007-12-29,12.7,11.4,13.8,2.9,,,,,,,ARES
2007-12-30,11.4,8.6,14.2,0.0,,,,,,,ARES
2007-12-31,9.5,6.2,12.8,0.0,,,,,,,ARES
2008-01-01,10.4,7.2,14.4,6.5,,,,,,,ARES
2008-01-02,11.4,9.6,14.0,14.9,,,,,,,ARES
2008-01-03,10.2,8.2,12.3,6.4,,,,,,,ARES
2008-01-04,10.6,7.4,14.2,0.2,,,,,,,ARES
2008-01-05,15.2,12.0,17.0,2.2,,,,,,,ARES
2008-01-06,15.5,12.4,16.8,10.0,,,,,,,ARES
2008-01-07,11.9,9.8,13.6,0.0,,,,,,,ARES
2008-01-08,10.8,7.0,13.2,6.7,,,,,,,ARES
2008-01-09,11.6,10.8,12.6,13.5,,,,,,,ARES
2008-01-10,13.1,11.4,15.4,30.5,,,,,,,ARES
2008-01-11,10.1,7.4,13.0,5.8,,,,,,,ARES
2008-01-12,10.8,8.4,13.4,0.5,,,,,,,ARES
2008-01-13,10.6,9.8,13.5,19.3,,,,,,,ARES
2008-01-14,11.2,9.6,14.6,0.6,,,,,,,ARES
2008-01-15,13.0,11.2,15.4,10.9,,,,,,,ARES
2008-01-16,12.6,10.4,14.6,0.2,,,,,,,ARES
2008-01-17,14.3,12.6,16.2,1.2,,,,,,,ARES
2008-01-18,15.0,13.8,16.5,0.0,,,,,,,ARES
2008-01-19,14.1,10.0,17.0,0.0,,,,,,,ARES
2008-01-20,12.7,9.2,19.6,0.0,,,,,,,ARES
2008-01-21,12.3,9.7,16.2,0.0,,,,,,,ARES
2008-01-22,11.6,9.8,13.8,0.0,,,,,,,ARES
2008-01-23,11.3,7.4,16.0,0.0,,,,,,,ARES
2008-01-24,12.1,10.3,15.9,0.0,,,,,,,ARES
2008-01-25,12.7,10.7,16.5,0.0,,,,,,,ARES
2008-01-26,12.3,9.5,17.6,0.0,,,,,,,ARES
2008-01-27,11.4,8.4,16.6,0.0,,,,,,,ARES
2008-01-28,10.3,6.8,13.4,0.0,,,,,,,ARES
2008-01-29,9.4,5.2,14.4,0.4,,,,,,,ARES
2008-01-30,10.4,7.2,12.0,1.8,,,,,,,ARES
2008-01-31,8.8,5.0,12.2,0.0,,,,,,,ARES
2008-02-01,11.1,9.7,14.2,19.2,,,,,,,ARES
2008-02-02,9.3,6.2,12.6,0.0,,,,,,,ARES
2008-02-03,9.5,7.0,12.4,16.4,,,,,,,ARES
2008-02-04,10.7,7.2,14.8,0.9,,,,,,,ARES
2008-02-05,14.8,12.2,17.6,1.1,,,,,,,ARES
2008-02-06,15.2,11.8,18.5,0.0,,,,,,,ARES
2008-02-07,14.2,10.0,21.9,0.0,,,,,,,ARES
2008-02-08,13.7,9.4,20.4,0.0,,,,,,,ARES
2008-02-09,14.9,11.2,22.2,0.0,,,,,,,ARES
2008-02-10,13.8,9.4,18.6,0.0,,,,,,,ARES
2008-02-11,12.9,9.1,19.1,0.0,,,,,,,ARES
2008-02-12,12.3,8.1,19.0,0.0,,,,,,,ARES
2008-02-13,12.1,9.0,18.0,0.0,,,,,,,ARES
2008-02-14,11.3,7.7,17.9,0.0,,,,,,,ARES
2008-02-15,12.1,8.4,18.6,0.0,,,,,,,ARES
2008-02-16,12.8,9.4,17.0,0.0,,,,,,,ARES
2008-02-17,13.7,9.2,18.8,0.0,,,,,,,ARES
2008-02-18,14.1,11.6,17.4,0.0,,,,,,,ARES
2008-02-19,14.4,13.2,16.6,1.2,,,,,,,ARES
2008-02-20,14.8,13.0,19.2,0.0,,,,,,,ARES
2008-02-21,14.4,9.5,18.6,0.0,,,,,,,ARES
2008-02-22,13.2,10.2,18.8,0.0,,,,,,,ARES
2008-02-23,16.3,10.4,22.4,0.2,,,10.0,,,,ARES
2008-02-24,14.9,12.5,17.6,8.1,,,,,,,ARES
2008-02-25,13.9,11.4,17.6,0.5,,,,,,,ARES
2008-02-26,14.4,13.0,16.7,5.8,,,,,,,ARES
2008-02-27,14.7,13.2,16.6,1.3,,,,,,,ARES
2008-02-28,14.4,11.2,19.8,0.0,,,,,,,ARES
2008-02-29,13.8,12.8,16.6,0.5,,,,,,,ARES
2008-03-01,13.3,11.4,15.6,0.0,,,,,,,ARES
2008-03-02,11.6,9.4,14.6,1.8,,,,,,,ARES
2008-03-03,11.9,10.8,13.5,0.0,,,,,,,ARES
2008-03-04,11.1,9.1,12.6,0.0,,,,,,,ARES
2008-03-05,10.2,8.6,13.4,0.0,,,,,,,ARES
2008-03-06,10.0,6.5,15.0,0.0,,,,,,,ARES
2008-03-07,8.9,4.0,14.0,1.7,,,,,,,ARES
2008-03-08,11.5,10.2,13.0,4.7,,,,,,,ARES
2008-03-09,11.2,9.2,13.6,3.6,,,,,,,ARES
2008-03-10,12.7,9.5,14.4,2.2,,,,,,,ARES
2008-03-11,14.1,11.8,16.6,1.6,,,,,,,ARES
2008-03-12,14.8,13.0,18.5,0.0,,,,,,,ARES
2008-03-13,13.3,10.4,17.6,0.0,,,,,,,ARES
2008-03-14,12.4,9.0,16.0,0.9,,,,,,,ARES
2008-03-15,12.2,11.6,15.8,1.5,,,,,,,ARES
2008-03-16,13.7,11.2,17.0,0.0,,,,,,,ARES
2008-03-17,12.6,9.9,14.6,9.0,,,,,,,ARES
2008-03-18,11.2,9.0,14.4,4.7,,,,,,,ARES
2008-03-19,10.4,8.8,13.6,0.0,,,,,,,ARES
2008-03-20,10.4,8.8,13.2,0.0,,,,,,,ARES
2008-03-21,10.7,8.0,14.0,4.8,,,,,,,ARES
2008-03-22,9.6,6.6,11.7,4.2,,,,,,,ARES
2008-03-23,8.8,5.5,12.5,3.8,,,,,,,ARES
2008-03-24,11.7,9.3,15.0,1.7,,,,,,,ARES
2008-03-25,11.5,10.4,14.8,8.2,,,,,,,ARES
2008-03-26,10.6,8.6,12.6,8.4,,,,,,,ARES
2008-03-27,13.0,8.2,14.5,0.3,,,,,,,ARES
2008-03-28,13.8,9.6,17.0,0.6,,,,,,,ARES
2008-03-29,12.3,6.8,18.6,17.7,,,,,,,ARES
2008-03-30,11.9,7.8,14.6,6.2,,,,,,,ARES
2008-03-31,12.6,10.0,16.4,0.0,,,,,,,ARES
2008-04-01,14.1,12.2,18.4,0.0,,,,,,,ARES
2008-04-02,14.2,9.8,19.6,0.0,,,,,,,ARES
2008-04-03,15.5,10.8,22.7,0.0,,,,,,,ARES
2008-04-04,16.6,10.9,22.8,0.0,,,,,,,ARES
2008-04-05,16.5,11.5,22.7,0.0,,,,,,,ARES
2008-04-06,12.2,9.2,17.0,0.0,,,,,,,ARES
2008-04-07,10.1,7.6,12.8,30.1,,,,,,,ARES
2008-04-08,10.7,9.4,13.0,27.6,,,,,,,ARES
2008-04-09,8.9,8.2,9.8,25.1,,,,,,,ARES
2008-04-10,9.0,7.5,11.0,5.7,,,,,,,ARES
2008-04-11,11.0,7.8,14.8,0.9,,,,,,,ARES
2008-04-12,11.7,9.6,16.0,2.7,,,,,,,ARES
2008-04-13,11.7,10.0,15.2,3.8,,,,,,,ARES
2008-04-14,11.4,7.4,15.2,0.0,,,,,,,ARES
2008-04-15,13.7,8.8,20.6,0.0,,,,,,,ARES
2008-04-16,15.1,11.0,21.7,9.7,,,,,,,ARES
2008-04-17,11.7,9.8,14.8,27.7,,,,,,,ARES
2008-04-18,11.8,8.8,15.0,8.6,,,,,,,ARES
2008-04-19,11.2,10.0,14.8,4.1,,,,,,,ARES
2008-04-20,11.8,10.0,15.2,5.4,,,,,,,ARES
2008-04-21,13.4,11.0,16.6,0.9,,,,,,,ARES
2008-04-22,13.9,12.0,17.5,5.5,,,,,,,ARES
2008-04-23,13.8,11.0,17.6,0.0,,,,,,,ARES
2008-04-24,15.4,13.4,18.6,0.0,,,,,,,ARES
2008-04-25,18.2,11.7,25.2,0.0,,,,,,,ARES
2008-04-26,17.3,13.5,22.5,0.0,,,,,,,ARES
2008-04-27,14.2,12.4,18.2,6.3,,,,,,,ARES
2008-04-28,13.3,11.0,16.7,1.8,,,,,,,ARES
2008-04-29,12.3,10.8,16.2,4.4,,,,,,,ARES
2008-04-30,12.6,10.3,16.5,2.6,,,,,,,ARES
2008-05-01,12.6,9.9,16.1,0.4,,,,,,,ARES
2008-05-02,14.6,10.0,19.5,0.0,,,,,,,ARES
2008-05-03,19.6,15.6,24.4,2.0,,,,,,,ARES
2008-05-04,15.3,13.0,17.3,0.0,,,,,,,ARES
2008-05-05,15.2,11.5,19.2,0.0,,,,,,,ARES
2008-05-06,15.4,13.6,18.5,0.0,,,,,,,ARES
2008-05-07,15.3,13.6,19.2,1.4,,,,,,,ARES
2008-05-08,15.6,13.6,19.0,0.2,,,,,,,ARES
2008-05-09,14.3,12.8,17.4,0.0,,,,,,,ARES
2008-05-10,13.4,12.7,15.1,3.1,,,,,,,ARES
2008-05-11,14.2,13.0,16.2,0.0,,,,,,,ARES
2008-05-12,15.3,13.1,19.4,5.5,,,,,,,ARES
2008-05-13,15.1,13.0,18.6,1.6,,,,,,,ARES
2008-05-14,13.4,12.0,16.1,10.4,,,,,,,ARES
2008-05-15,14.3,12.0,17.5,1.2,,,,,,,ARES
2008-05-16,15.2,12.6,18.4,0.0,,,,,,,ARES
2008-05-17,15.3,13.4,18.5,2.9,,,,,,,ARES
2008-05-18,14.2,12.8,17.4,1.9,,,,,,,ARES
2008-05-19,14.9,12.4,18.0,0.0,,,,,,,ARES
2008-05-20,15.3,11.0,20.3,0.0,,,,,,,ARES
2008-05-21,16.7,14.8,21.0,1.1,,,,,,,ARES
2008-05-22,16.4,13.8,20.5,12.6,,,,,,,ARES
2008-05-23,15.1,12.8,16.5,16.1,,,,,,,ARES
2008-05-24,13.5,11.6,17.5,0.8,,,,,,,ARES
2008-05-25,13.3,9.0,18.0,7.6,,,,,,,ARES
2008-05-26,14.2,12.2,17.6,8.7,,,,,,,ARES
2008-05-27,14.1,13.0,17.4,18.8,,,,,,,ARES
2008-05-28,14.8,12.5,19.6,6.0,,,,,,,ARES
2008-05-29,14.1,13.0,17.2,5.7,,,,,,,ARES
2008-05-30,15.1,13.4,18.4,0.0,,,,,,,ARES
2008-05-31,15.1,11.4,18.8,0.0,,,,,,,ARES
2008-06-01,16.3,14.6,19.6,0.0,,,,,,,ARES
2008-06-02,16.4,13.6,20.0,7.4,,,,,,,ARES
2008-06-03,15.7,13.0,18.6,0.0,,,,,,,ARES
2008-06-04,15.6,14.6,17.9,0.5,,,,,,,ARES
2008-06-05,15.9,14.4,20.0,0.0,,,,,,,ARES
2008-06-06,15.5,13.5,18.6,0.0,,,,,,,ARES
2008-06-07,15.4,12.1,18.8,3.7,,,,,,,ARES
2008-06-08,15.7,13.4,19.8,1.2,,,,,,,ARES
2008-06-09,16.6,14.5,19.0,0.0,,,,,,,ARES
2008-06-10,16.7,15.4,19.9,0.0,,,,,,,ARES
2008-06-11,16.9,15.0,19.5,0.0,,,,,,,ARES
2008-06-12,17.3,15.4,21.2,0.0,,,,,,,ARES
2008-06-13,16.7,15.0,19.6,0.0,,,,,,,ARES
2008-06-14,16.9,12.2,20.4,2.2,,,,,,,ARES
2008-06-15,16.9,13.6,21.6,14.3,,,,,,,ARES
2008-06-16,16.2,14.6,18.1,0.0,,,,,,,ARES
2008-06-17,16.1,11.8,19.2,0.0,,,,,,,ARES
2008-06-18,16.4,12.1,20.2,0.0,,,,,,,ARES
2008-06-19,18.5,15.6,22.6,0.0,,,,,,,ARES
2008-06-20,19.6,17.5,24.8,0.0,,,,,,,ARES
2008-06-21,20.2,17.6,25.0,0.0,,,,,,,ARES
2008-06-22,18.8,17.6,21.1,0.0,,,,,,,ARES
2008-06-23,19.2,17.6,22.2,0.0,,,,,,,ARES
2008-06-24,18.8,17.4,22.3,0.3,,,,,,,ARES
2008-06-25,18.3,16.4,20.7,0.0,,,,,,,ARES
2008-06-26,18.2,16.6,21.2,0.0,,,,,,,ARES
2008-06-27,18.1,16.0,21.2,0.0,,,,,,,ARES
2008-06-28,17.6,14.6,21.4,0.0,,,11.4,,,,ARES
2008-06-29,17.9,15.2,21.0,0.0,,,,,,,ARES
2008-06-30,18.8,15.8,23.0,0.0,,,,,,,ARES
2008-07-01,19.6,17.7,23.5,3.1,,,,,,,ARES
2008-07-02,18.1,14.7,22.0,0.1,,,,,,,ARES
2008-07-03,17.1,14.4,21.2,0.2,,,,,,,ARES
2008-07-04,19.6,16.8,23.6,1.2,,,,,,,ARES
2008-07-05,17.8,15.4,21.4,0.0,,,,,,,ARES
2008-07-06,17.1,14.8,21.4,3.6,,,,,,,ARES
2008-07-07,16.8,14.2,20.6,1.7,,,,,,,ARES
2008-07-08,17.2,14.5,21.8,0.0,,,,,,,ARES
2008-07-09,19.6,13.8,25.0,0.0,,,,,,,ARES
2008-07-10,19.8,17.1,24.1,13.8,,,,,,,ARES
2008-07-11,18.5,16.2,22.0,5.9,,,,,,,ARES
2008-07-12,17.2,15.0,20.4,0.0,,,,,,,ARES
2008-07-13,17.4,15.2,20.9,0.0,,,,,,,ARES
2008-07-14,18.4,14.3,23.0,0.0,,,,,,,ARES
2008-07-15,20.7,16.2,25.7,0.0,,,,,,,ARES
2008-07-16,19.0,16.7,23.6,0.0,,,,,,,ARES
2008-07-17,17.6,16.4,20.4,0.0,,,,,,,ARES
2008-07-18,18.4,15.6,22.5,0.0,,,,,,,ARES
2008-07-19,18.2,15.8,22.4,0.0,,,,,,,ARES
2008-07-20,18.2,16.8,20.8,0.0,,,,,,,ARES
2008-07-21,19.8,16.9,25.0,0.0,,,,,,,ARES
2008-07-22,22.1,16.4,28.5,0.0,,,,,,,ARES
2008-07-23,20.2,15.8,26.2,0.0,,,,,,,ARES
2008-07-24,18.9,17.8,20.6,1.5,,,,,,,ARES
2008-07-25,19.6,17.2,24.0,0.9,,,,,,,ARES
2008-07-26,18.9,16.7,22.0,0.0,,,,,,,ARES
2008-07-27,20.5,16.4,26.7,0.5,,,,,,,ARES
2008-07-28,18.8,16.8,22.2,0.5,,,,,,,ARES
2008-07-29,18.8,14.2,22.8,0.0,,,,,,,ARES
2008-07-30,21.4,17.2,27.2,0.0,,,,,,,ARES
2008-07-31,21.3,17.4,25.4,0.0,,,,,,,ARES
2008-08-01,19.9,17.1,23.4,0.0,,,,,,,ARES
2008-08-02,21.3,18.6,26.1,0.0,,,,,,,ARES
2008-08-03,20.2,17.8,25.1,0.0,,,,,,,ARES
2008-08-04,20.7,19.0,24.6,0.0,,,,,,,ARES
2008-08-05,20.4,18.8,23.6,0.0,,,,,,,ARES
2008-08-06,20.6,18.1,25.1,0.2,,,,,,,ARES
2008-08-07,19.5,16.4,23.5,0.2,,,,,,,ARES
2008-08-08,19.2,17.4,22.5,0.0,,,,,,,ARES
2008-08-09,18.7,15.3,22.6,0.0,,,,,,,ARES
2008-08-10,18.3,16.4,20.8,3.6,,,,,,,ARES
2008-08-11,19.9,17.1,24.0,4.2,,,,,,,ARES
2008-08-12,18.8,16.1,22.4,0.2,,,,,,,ARES
2008-08-13,18.3,16.0,23.0,0.0,,,,,,,ARES
2008-08-14,18.3,15.6,22.2,0.1,,,,,,,ARES
2008-08-15,18.2,15.1,22.1,38.0,,,,,,,ARES
2008-08-16,19.5,15.8,23.0,0.0,,,,,,,ARES
2008-08-17,20.7,17.8,25.4,1.0,,,,,,,ARES
2008-08-18,18.8,17.2,22.8,0.8,,,,,,,ARES
2008-08-19,18.7,16.8,22.3,0.0,,,,,,,ARES
2008-08-20,19.0,16.4,22.5,1.1,,,,,,,ARES
2008-08-21,19.1,17.2,23.4,2.1,,,,,,,ARES
2008-08-22,18.5,16.6,20.5,0.0,,,,,,,ARES
2008-08-23,18.0,14.8,21.4,0.0,,,,,,,ARES
2008-08-24,18.4,16.8,21.4,0.0,,,,,,,ARES
2008-08-25,17.9,15.0,21.6,0.0,,,,,,,ARES
2008-08-26,20.7,16.1,26.6,0.0,,,,,,,ARES
2008-08-27,22.0,17.4,27.3,0.0,,,,,,,ARES
2008-08-28,23.2,18.8,29.6,0.0,,,,,,,ARES
2008-08-29,21.9,19.2,26.8,11.1,,,,,,,ARES
2008-08-30,20.0,18.4,22.6,3.1,,,,,,,ARES
2008-08-31,19.8,18.1,22.0,2.1,,,,,,,ARES
2008-09-01,18.9,17.1,21.7,0.0,,,,,,,ARES
2008-09-02,19.4,17.0,23.1,12.7,,,,,,,ARES
2008-09-03,15.4,13.6,17.6,5.8,,,,,,,ARES
2008-09-04,16.2,12.8,20.4,13.7,,,,,,,ARES
2008-09-05,18.5,15.8,22.0,4.0,,,,,,,ARES
2008-09-06,17.2,15.0,20.0,0.0,,,,,,,ARES
2008-09-07,17.0,13.2,21.8,0.0,,,,,,,ARES
2008-09-08,19.3,14.2,26.2,1.6,,,,,,,ARES
2008-09-09,19.7,18.4,26.0,0.3,,,,,,,ARES
2008-09-10,19.9,16.2,24.0,5.3,,,,,,,ARES
2008-09-11,17.3,15.2,20.0,5.0,,,,,,,ARES
2008-09-12,16.8,15.0,19.4,0.5,,,,,,,ARES
2008-09-13,16.1,13.2,19.8,0.0,,,,,,,ARES
2008-09-14,17.0,12.6,23.0,0.0,,,,,,,ARES
2008-09-15,17.7,13.8,22.6,0.0,,,,,,,ARES
2008-09-16,18.4,14.4,23.8,0.0,,,,,,,ARES
2008-09-17,17.9,16.4,20.4,0.0,,,,,,,ARES
2008-09-18,17.4,14.5,20.6,0.0,,,,,,,ARES
2008-09-19,17.6,13.6,22.6,0.0,,,,,,,ARES
2008-09-20,20.0,14.6,25.6,0.0,,,,,,,ARES
2008-09-21,19.9,17.2,23.2,0.0,,,,,,,ARES
2008-09-22,18.2,16.0,21.8,0.0,,,,,,,ARES
2008-09-23,17.6,15.4,21.6,0.0,,,,,,,ARES
2008-09-24,17.6,14.1,22.6,0.0,,,,,,,ARES
2008-09-25,17.9,14.5,22.6,0.0,,,,,,,ARES
2008-09-26,17.4,13.3,23.3,0.0,,,,,,,ARES
2008-09-27,17.2,13.4,23.4,0.0,,,,,,,ARES
2008-09-28,17.3,13.0,23.0,0.0,,,,,,,ARES
2008-09-29,15.9,13.8,18.8,0.0,,,,,,,ARES
2008-09-30,15.6,14.0,18.0,0.0,,,,,,,ARES
2008-10-01,16.1,14.6,19.4,0.0,,,,,,,ARES
2008-10-02,15.4,13.4,19.0,0.5,,,,,,,ARES
2008-10-03,14.0,11.6,17.4,1.3,,,,,,,ARES
2008-10-04,13.2,9.2,17.6,0.0,,,,,,,ARES
2008-10-05,16.6,12.4,20.8,0.8,,,,,,,ARES
2008-10-06,18.9,16.5,22.0,35.7,,,,,,,ARES
2008-10-07,17.9,15.0,20.0,0.0,,,,,,,ARES
2008-10-08,15.7,13.4,19.2,0.0,,,,,,,ARES
2008-10-09,15.1,11.0,20.3,0.0,,,,,,,ARES
2008-10-10,16.7,11.3,22.0,0.0,,,,,,,ARES
2008-10-11,20.5,17.3,26.0,0.0,,,,,,,ARES
2008-10-12,18.3,15.2,24.2,0.0,,,,,,,ARES
2008-10-13,16.8,14.2,21.0,0.0,,,,,,,ARES
2008-10-14,16.9,14.3,21.2,0.0,,,,,,,ARES
2008-10-15,18.0,14.2,22.4,3.1,,,,,,,ARES
2008-10-16,16.8,15.2,18.9,5.5,,,,,,,ARES
2008-10-17,15.3,14.2,18.4,0.0,,,,,,,ARES
2008-10-18,15.2,13.2,17.6,0.3,,,,,,,ARES
2008-10-19,16.1,12.0,23.6,0.0,,,,,,,ARES
2008-10-20,15.6,13.0,20.5,15.4,,,,,,,ARES
2008-10-21,13.0,10.7,16.4,19.7,,,,,,,ARES
2008-10-22,13.4,10.4,16.4,0.0,,,,,,,ARES
2008-10-23,13.0,9.0,17.4,0.0,,,,,,,ARES
2008-10-24,13.2,9.5,18.2,0.0,,,,,,,ARES
2008-10-25,13.4,8.7,19.8,0.0,,,,,,,ARES
2008-10-26,13.4,8.5,18.4,2.2,,,,,,,ARES
2008-10-27,14.2,10.3,16.2,11.5,,,,,,,ARES
2008-10-28,12.0,10.0,13.7,4.9,,,,,,,ARES
2008-10-29,11.6,9.8,13.5,7.3,,,,,,,ARES
2008-10-30,12.8,10.4,15.8,7.0,,,,,,,ARES
2008-10-31,9.9,8.0,11.8,26.5,,,,,,,ARES
2008-11-01,10.6,8.6,12.6,4.9,,,,,,,ARES
2008-11-02,11.3,8.9,14.8,6.3,,,,,,,ARES
2008-11-03,12.2,10.4,13.5,14.4,,,,,,,ARES
2008-11-04,12.9,11.4,14.5,0.7,,,,,,,ARES
2008-11-05,13.5,11.0,17.2,0.0,,,,,,,ARES
2008-11-06,12.3,9.0,16.7,5.0,,,,,,,ARES
2008-11-07,12.4,11.3,15.0,3.1,,,,,,,ARES
2008-11-08,14.6,11.4,17.3,0.3,,,,,,,ARES
2008-11-09,16.3,14.8,17.7,0.0,,,,,,,ARES
2008-11-10,16.3,10.5,17.0,11.4,,,,,,,ARES
2008-11-11,11.8,9.7,16.2,1.2,,,,,,,ARES
2008-11-12,12.4,11.4,14.4,2.1,,,,,,,ARES
2008-11-13,11.1,7.5,15.5,0.0,,,,,,,ARES
2008-11-14,11.1,7.6,15.5,0.0,,,,,,,ARES
2008-11-15,12.0,8.3,17.5,0.0,,,,,,,ARES
2008-11-16,12.4,8.8,17.5,0.0,,,,,,,ARES
2008-11-17,11.7,8.0,17.8,1.1,,,,,,,ARES
2008-11-18,11.9,11.0,13.6,1.9,,,,,,,ARES
2008-11-19,12.7,11.2,16.4,0.0,,,,,,,ARES
2008-11-20,12.7,11.0,15.5,0.4,,,,,,,ARES
2008-11-21,12.8,11.6,15.0,0.7,,,,,,,ARES
2008-11-22,13.4,12.6,15.2,1.2,,,,,,,ARES
2008-11-23,12.7,11.5,14.6,5.1,,,10.2,,,,ARES
2008-11-24,11.5,9.1,12.7,13.9,,,,,,,ARES
2008-11-25,9.9,7.5,11.6,2.9,,,,,,,ARES
2008-11-26,8.5,6.6,11.7,0.0,,,,,,,ARES
2008-11-27,8.3,4.5,11.5,0.7,,,,,,,ARES
2008-11-28,9.3,6.4,11.9,18.2,,,,,,,ARES
2008-11-29,8.1,6.1,10.6,18.6,,,,,,,ARES
2008-11-30,7.8,5.6,11.7,24.2,,,,,,,ARES
2008-12-01,6.3,4.6,10.5,7.0,,,,,,,ARES
2008-12-02,7.9,4.2,12.1,10.9,,,,,,,ARES
2008-12-03,11.5,9.2,13.2,6.9,,,,,,,ARES
2008-12-04,13.2,10.4,15.0,0.8,,,,,,,ARES
2008-12-05,12.9,11.8,14.5,6.6,,,,,,,ARES
2008-12-06,14.4,12.4,16.0,25.5,,,,,,,ARES
2008-12-07,13.1,11.7,15.5,0.0,,,,,,,ARES
2008-12-08,11.7,9.4,12.9,5.3,,,,,,,ARES
2008-12-09,11.0,9.3,12.0,0.5,,,,,,,ARES
2008-12-10,10.4,9.1,12.0,4.2,,,,,,,ARES
2008-12-11,9.7,8.7,11.8,31.2,,,12.0,,,,ARES
2008-12-12,10.2,8.4,13.0,18.4,,,,,,,ARES
2008-12-13,10.3,7.0,13.6,5.0,,,,,,,ARES
2008-12-14,8.3,6.2,10.0,5.4,,,,,,,ARES
2008-12-15,10.3,6.5,11.6,1.3,,,,,,,ARES
2008-12-16,10.9,9.6,12.4,2.1,,,5.9,,,,ARES
2008-12-17,10.8,9.2,12.5,1.9,,,,,,,ARES
2008-12-18,10.9,9.6,12.6,0.0,,,,,,,ARES
2008-12-19,11.0,8.2,14.2,0.0,,,,,,,ARES
2008-12-20,9.3,6.2,13.6,0.0,,,,,,,ARES
2008-12-21,10.7,7.0,16.6,0.0,,,,,,,ARES
2008-12-22,10.8,7.2,18.2,0.0,,,,,,,ARES
2008-12-23,9.1,6.6,15.0,0.0,,,,,,,ARES
2008-12-24,8.3,3.6,14.6,0.0,,,,,,,ARES
2008-12-25,7.6,3.3,13.6,0.0,,,,,,,ARES
2008-12-26,8.3,5.6,11.8,0.0,,,,,,,ARES
2008-12-27,8.9,5.8,11.6,0.0,,,,,,,ARES
2008-12-28,12.2,9.4,15.2,0.0,,,,,,,ARES
2008-12-29,12.7,10.9,15.3,0.0,,,,,,,ARES
2008-12-30,14.2,11.0,17.3,0.0,,,,,,,ARES
2008-12-31,13.9,12.8,15.7,0.1,,,,,,,ARES
2009-01-01,13.4,11.4,16.2,0.1,,,,,,,ARES
2009-01-02,12.9,11.2,15.4,7.8,,,,,,,ARES
2009-01-03,11.7,9.4,13.4,0.0,,,,,,,ARES
2009-01-04,9.1,8.6,9.6,0.0,,,,,,,ARES
2009-01-05,8.1,7.0,9.0,2.1,,,,,,,ARES
2009-01-06,7.1,4.8,9.2,0.5,,,,,,,ARES
2009-01-07,6.2,5.4,7.4,0.0,,,,,,,ARES
2009-01-08,6.3,4.6,10.0,5.3,,,,,,,ARES
2009-01-09,5.1,2.7,8.0,0.0,,,,,,,ARES
2009-01-10,6.0,1.5,11.5,0.0,,,,,,,ARES
2009-01-11,7.6,3.6,12.5,0.0,,,,,,,ARES
2009-01-12,9.6,6.0,12.3,6.5,,,,,,,ARES
2009-01-13,10.7,7.6,13.8,0.4,,,,,,,ARES
2009-01-14,8.9,5.5,13.3,0.0,,,,,,,ARES
2009-01-15,10.2,8.6,11.6,3.1,,,,,,,ARES
2009-01-16,9.2,5.9,12.7,5.0,,,,,,,ARES
2009-01-17,10.6,8.2,13.6,2.7,,,,,,,ARES
2009-01-18,13.7,12.4,15.1,1.8,,,,,,,ARES
2009-01-19,10.8,6.4,14.6,17.8,,,,,,,ARES
2009-01-20,6.9,4.8,8.8,5.8,,,,,,,ARES
2009-01-21,9.2,6.6,13.2,5.4,,,,,,,ARES
2009-01-22,14.3,13.0,15.6,10.2,,,,,,,ARES
2009-01-23,14.8,11.2,15.9,9.9,,,,,,,ARES
2009-01-24,11.5,10.2,13.6,15.4,,,,,,,ARES
2009-01-25,9.0,6.6,12.4,17.5,,,,,,,ARES
2009-01-26,9.8,6.8,12.8,8.2,,,,,,,ARES
2009-01-27,12.3,10.2,14.3,3.2,,,,,,,ARES
2009-01-28,12.8,11.1,14.3,19.3,,,,,,,ARES
2009-01-29,15.1,13.2,17.7,0.7,,,,,,,ARES
2009-01-30,13.0,9.0,15.0,10.6,,,,,,,ARES
2009-01-31,10.3,8.6,12.6,1.2,,,,,,,ARES
2009-02-01,10.6,8.8,13.8,1.0,,,,,,,ARES
2009-02-02,8.4,6.2,9.8,0.1,,,,,,,ARES
2009-02-03,7.3,5.6,10.4,3.8,,,,,,,ARES
2009-02-04,9.0,7.3,11.5,21.9,,,,,,,ARES
2009-02-05,8.5,7.0,11.6,9.1,,,,,,,ARES
2009-02-06,7.9,5.0,9.4,5.4,,,,,,,ARES
2009-02-07,7.3,4.6,10.6,2.1,,,,,,,ARES
2009-02-08,11.1,7.4,14.0,5.1,,,,,,,ARES
2009-02-09,13.7,10.2,16.8,8.8,,,,,,,ARES
2009-02-10,11.0,9.1,13.4,0.6,,,,,,,ARES
2009-02-11,11.0,9.6,13.7,0.1,,,,,,,ARES
2009-02-12,11.5,9.6,14.0,0.0,,,,,,,ARES
2009-02-13,10.2,7.0,14.8,0.0,,,,,,,ARES
2009-02-14,10.3,6.2,15.4,0.0,,,,,,,ARES
2009-02-15,9.4,6.0,14.8,0.0,,,,,,,ARES
2009-02-16,9.4,4.9,15.5,0.0,,,,,,,ARES
2009-02-17,9.8,5.4,15.8,0.0,,,,,,,ARES
2009-02-18,10.1,5.6,14.6,0.0,,,,,,,ARES
2009-02-19,9.6,6.3,13.9,0.0,,,,,,,ARES
2009-02-20,9.9,6.6,14.0,0.0,,,,,,,ARES
2009-02-21,10.6,6.7,17.6,0.0,,,,,,,ARES
2009-02-22,11.0,8.0,15.4,0.0,,,,,,,ARES
2009-02-23,10.7,6.9,15.5,0.0,,,,,,,ARES
2009-02-24,11.8,7.2,18.0,0.0,,,,,,,ARES
2009-02-25,11.9,7.4,17.0,0.0,,,,,,,ARES
2009-02-26,11.7,8.1,16.8,0.0,,,,,,,ARES
2009-02-27,12.8,8.4,19.6,0.0,,,,,,,ARES
2009-02-28,10.9,8.6,12.6,0.0,,,,,,,ARES
2009-03-01,10.4,9.1,11.9,4.4,,,,,,,ARES
2009-03-02,9.9,7.9,14.2,0.0,,,,,,,ARES
2009-03-03,9.7,5.6,13.1,7.6,,,,,,,ARES
2009-03-04,9.6,8.8,11.4,9.9,,,,,,,ARES
2009-03-05,10.5,8.6,12.4,10.6,,,,,,,ARES
2009-03-06,11.5,9.6,12.8,6.0,,,,,,,ARES
2009-03-07,11.9,11.2,13.2,1.9,,,,,,,ARES
2009-03-08,11.7,9.0,15.8,0.8,,,,,,,ARES
2009-03-09,10.2,7.6,13.4,0.0,,,,,,,ARES
2009-03-10,9.3,5.2,13.4,0.0,,,,,,,ARES
2009-03-11,10.7,5.8,16.4,0.0,,,,,,,ARES
2009-03-12,13.5,7.7,20.6,0.0,,,,,,,ARES
2009-03-13,13.2,10.0,20.2,0.0,,,,,,,ARES
2009-03-14,11.2,9.0,14.8,0.0,,,,,,,ARES
2009-03-15,14.2,11.3,19.8,0.0,,,,,,,ARES
2009-03-16,15.2,10.8,21.6,0.0,,,,,,,ARES
2009-03-17,16.9,13.1,24.2,0.0,,,,,,,ARES
2009-03-18,17.4,12.5,24.4,0.0,,,,,,,ARES
2009-03-19,16.9,12.4,24.5,0.0,,,,,,,ARES
2009-03-20,12.5,9.3,16.2,0.0,,,,,,,ARES
2009-03-21,12.5,8.6,19.4,0.0,,,,,,,ARES
2009-03-22,12.1,8.6,17.0,0.0,,,,,,,ARES
2009-03-23,12.9,8.5,19.2,0.0,,,,,,,ARES
2009-03-24,12.4,9.9,16.6,0.0,,,,,,,ARES
2009-03-25,10.9,8.5,13.7,0.0,,,,,,,ARES
2009-03-26,10.5,7.2,14.0,0.0,,,,,,,ARES
2009-03-27,11.5,10.2,14.8,0.7,,,,,,,ARES
2009-03-28,9.9,7.2,12.4,5.1,,,,,,,ARES
2009-03-29,9.5,6.9,12.2,0.0,,,,,,,ARES
2009-03-30,9.6,5.2,13.7,0.0,,,,,,,ARES
2009-03-31,10.8,7.3,16.0,0.0,,,,,,,ARES
2009-04-01,10.4,6.4,14.6,0.0,,,,,,,ARES
2009-04-02,10.5,7.0,14.8,0.0,,,,,,,ARES
2009-04-03,11.1,6.0,14.3,0.2,,,,,,,ARES
2009-04-04,12.9,11.1,15.4,0.0,,,,,,,ARES
2009-04-05,11.8,8.0,16.0,0.6,,,,,,,ARES
2009-04-06,11.1,9.2,13.8,10.0,,,,,,,ARES
2009-04-07,11.6,8.3,15.3,0.4,,,,,,,ARES
2009-04-08,13.6,10.7,17.2,0.0,,,,,,,ARES
2009-04-09,12.0,8.6,16.8,16.0,,,,,,,ARES
2009-04-10,10.7,7.9,14.1,1.7,,,,,,,ARES
2009-04-11,11.9,9.5,15.3,1.5,,,,,,,ARES
2009-04-12,12.6,10.5,15.5,0.0,,,,,,,ARES
2009-04-13,12.1,10.2,15.5,3.5,1080.0,,,,,,ARES
2009-04-14,10.6,8.5,14.4,4.1,,,,,,,ARES
2009-04-15,10.9,8.3,14.2,9.4,,,,,,,ARES
2009-04-16,11.4,8.6,15.5,2.1,,,,,,,ARES
2009-04-17,12.1,9.6,15.4,3.8,,,,,,,ARES
2009-04-18,12.2,10.2,15.8,1.1,,,,,,,ARES
2009-04-19,12.6,8.7,16.0,0.0,,,,,,,ARES
2009-04-20,11.9,8.0,16.2,0.0,,,,,,,ARES
2009-04-21,12.6,8.8,16.6,0.0,,,,,,,ARES
2009-04-22,13.7,9.4,19.2,0.0,,,,,,,ARES
2009-04-23,13.8,10.2,19.4,0.0,,,,,,,ARES
2009-04-24,12.1,10.8,15.4,4.8,,,,,,,ARES
2009-04-25,11.0,8.4,15.4,7.5,,,,,,,ARES
2009-04-26,11.3,8.0,15.0,0.4,,,,,,,ARES
2009-04-27,12.0,10.6,15.5,3.1,,,,,,,ARES
2009-04-28,12.6,10.7,17.6,3.1,,,,,,,ARES
2009-04-29,13.6,11.4,16.6,1.0,,,,,,,ARES
2009-04-30,12.9,11.2,14.8,0.2,,,,,,,ARES
2009-05-01,12.1,8.4,15.0,0.0,,,,,,,ARES
2009-05-02,14.4,8.5,20.2,0.0,,,,,,,ARES
2009-05-03,14.3,12.3,18.4,0.0,,,,,,,ARES
2009-05-04,14.2,12.0,18.2,0.0,,,,,,,ARES
2009-05-05,14.8,11.4,18.5,0.0,,,,,,,ARES
2009-05-06,15.4,11.7,20.0,0.0,,,,,,,ARES
2009-05-07,13.7,12.5,16.5,0.0,,,,,,,ARES
2009-05-08,13.7,12.2,17.2,0.0,,,,,,,ARES
2009-05-09,14.5,12.6,17.7,0.0,,,,,,,ARES
2009-05-10,15.6,12.0,21.6,20.1,,,,,,,ARES
2009-05-11,14.5,13.0,17.6,13.2,,,,,,,ARES
2009-05-12,14.4,13.6,16.5,5.4,,,,,,,ARES
2009-05-13,14.7,11.6,18.1,3.6,,,,,,,ARES
2009-05-14,13.1,11.3,16.2,0.0,,,,,,,ARES
2009-05-15,13.9,10.2,17.4,8.7,,,,,,,ARES
2009-05-16,13.3,12.1,16.0,4.0,,,,,,,ARES
2009-05-17,13.2,11.4,16.6,0.3,,,,,,,ARES
2009-05-18,13.4,11.0,17.5,0.0,,,,,,,ARES
2009-05-19,13.6,10.2,19.4,0.0,,,,,,,ARES
2009-05-20,13.8,10.8,19.2,0.0,,,,,,,ARES
2009-05-21,15.5,13.7,19.0,0.0,,,,,,,ARES
2009-05-22,16.3,12.8,20.2,0.0,,,,,,,ARES
2009-05-23,14.3,13.1,18.4,6.3,,,,,,,ARES
2009-05-24,13.9,13.0,15.4,11.3,,,,,,,ARES
2009-05-25,13.0,12.2,13.6,12.6,,,,,,,ARES
2009-05-26,13.6,12.0,16.2,0.0,,,,,,,ARES
2009-05-27,14.6,10.8,17.6,0.0,,,,,,,ARES
2009-05-28,18.3,12.0,25.4,0.0,,,,,,,ARES
2009-05-29,21.9,15.6,30.0,0.0,,,,,,,ARES
2009-05-30,15.9,13.8,19.0,0.0,,,,,,,ARES
2009-05-31,18.8,13.2,25.5,0.0,,,,,,,ARES
2009-06-01,20.3,14.8,27.5,0.0,,,,,,,ARES
2009-06-02,18.1,14.3,24.6,0.4,,,,,,,ARES
2009-06-03,16.1,14.1,19.4,0.0,,,,,,,ARES
2009-06-04,15.8,14.7,19.6,1.2,,,,,,,ARES
2009-06-05,15.8,13.6,19.5,1.6,,,,,,,ARES
2009-06-06,15.6,14.4,18.0,2.3,,,,,,,ARES
2009-06-07,15.3,13.4,17.6,14.1,,,,,,,ARES
2009-06-08,15.4,12.2,19.6,3.0,,,,,,,ARES
2009-06-09,15.9,13.3,20.2,9.2,,,,,,,ARES
2009-06-10,18.4,15.2,21.0,2.8,,,,,,,ARES
2009-06-11,16.6,14.6,20.1,0.0,,,,,,,ARES
2009-06-12,16.3,13.4,20.2,0.0,,,,,,,ARES
2009-06-13,16.5,15.0,19.6,0.0,,,,,,,ARES
2009-06-14,16.8,16.0,19.2,0.0,,,,,,,ARES
2009-06-15,16.6,15.0,19.2,0.0,,,,,,,ARES
2009-06-16,17.9,14.6,22.9,0.0,,,,,,,ARES
2009-06-17,17.4,14.7,21.1,0.0,,,,,,,ARES
2009-06-18,17.2,14.8,20.6,0.0,,,,,,,ARES
2009-06-19,16.7,15.5,20.0,0.0,,,,,,,ARES
2009-06-20,17.9,15.8,22.6,0.0,,,,,,,ARES
2009-06-21,19.0,14.6,24.8,0.0,,,,,,,ARES
2009-06-22,20.2,15.8,28.4,0.2,,,,,,,ARES
2009-06-23,17.2,15.5,21.6,0.1,,,,,,,ARES
2009-06-24,17.8,14.2,21.8,3.2,,,,,,,ARES
2009-06-25,19.1,16.6,23.6,7.6,,,,,,,ARES
2009-06-26,17.4,16.0,20.5,0.3,,,,,,,ARES
2009-06-27,19.0,14.6,24.6,2.1,,,,,,,ARES
2009-06-28,17.9,15.9,20.4,0.0,,,,,,,ARES
2009-06-29,20.4,16.1,26.5,4.4,,,,,,,ARES
2009-06-30,21.9,20.0,27.4,0.0,,,,,,,ARES
2009-07-01,20.3,18.0,23.8,0.0,,,,,,,ARES
2009-07-02,18.8,16.5,21.6,0.0,,,,,,,ARES
2009-07-03,18.2,16.5,21.7,2.9,,,,,,,ARES
2009-07-04,18.7,16.2,21.6,7.0,,,,,,,ARES
2009-07-05,17.2,15.4,19.7,2.9,,,,,,,ARES
2009-07-06,17.2,14.9,21.4,1.3,,,,,,,ARES
2009-07-07,18.1,15.4,21.4,0.0,,,,,,,ARES
2009-07-08,17.6,16.0,20.1,0.0,,,,,,,ARES
2009-07-09,17.7,15.5,20.0,0.0,,,,,,,ARES
2009-07-10,18.3,16.0,21.4,0.0,,,,,,,ARES
2009-07-11,19.7,14.8,23.6,1.0,,,,,,,ARES
2009-07-12,18.7,16.6,20.9,2.0,,,,,,,ARES
2009-07-13,18.8,15.4,24.5,0.0,,,,,,,ARES
2009-07-14,18.5,16.2,22.6,0.5,,,,,,,ARES
2009-07-15,18.6,17.2,22.0,0.4,,,,,,,ARES
2009-07-16,18.3,15.6,23.6,2.6,,,,,,,ARES
2009-07-17,17.4,15.4,20.6,0.5,,,,,,,ARES
2009-07-18,17.4,14.3,21.8,0.1,,,,,,,ARES
2009-07-19,18.7,17.4,22.4,0.0,,,,,,,ARES
2009-07-20,18.9,16.0,23.6,0.0,,,,,,,ARES
2009-07-21,18.8,16.4,22.2,28.6,,,,,,,ARES
2009-07-22,17.4,15.6,21.0,25.6,,,,,,,ARES
2009-07-23,18.6,16.0,22.6,0.5,,,,,,,ARES
2009-07-24,18.6,16.0,22.4,3.3,,,,,,,ARES
2009-07-25,17.7,14.0,21.4,0.0,,,,,,,ARES
2009-07-26,19.0,17.2,22.4,5.0,,,,,,,ARES
2009-07-27,18.3,16.0,21.2,0.0,,,,,,,ARES
2009-07-28,18.1,14.6,21.8,0.0,,,,,,,ARES
2009-07-29,18.6,16.0,24.6,0.1,,,,,,,ARES
2009-07-30,18.2,15.6,21.2,0.0,,,,,,,ARES
2009-07-31,19.4,14.8,24.6,13.0,,,,,,,ARES
2009-08-01,18.4,16.4,21.4,1.7,,,,,,,ARES
2009-08-02,17.9,15.5,21.8,0.0,,,,,,,ARES
2009-08-03,19.9,17.2,24.4,0.0,,,,,,,ARES
2009-08-04,21.7,19.0,25.0,1.8,,,,,,,ARES
2009-08-05,18.1,16.7,19.6,2.1,,,,,,,ARES
2009-08-06,17.2,15.7,18.8,2.6,,,,,,,ARES
2009-08-07,17.7,16.6,20.2,0.0,,,,,,,ARES
2009-08-08,17.9,16.9,21.0,0.0,,,,,,,ARES
2009-08-09,17.4,15.8,21.2,0.0,,,,,,,ARES
2009-08-10,17.7,15.8,20.5,0.0,,,,,,,ARES
2009-08-11,18.8,16.0,22.6,0.0,,,,,,,ARES
2009-08-12,21.9,16.6,27.4,0.0,,,,,,,ARES
2009-08-13,20.6,17.0,24.5,0.0,,,,,,,ARES
2009-08-14,21.8,16.6,28.2,0.0,,,,,,,ARES
2009-08-15,20.9,17.4,25.2,0.0,,,,,,,ARES
2009-08-16,19.7,18.1,23.0,0.0,,,,,,,ARES
2009-08-17,19.4,17.6,23.2,0.0,,,,,,,ARES
2009-08-18,18.8,16.2,23.2,0.0,,,,,,,ARES
2009-08-19,20.6,16.5,26.0,0.1,,,,,,,ARES
2009-08-20,19.2,15.3,22.4,2.4,,,,,,,ARES
2009-08-21,18.1,14.0,21.8,0.0,,,,,,,ARES
2009-08-22,19.5,17.4,21.8,0.0,,,,,,,ARES
2009-08-23,18.9,15.0,23.0,0.1,,,,,,,ARES
2009-08-24,17.4,15.4,18.8,4.1,,,,,,,ARES
2009-08-25,17.7,14.3,22.5,0.0,,,,,,,ARES
2009-08-26,20.6,16.8,25.4,0.0,,,,,,,ARES
2009-08-27,19.6,18.2,21.4,1.1,,,,,,,ARES
2009-08-28,18.3,16.6,20.5,0.0,,,,,,,ARES
2009-08-29,19.5,17.0,23.8,0.0,,,,,,,ARES
2009-08-30,20.1,15.8,24.9,0.0,,,,,,,ARES
2009-08-31,19.4,17.0,24.5,2.0,,,,,,,ARES
2009-09-01,18.7,16.6,23.0,0.0,,,,,,,ARES
2009-09-02,19.0,15.4,23.4,0.8,,,,,,,ARES
2009-09-03,19.9,16.8,25.1,0.3,,,,,,,ARES
2009-09-04,17.6,16.4,20.9,0.0,,,,,,,ARES
2009-09-05,19.4,15.4,24.4,0.0,,,,,,,ARES
2009-09-06,18.2,14.5,23.2,0.0,,,,,,,ARES
2009-09-07,18.3,14.5,23.2,0.0,,,,,,,ARES
2009-09-08,17.8,14.8,21.4,0.0,,,,,,,ARES
2009-09-09,19.4,17.0,23.1,0.0,,,,,,,ARES
2009-09-10,21.5,17.4,26.1,0.0,,,,,,,ARES
2009-09-11,22.9,19.3,28.8,0.0,,,,,,,ARES
2009-09-12,21.2,17.8,26.6,0.0,,,,,,,ARES
2009-09-13,20.2,16.2,25.8,0.0,,,,,,,ARES
2009-09-14,18.7,16.4,22.4,0.2,,,,,,,ARES
2009-09-15,17.5,15.2,20.1,0.0,,,,,,,ARES
2009-09-16,15.2,13.5,19.6,8.1,,,,,,,ARES
2009-09-17,14.9,13.6,17.5,14.9,,,,,,,ARES
2009-09-18,15.5,12.8,20.4,0.0,,,,,,,ARES
2009-09-19,16.2,14.5,19.4,8.5,,,,,,,ARES
2009-09-20,16.6,14.1,20.0,0.7,,,,,,,ARES
2009-09-21,16.4,12.4,19.9,0.0,,,,,,,ARES
2009-09-22,18.2,13.4,23.5,0.0,,,,,,,ARES
2009-09-23,18.8,15.2,26.2,0.0,,,,,,,ARES
2009-09-24,19.1,15.0,25.5,0.0,,,,,,,ARES
2009-09-25,19.2,15.9,23.6,0.0,,,,,,,ARES
2009-09-26,19.2,15.4,24.2,0.0,,,,,,,ARES
2009-09-27,19.1,15.0,25.4,0.0,,,,,,,ARES
2009-09-28,19.6,15.8,25.3,0.0,,,,,,,ARES
2009-09-29,19.5,15.8,25.0,0.0,,,,,,,ARES
2009-09-30,18.8,15.3,24.0,0.0,,,,,,,ARES
2009-10-01,16.5,13.8,21.2,0.0,,,,,,,ARES
2009-10-02,17.2,14.8,20.6,0.0,,,,,,,ARES
2009-10-03,17.7,13.4,24.1,6.3,,,,,,,ARES
2009-10-04,20.3,15.0,24.4,10.0,,,,,,,ARES
2009-10-05,20.7,19.3,24.2,3.9,,,,,,,ARES
2009-10-06,21.1,18.6,23.8,18.9,,,,,,,ARES
2009-10-07,19.7,17.4,21.6,1.0,,,,,,,ARES
2009-10-08,18.1,16.8,21.2,0.1,,,,,,,ARES
2009-10-09,18.7,17.2,21.0,3.0,,,,,,,ARES
2009-10-10,18.5,16.6,21.2,5.2,,,,,,,ARES
2009-10-11,17.8,17.1,21.0,0.0,,,,,,,ARES
2009-10-12,18.9,15.0,23.6,0.0,,,,,,,ARES
2009-10-13,17.9,15.2,22.6,0.0,,,,,,,ARES
2009-10-14,17.0,12.6,23.6,0.0,,,,,,,ARES
2009-10-15,16.4,13.0,21.6,0.0,,,,,,,ARES
2009-10-16,14.6,10.9,19.4,0.0,,,,,,,ARES
2009-10-17,14.2,9.7,21.1,0.0,,,,,,,ARES
2009-10-18,13.7,9.0,21.5,0.0,,,,,,,ARES
2009-10-19,15.4,11.3,19.0,3.5,,,,,,,ARES
2009-10-20,14.6,11.3,18.4,3.6,,,,,,,ARES
2009-10-21,12.7,11.2,16.0,10.6,,,,,,,ARES
2009-10-22,15.1,12.6,18.4,0.2,,,,,,,ARES
2009-10-23,18.4,14.4,21.4,0.0,,,,,,,ARES
2009-10-24,19.1,16.4,21.0,12.9,,,,,,,ARES
2009-10-25,17.8,15.8,22.4,0.0,,,,,,,ARES
2009-10-26,18.9,16.4,25.6,0.0,,,,,,,ARES
2009-10-27,18.9,15.0,23.2,0.0,,,,,,,ARES
2009-10-28,20.5,16.0,27.4,0.0,,,,,,,ARES
2009-10-29,20.2,18.5,24.0,0.0,,,,,,,ARES
2009-10-30,19.7,17.5,21.9,0.0,,,,,,,ARES
2009-10-31,20.6,19.0,22.6,0.0,,,,,,,ARES
2009-11-01,17.8,14.0,22.2,24.5,,,,,,,ARES
2009-11-02,14.7,13.6,17.5,0.8,,,,,,,ARES
2009-11-03,16.1,14.5,19.0,5.6,,,,,,,ARES
2009-11-04,13.8,12.1,16.4,7.1,,,,,,,ARES
2009-11-05,12.8,10.0,16.5,14.7,,,,,,,ARES
2009-11-06,14.8,11.8,16.7,2.6,,,,,,,ARES
2009-11-07,13.1,12.0,14.6,7.8,,,,,,,ARES
2009-11-08,13.9,12.2,16.2,0.5,,,,,,,ARES
2009-11-09,13.6,12.6,15.4,6.2,,,,,,,ARES
2009-11-10,15.9,13.6,17.5,0.2,,,,,,,ARES
2009-11-11,17.0,14.5,21.0,11.7,,,,,,,ARES
2009-11-12,16.1,13.8,19.4,0.0,,,,,,,ARES
2009-11-13,17.6,13.8,22.2,22.0,,,,,,,ARES
2009-11-14,15.3,12.7,20.7,6.5,,,,,,,ARES
2009-11-15,14.8,11.5,18.4,18.2,,,,,,,ARES
2009-11-16,14.1,12.0,16.4,5.8,,,,,,,ARES
2009-11-17,13.0,11.4,16.8,0.0,,,,,,,ARES
2009-11-18,12.8,9.9,17.2,0.0,,,,,,,ARES
2009-11-19,13.6,8.7,17.8,0.0,,,,,,,ARES
2009-11-20,15.9,14.6,17.4,2.2,,,,,,,ARES
2009-11-21,15.4,12.8,17.2,1.9,,,,,,,ARES
2009-11-22,14.3,12.4,17.5,0.2,,,,,,,ARES
2009-11-23,14.8,13.2,17.4,0.2,,,,,,,ARES
2009-11-24,14.6,12.8,17.6,8.7,,,,,,,ARES
2009-11-25,12.9,10.2,14.8,12.6,,,,,,,ARES
2009-11-26,11.9,10.0,15.1,7.7,,,,,,,ARES
2009-11-27,12.0,10.6,14.4,1.7,,,,,,,ARES
2009-11-28,12.4,9.4,15.0,18.5,,,,,,,ARES
2009-11-29,9.2,7.6,10.4,8.0,,,,,,,ARES
2009-11-30,10.9,8.6,13.6,0.5,,,,,,,ARES
2009-12-01,12.7,9.6,15.8,1.3,,,,,,,ARES
2009-12-02,12.8,10.8,14.5,23.2,,,,,,,ARES
2009-12-03,12.0,10.0,13.5,0.7,,,,,,,ARES
2009-12-04,13.2,10.5,15.4,0.0,,,,,,,ARES
2009-12-05,15.9,13.5,18.6,22.4,,,,,,,ARES
2009-12-06,14.0,12.0,17.0,8.0,,,,,,,ARES
2009-12-07,12.6,11.0,14.6,0.2,,,,,,,ARES
2009-12-08,14.1,12.8,15.8,0.0,,,,,,,ARES
2009-12-09,15.5,14.2,18.6,0.0,,,,,,,ARES
2009-12-10,15.1,13.2,19.2,0.0,,,,,,,ARES
2009-12-11,13.0,9.6,17.6,0.0,,,,,,,ARES
2009-12-12,11.2,9.4,14.5,0.0,,,,,,,ARES
2009-12-13,9.7,6.8,10.9,0.0,,,,,,,ARES
2009-12-14,7.5,6.2,9.8,0.2,,,,,,,ARES
2009-12-15,7.1,4.7,10.5,0.0,,,,,,,ARES
2009-12-16,5.8,4.5,7.5,11.9,,,,,,,ARES
2009-12-17,8.1,6.2,11.2,0.0,,,,,,,ARES
2009-12-18,7.4,5.1,11.0,0.0,,,,,,,ARES
2009-12-19,6.2,4.0,8.6,0.0,,,,,,,ARES
2009-12-20,4.7,1.0,9.4,8.2,,,,,,,ARES
2009-12-21,8.8,2.2,14.6,12.1,,,,,,,ARES
2009-12-22,8.2,6.4,10.0,9.6,,,,,,,ARES
2009-12-23,7.7,5.4,11.6,22.4,,,,,,,ARES
2009-12-24,8.2,6.5,10.4,13.7,,,,,,,ARES
2009-12-25,7.8,4.8,12.5,0.0,,,,,,,ARES
2009-12-26,8.6,4.6,12.6,0.0,,,,,,,ARES
2009-12-27,9.5,8.3,13.6,9.9,,,,,,,ARES
2009-12-28,16.1,13.6,18.5,13.2,,,,,,,ARES
2009-12-29,14.7,11.0,18.5,5.9,,,,,,,ARES
2009-12-30,11.3,9.3,13.8,0.9,,,,,,,ARES
2009-12-31,8.2,6.8,9.4,17.1,,,,,,,ARES
2010-01-01,8.8,6.2,13.2,3.3,,,,,,,ARES
2010-01-02,11.1,8.6,13.8,3.1,,,,,,,ARES
2010-01-03,13.4,10.5,16.6,0.0,,,,,,,ARES
2010-01-04,10.6,7.8,13.6,0.0,,,,,,,ARES
2010-01-05,8.4,6.8,10.3,4.1,,,,,,,ARES
2010-01-06,5.9,4.2,8.0,9.4,,,,,,,ARES
2010-01-07,5.2,3.0,7.6,10.4,,,,,,,ARES
2010-01-08,5.6,2.6,9.0,5.1,,,,,,,ARES
2010-01-09,3.9,1.7,7.5,3.1,,,,,,,ARES
2010-01-10,2.5,0.3,4.6,1.4,,,,,,,ARES
2010-01-11,6.9,2.0,10.7,11.8,,,,,,,ARES
2010-01-12,11.8,10.3,14.6,3.8,,,,,,,ARES
2010-01-13,11.6,10.6,13.4,12.1,,,,,,,ARES
2010-01-14,11.6,8.5,14.4,0.1,,,,,,,ARES
2010-01-15,11.3,8.5,14.8,10.0,,,,,,,ARES
2010-01-16,14.8,12.2,16.0,0.0,,,,,,,ARES
2010-01-17,12.0,11.0,13.6,0.4,,,,,,,ARES
2010-01-18,14.7,11.4,19.1,0.0,,,,,,,ARES
2010-01-19,13.9,10.4,15.4,9.7,,,,,,,ARES
2010-01-20,11.1,9.8,14.6,1.1,,,,,,,ARES
2010-01-21,12.6,10.4,15.0,0.5,,,,,,,ARES
2010-01-22,12.4,10.4,14.9,32.8,,,,,,,ARES
2010-01-23,10.5,10.0,11.4,7.1,,,,,,,ARES
2010-01-24,10.7,8.0,13.0,0.0,,,,,,,ARES
2010-01-25,9.1,6.6,12.0,5.9,,,,,,,ARES
2010-01-26,9.1,6.8,12.2,0.0,,,,,,,ARES
2010-01-27,8.4,6.5,10.0,0.0,,,,,,,ARES
2010-01-28,7.8,4.2,11.0,4.7,,,,,,,ARES
2010-01-29,10.4,8.8,12.6,1.2,,,,,,,ARES
2010-01-30,10.6,9.4,12.4,8.1,,,,,,,ARES
2010-01-31,10.3,9.0,12.6,1.1,,,,,,,ARES
2010-02-01,8.9,6.2,12.6,0.0,,,,,,,ARES
2010-02-02,8.2,4.2,12.6,0.0,,,,,,,ARES
2010-02-03,10.3,6.6,14.6,0.0,,,,,,,ARES
2010-02-04,11.6,9.0,14.8,20.1,,,,,,,ARES
2010-02-05,10.7,6.8,14.0,2.4,,,,,,,ARES
2010-02-06,13.1,9.8,14.8,0.0,,,,,,,ARES
2010-02-07,12.4,10.2,16.4,4.2,,,,,,,ARES
2010-02-08,12.3,10.7,15.0,2.8,,,,,,,ARES
2010-02-09,10.1,6.4,12.7,0.0,,,,,,,ARES
2010-02-10,7.5,5.4,10.0,0.0,,,,,,,ARES
2010-02-11,6.7,4.7,9.4,0.0,,,,,,,ARES
2010-02-12,6.1,3.1,9.8,0.0,,,,,,,ARES
2010-02-13,6.3,5.3,9.4,0.0,,,,,,,ARES
2010-02-14,5.6,2.0,9.0,0.0,,,,,,,ARES
2010-02-15,6.3,4.6,9.6,0.0,,,,,,,ARES
2010-02-16,8.2,5.3,11.6,0.3,,,,,,,ARES
2010-02-17,8.9,7.8,13.8,0.8,,,,,,,ARES
2010-02-18,9.6,7.0,14.0,7.0,,,,,,,ARES
2010-02-19,7.9,6.4,12.2,13.9,,,,,,,ARES
2010-02-20,8.9,6.0,12.4,1.6,,,,,,,ARES
2010-02-21,11.3,8.0,16.0,6.4,,,,,,,ARES
2010-02-22,12.8,11.2,15.6,4.2,,,,,,,ARES
2010-02-23,12.5,10.7,15.8,3.4,,,,,,,ARES
2010-02-24,11.8,9.4,15.0,10.6,,,,,,,ARES
2010-02-25,13.2,10.0,15.7,5.0,,,,,,,ARES
2010-02-26,11.1,8.2,15.0,3.9,,,,,,,ARES
2010-02-27,11.0,8.5,17.6,27.6,,,15.8,,,,ARES
2010-02-28,9.4,7.4,12.4,2.5,,,,,,,ARES
2010-03-01,10.5,8.4,15.1,0.3,,,,,,,ARES
2010-03-02,12.8,7.2,18.5,2.4,,,,,,,ARES
2010-03-03,13.1,11.1,15.8,0.2,,,,,,,ARES
2010-03-04,11.5,8.9,14.0,0.0,,,,,,,ARES
2010-03-05,10.1,7.7,14.3,0.0,,,,,,,ARES
2010-03-06,11.4,8.8,15.2,3.9,,,,,,,ARES
2010-03-07,9.9,6.0,12.5,0.6,,,,,,,ARES
2010-03-08,6.9,3.8,10.5,0.0,,,,,,,ARES
2010-03-09,8.4,5.8,12.6,0.0,,,,,,,ARES
2010-03-10,7.7,3.8,12.4,0.0,,,,,,,ARES
2010-03-11,8.1,4.7,12.8,0.0,,,,,,,ARES
2010-03-12,9.2,7.6,12.5,0.1,,,,,,,ARES
2010-03-13,9.3,7.0,13.0,3.8,,,,,,,ARES
2010-03-14,9.3,5.2,13.8,0.0,,,,,,,ARES
2010-03-15,10.4,4.7,16.5,0.0,,,,,,,ARES
2010-03-16,13.6,6.5,19.2,0.0,,,,,,,ARES
2010-03-17,14.3,8.3,22.0,0.2,,,,,,,ARES
2010-03-18,15.7,13.8,22.0,1.3,,,,,,,ARES
2010-03-19,16.6,14.3,20.4,0.9,,,,,,,ARES
2010-03-20,14.5,11.2,17.4,9.1,,,,,,,ARES
2010-03-21,12.1,10.8,15.0,0.0,,,,,,,ARES
2010-03-22,13.1,9.6,18.2,0.0,,,,,,,ARES
2010-03-23,12.8,9.6,16.5,0.0,,,,,,,ARES
2010-03-24,13.4,11.2,16.2,8.5,,,,,,,ARES
2010-03-25,10.3,8.2,13.6,4.0,,,,,,,ARES
2010-03-26,11.4,8.8,14.2,3.8,,,,,,,ARES
2010-03-27,13.2,10.6,17.2,0.0,,,,,,,ARES
2010-03-28,14.0,10.5,17.3,0.0,,,,,,,ARES
2010-03-29,12.9,10.2,16.8,10.2,,,,,,,ARES
2010-03-30,11.4,9.0,15.1,3.8,,,,,,,ARES
2010-03-31,10.1,8.4,12.5,6.9,,,,,,,ARES
2010-04-01,9.9,7.6,14.3,8.3,,,,,,,ARES
2010-04-02,11.8,9.5,15.0,4.6,,,,,,,ARES
2010-04-03,10.4,8.5,13.4,3.8,,,,,,,ARES
2010-04-04,11.3,8.9,14.6,0.6,,,,,,,ARES
2010-04-05,10.7,5.8,15.0,0.0,,,,,,,ARES
2010-04-06,12.2,8.2,16.1,8.9,,,,,,,ARES
2010-04-07,11.6,9.2,14.5,0.0,,,,,,,ARES
2010-04-08,13.0,8.1,19.6,0.0,,,,,,,ARES
2010-04-09,14.5,9.6,20.2,0.0,,,,,,,ARES
2010-04-10,15.8,11.2,24.6,0.0,,,,,,,ARES
2010-04-11,16.0,11.2,21.2,0.0,,,,,,,ARES
2010-04-12,12.8,10.6,16.2,0.0,,,,,,,ARES
2010-04-13,12.6,9.8,16.4,0.0,,,,,,,ARES
2010-04-14,13.2,10.2,17.4,0.0,,,,,,,ARES
2010-04-15,14.5,11.5,21.4,1.5,,,,,,,ARES
2010-04-16,15.0,12.4,21.3,1.2,,,,,,,ARES
2010-04-17,14.6,12.8,21.5,3.5,,,,,,,ARES
2010-04-18,14.8,11.8,18.5,0.0,,,,,,,ARES
2010-04-19,13.7,11.0,18.0,0.0,,,,,,,ARES
2010-04-20,16.4,12.8,21.0,1.2,,,,,,,ARES
2010-04-21,16.4,14.4,19.2,1.6,,,,,,,ARES
2010-04-22,14.2,13.6,15.6,0.0,,,,,,,ARES
2010-04-23,14.5,13.1,17.0,0.0,,,,,,,ARES
2010-04-24,15.9,11.7,21.0,0.0,,,,,,,ARES
2010-04-25,14.7,11.6,18.0,0.0,,,,,,,ARES
2010-04-26,16.2,11.0,21.4,0.0,,,,,,,ARES
2010-04-27,17.3,13.3,23.0,0.0,,,,,,,ARES
2010-04-28,16.8,12.6,21.2,1.8,,,,,,,ARES
2010-04-29,15.6,13.4,19.0,0.9,,,,,,,ARES
2010-04-30,13.7,12.2,16.6,4.2,,,,,,,ARES
2010-05-01,12.8,11.9,16.3,0.0,,,,,,,ARES
2010-05-02,14.1,12.1,16.7,1.6,,,,,,,ARES
2010-05-03,12.2,9.8,15.0,0.9,,,,,,,ARES
2010-05-04,11.3,8.8,15.6,0.5,,,,,,,ARES
2010-05-05,11.9,9.7,15.0,0.0,,,,,,,ARES
2010-05-06,12.1,9.2,16.0,5.0,,,,,,,ARES
2010-05-07,13.4,11.4,16.8,5.6,,,,,,,ARES
2010-05-08,12.4,10.9,14.6,16.3,,,,,,,ARES
2010-05-09,12.9,10.9,16.0,10.8,,,,,,,ARES
2010-05-10,12.8,11.0,14.7,12.5,,,,,,,ARES
2010-05-11,12.4,10.8,15.4,4.0,,,13.8,,,,ARES
2010-05-12,11.8,9.8,14.0,3.0,,,,,,,ARES
2010-05-13,11.6,7.6,14.7,2.7,,,,,,,ARES
2010-05-14,12.8,10.2,15.4,0.0,,,,,,,ARES
2010-05-15,13.6,11.8,16.6,0.0,,,,,,,ARES
2010-05-16,13.9,11.0,16.8,0.0,,,,,,,ARES
2010-05-17,13.7,9.2,19.4,0.0,,,,,,,ARES
2010-05-18,16.2,12.2,21.3,0.0,,,,,,,ARES
2010-05-19,16.0,12.0,20.2,0.0,,,,,,,ARES
2010-05-20,20.1,15.2,27.0,0.0,,,,,,,ARES
2010-05-21,21.3,15.5,26.6,0.0,,,,,,,ARES
2010-05-22,22.6,17.2,29.4,0.0,,,,,,,ARES
2010-05-23,20.2,16.6,27.0,0.0,,,,,,,ARES
2010-05-24,17.7,15.4,22.0,23.2,,,,,,,ARES
2010-05-25,17.6,14.6,21.4,0.5,,,,,,,ARES
2010-05-26,16.6,14.9,19.5,0.2,,,,,,,ARES
2010-05-27,16.4,13.0,19.7,0.0,,,,,,,ARES
2010-05-28,16.0,13.0,19.8,1.3,,,,,,,ARES
2010-05-29,17.7,15.0,21.0,0.5,,239.0,12.9,,,,ARES
2010-05-30,18.2,16.0,21.6,0.0,,,,,,,ARES
2010-05-31,17.0,15.4,21.2,0.0,,,,,,,ARES
2010-06-01,16.7,11.2,21.5,0.3,,,,,,,ARES
2010-06-02,18.2,15.5,21.7,0.0,,,,,,,ARES
2010-06-03,18.6,15.5,24.0,0.0,,,,,,,ARES
2010-06-04,17.6,16.0,21.0,0.0,,,,,,,ARES
2010-06-05,16.2,15.2,17.3,0.0,,,,,,,ARES
2010-06-06,16.9,14.7,20.5,0.0,,,,,,,ARES
2010-06-07,17.2,13.2,22.0,0.6,,,,,,,ARES
2010-06-08,15.5,14.0,17.4,34.0,,,,,,,ARES
2010-06-09,14.4,13.6,17.4,13.9,,,,,,,ARES
2010-06-10,15.1,13.8,16.7,24.9,,,,,,,ARES
2010-06-11,15.4,14.8,17.0,7.5,,,,,,,ARES
2010-06-12,16.8,14.7,19.2,0.0,,,,,,,ARES
2010-06-13,15.6,14.5,17.6,1.0,,,,,,,ARES
2010-06-14,15.5,13.0,18.0,0.0,,,,,,,ARES
2010-06-15,15.7,13.8,17.8,0.0,,,,,,,ARES
2010-06-16,15.2,14.1,17.2,0.0,,,,,,,ARES
2010-06-17,15.7,12.9,19.0,0.0,,,,,,,ARES
2010-06-18,16.0,14.6,19.2,0.0,,,,,,,ARES
2010-06-19,16.6,14.3,19.6,0.0,,,,,,,ARES
2010-06-20,16.9,14.4,20.2,0.0,,,,,,,ARES
2010-06-21,17.3,13.4,21.4,0.0,,,,,,,ARES
2010-06-22,18.5,13.5,24.0,0.0,,,,,,,ARES
2010-06-23,20.8,15.1,27.5,0.0,,,,,,,ARES
2010-06-24,22.2,17.0,28.5,0.0,,,,,,,ARES
2010-06-25,19.4,17.2,24.3,0.0,,,,,,,ARES
2010-06-26,17.7,16.0,19.5,0.0,,,,,,,ARES
2010-06-27,17.8,16.3,20.2,0.0,,,,,,,ARES
2010-06-28,18.6,16.1,22.2,0.0,,,,,,,ARES
2010-06-29,18.1,15.5,21.4,0.0,,,,,,,ARES
2010-06-30,18.7,15.0,23.5,0.0,,,,,,,ARES
2010-07-01,19.5,17.0,22.5,3.5,,,,,,,ARES
2010-07-02,17.8,16.2,19.6,6.8,,,,,,,ARES
2010-07-03,17.4,16.2,20.2,0.0,,,,,,,ARES
2010-07-04,17.9,16.5,20.5,0.0,,,,,,,ARES
2010-07-05,17.9,15.6,20.5,0.0,,,,,,,ARES
2010-07-06,19.8,16.2,24.4,0.0,,,,,,,ARES
2010-07-07,19.4,16.4,22.8,9.2,,,,,,,ARES
2010-07-08,18.9,16.0,24.0,3.8,,,,,,,ARES
2010-07-09,18.8,16.7,22.5,0.0,,,,,,,ARES
2010-07-10,18.4,15.4,22.4,0.0,,,,,,,ARES
2010-07-11,19.4,18.6,22.6,0.0,,,,,,,ARES
2010-07-12,19.6,17.0,23.4,2.3,,,,,,,ARES
2010-07-13,19.6,16.7,24.2,0.1,,,,,,,ARES
2010-07-14,18.3,16.5,22.0,0.7,,,,,,,ARES
2010-07-15,19.1,15.0,24.4,7.7,,,,,,,ARES
2010-07-16,19.0,15.5,22.2,0.0,,,,,,,ARES
2010-07-17,17.8,15.0,20.5,0.0,,,,,,,ARES
2010-07-18,21.1,15.2,26.6,0.0,,,,,,,ARES
2010-07-19,18.6,16.9,21.6,0.0,,,,,,,ARES
2010-07-20,19.1,16.0,24.2,0.9,,,,,,,ARES
2010-07-21,19.0,16.2,22.6,0.0,,,,,,,ARES
2010-07-22,18.2,15.0,21.6,0.0,,,,,,,ARES
2010-07-23,17.5,15.0,20.8,0.0,,,,,,,ARES
2010-07-24,18.7,16.2,21.7,0.0,,,,,,,ARES
2010-07-25,18.6,16.7,21.6,0.0,,,,,,,ARES
2010-07-26,19.3,17.4,22.2,0.0,,,,,,,ARES
2010-07-27,21.7,17.6,27.0,0.0,,,,,,,ARES
2010-07-28,21.5,17.4,28.2,0.0,,,,,,,ARES
2010-07-29,18.3,16.4,21.2,0.0,,,,,,,ARES
2010-07-30,19.2,16.8,22.2,0.0,,,,,,,ARES
2010-07-31,18.3,16.4,21.0,0.0,,,,,,,ARES
2010-08-01,17.8,15.9,20.2,0.0,,,,,,,ARES
2010-08-02,18.6,16.7,22.6,0.0,,,,,,,ARES
2010-08-03,18.4,16.7,21.7,0.0,,,,,,,ARES
2010-08-04,18.4,17.0,21.4,0.1,,,,,,,ARES
2010-08-05,18.6,16.4,21.0,0.0,,,,,,,ARES
2010-08-06,18.6,15.6,22.6,0.0,,,,,,,ARES
2010-08-07,18.4,16.2,21.0,0.0,,,,,,,ARES
2010-08-08,19.1,16.5,22.6,0.0,,,,,,,ARES
2010-08-09,18.6,16.9,21.2,0.0,,,,,,,ARES
2010-08-10,18.9,14.6,23.4,0.0,,,,,,,ARES
2010-08-11,19.8,16.2,24.2,0.8,,,,,,,ARES
2010-08-12,19.2,17.4,22.7,0.0,,,,,,,ARES
2010-08-13,18.6,16.5,21.8,0.0,,,,,,,ARES
2010-08-14,17.9,16.5,21.5,0.0,,,,,,,ARES
2010-08-15,17.8,16.0,21.2,0.0,,,,,,,ARES
2010-08-16,18.6,15.7,22.0,0.0,,,,,,,ARES
2010-08-17,18.8,14.6,23.6,1.2,,,,,,,ARES
2010-08-18,19.6,17.6,23.6,0.5,,,,,,,ARES
2010-08-19,18.9,15.8,23.2,0.0,,,,,,,ARES
2010-08-20,20.7,17.8,25.5,0.0,,,,,,,ARES
2010-08-21,19.7,17.8,24.4,0.0,,,,,,,ARES
2010-08-22,20.9,18.0,24.8,0.0,,,,,,,ARES
2010-08-23,20.7,16.8,26.6,5.6,,,,,,,ARES
2010-08-24,19.2,15.0,26.6,0.0,,,,,,,ARES
2010-08-25,21.7,19.0,28.0,0.0,,,,,,,ARES
2010-08-26,21.3,18.2,24.4,0.0,,,,,,,ARES
2010-08-27,20.8,18.2,24.2,0.1,,,,,,,ARES
2010-08-28,20.3,16.5,24.5,0.0,,,,,,,ARES
2010-08-29,20.7,16.8,26.8,0.0,,,,,,,ARES
2010-08-30,21.3,16.2,28.6,0.0,,,,,,,ARES
2010-08-31,23.2,18.6,30.8,0.4,,,,,,,ARES
2010-09-01,20.4,18.1,22.7,0.8,,,,,,,ARES
2010-09-02,19.5,17.4,23.4,0.0,,,,,,,ARES
2010-09-03,19.6,18.0,24.1,0.0,,,,,,,ARES
2010-09-04,19.6,16.8,23.6,0.0,,,,,,,ARES
2010-09-05,19.3,16.4,24.4,0.0,,,,,,,ARES
2010-09-06,18.8,16.9,22.5,20.6,,,,,,,ARES
2010-09-07,17.9,15.6,21.5,1.6,,,,,,,ARES
2010-09-08,18.8,15.4,24.2,0.0,,,,,,,ARES
2010-09-09,18.8,15.4,22.6,0.0,,,,,,,ARES
2010-09-10,18.1,14.2,23.2,0.0,,,,,,,ARES
2010-09-11,18.7,16.9,22.1,0.0,,,,,,,ARES
2010-09-12,18.9,17.4,21.0,0.0,,,,,,,ARES
2010-09-13,20.2,15.8,25.6,0.0,,,,,,,ARES
2010-09-14,21.7,15.6,29.8,0.0,,,,,,,ARES
2010-09-15,20.9,17.8,25.0,0.0,,,,,,,ARES
2010-09-16,18.8,16.4,23.2,0.0,,,,,,,ARES
2010-09-17,17.3,15.6,19.8,0.0,,,,,,,ARES
2010-09-18,17.1,14.8,22.4,0.0,,,,,,,ARES
2010-09-19,17.6,13.2,22.5,0.0,,,,,,,ARES
2010-09-20,18.7,14.5,24.7,0.0,,,,,,,ARES
2010-09-21,18.0,15.0,21.8,0.0,,,,,,,ARES
2010-09-22,17.2,14.0,20.6,0.0,,,,,,,ARES
2010-09-23,19.1,15.2,25.2,1.4,,,,,,,ARES
2010-09-24,17.6,16.0,20.2,0.2,,,,,,,ARES
2010-09-25,16.3,14.0,19.4,0.1,,,,,,,ARES
2010-09-26,15.5,12.8,19.2,0.0,,,,,,,ARES
2010-09-27,14.8,10.2,19.4,0.0,,,,,,,ARES
2010-09-28,16.8,11.6,22.4,0.0,,,,,,,ARES
2010-09-29,15.8,12.6,17.6,5.8,,,,,,,ARES
2010-09-30,15.4,10.8,20.6,0.0,,,,,,,ARES
2010-10-01,17.9,15.4,21.2,0.1,,,,,,,ARES
2010-10-02,19.0,17.8,21.6,16.4,,,,,,,ARES
2010-10-03,17.3,15.6,19.6,28.5,,,,,,,ARES
2010-10-04,17.2,13.8,20.4,0.0,,,,,,,ARES
2010-10-05,17.4,13.7,19.4,32.4,,,,,,,ARES
2010-10-06,15.9,13.6,19.2,0.0,,,,,,,ARES
2010-10-07,17.3,13.5,22.0,2.0,,,,,,,ARES
2010-10-08,19.3,15.1,21.9,37.3,,,,,,,ARES
2010-10-09,17.0,13.1,21.8,0.0,,,,,,,ARES
2010-10-10,16.1,12.1,21.0,0.0,,,,,,,ARES
2010-10-11,16.6,14.8,19.2,0.2,,,,,,,ARES
2010-10-12,17.7,15.5,21.8,0.0,,,,,,,ARES
2010-10-13,17.5,14.2,22.2,0.0,,,,,,,ARES
2010-10-14,15.0,11.2,20.0,0.0,,,,,,,ARES
2010-10-15,15.6,13.5,19.0,0.0,,,,,,,ARES
2010-10-16,14.7,12.4,18.3,0.0,,,,,,,ARES
2010-10-17,14.9,11.8,19.6,0.0,,,,,,,ARES
2010-10-18,13.9,10.2,19.2,0.0,,,,,,,ARES
2010-10-19,13.4,9.0,19.4,0.0,,,,,,,ARES
2010-10-20,14.1,10.0,20.2,0.0,,,,,,,ARES
2010-10-21,14.2,10.6,21.2,0.0,,,,,,,ARES
2010-10-22,13.4,10.8,16.8,1.6,,,,,,,ARES
2010-10-23,14.2,10.2,18.0,0.2,,,,,,,ARES
2010-10-24,15.8,14.0,17.4,1.5,,,,,,,ARES
2010-10-25,13.8,11.2,18.1,0.0,,,,,,,ARES
2010-10-26,13.3,8.8,18.6,0.0,,,,,,,ARES
2010-10-27,15.6,10.4,19.6,0.0,,,,,,,ARES
2010-10-28,16.7,14.0,21.8,5.2,,,,,,,ARES
2010-10-29,15.3,13.0,17.9,11.6,,,,,,,ARES
2010-10-30,14.3,12.0,17.5,12.2,,,,,,,ARES
2010-10-31,13.7,11.5,15.8,6.1,,,,,,,ARES
2010-11-01,14.7,12.8,16.8,0.0,,,,,,,ARES
2010-11-02,15.2,12.8,17.8,0.0,,,,,,,ARES
2010-11-03,16.3,15.0,18.6,0.0,,,,,,,ARES
2010-11-04,15.9,15.0,18.5,0.0,,,,,,,ARES
2010-11-05,15.5,12.9,19.4,0.0,,,,,,,ARES
2010-11-06,14.6,12.8,17.3,2.0,,,,,,,ARES
2010-11-07,13.3,11.4,15.4,5.0,,,,,,,ARES
2010-11-08,13.0,11.0,15.2,16.4,,,,,,,ARES
2010-11-09,12.9,9.9,15.1,4.9,,,,,,,ARES
2010-11-10,13.6,11.2,16.2,1.3,,,,,,,ARES
2010-11-11,14.8,12.8,16.8,0.0,,,15.6,,,,ARES
2010-11-12,16.7,15.4,18.4,0.7,,,,,,,ARES
2010-11-13,17.2,13.2,19.5,40.6,,,,,,,ARES
2010-11-14,10.5,8.6,14.2,21.3,,,,,,,ARES
2010-11-15,12.3,8.6,16.0,2.9,,,,,,,ARES
2010-11-16,11.8,9.2,14.6,10.9,,,,,,,ARES
2010-11-17,12.5,10.5,15.0,1.5,,,,,,,ARES
2010-11-18,11.9,9.7,15.0,4.4,,,,,,,ARES
2010-11-19,12.7,10.5,15.8,19.5,,,,,,,ARES
2010-11-20,12.6,10.4,15.0,19.4,,,,,,,ARES
2010-11-21,11.3,10.1,13.4,17.9,,,,,,,ARES
2010-11-22,10.7,8.6,14.0,2.8,,,,,,,ARES
2010-11-23,10.8,8.6,14.4,0.0,,,,,,,ARES
2010-11-24,9.3,5.6,13.8,0.0,,,,,,,ARES
2010-11-25,9.8,7.0,13.6,1.2,,,,,,,ARES
2010-11-26,8.6,6.4,12.2,4.1,,,,,,,ARES
2010-11-27,7.7,5.5,11.6,12.7,,,,,,,ARES
2010-11-28,5.8,3.9,9.7,3.2,,,,,,,ARES
2010-11-29,5.5,2.6,9.0,5.8,,,,,,,ARES
2010-11-30,6.5,4.0,9.2,3.3,,,,,,,ARES
2010-12-01,7.1,5.4,10.0,15.1,,,,,,,ARES
2010-12-02,5.9,2.4,7.1,10.5,,,,,,,ARES
2010-12-03,5.8,2.9,9.5,3.3,,,,,,,ARES
2010-12-04,6.9,4.6,9.5,11.2,,,,,,,ARES
2010-12-05,10.9,6.2,17.2,11.8,,,,,,,ARES
2010-12-06,15.3,13.3,17.4,15.9,,,,,,,ARES
2010-12-07,14.3,12.1,18.0,24.3,,,,,,,ARES
2010-12-08,11.7,9.4,12.8,0.8,,,,,,,ARES
2010-12-09,10.7,9.6,13.5,0.4,,,,,,,ARES
2010-12-10,12.2,9.4,17.8,0.0,,,,,,,ARES
2010-12-11,16.6,14.0,19.7,0.0,,,,,,,ARES
2010-12-12,14.7,12.0,18.6,0.0,,,,,,,ARES
2010-12-13,11.7,9.2,15.4,0.0,,,,,,,ARES
2010-12-14,10.3,8.0,13.9,0.0,,,,,,,ARES
2010-12-15,9.1,7.2,11.8,0.0,,,,,,,ARES
2010-12-16,7.7,5.8,11.2,0.0,,,,,,,ARES
2010-12-17,9.1,6.2,11.0,4.8,,,,,,,ARES
2010-12-18,6.9,3.8,11.6,0.0,,,,,,,ARES
2010-12-19,10.1,7.1,14.0,0.0,,,,,,,ARES
2010-12-20,12.4,11.1,15.5,0.0,,,,,,,ARES
2010-12-21,11.3,10.2,14.2,3.8,,,,,,,ARES
2010-12-22,9.9,8.6,11.3,17.2,,,,,,,ARES
2010-12-23,8.1,6.0,9.6,2.5,,,,,,,ARES
2010-12-24,6.7,3.9,10.4,0.0,,,,,,,ARES
2010-12-25,8.2,4.6,11.1,0.0,,,,,,,ARES
2010-12-26,6.1,2.4,11.0,0.0,,,,,,,ARES
2010-12-27,11.1,6.9,14.2,0.0,,,,,,,ARES
2010-12-28,12.9,11.3,15.5,7.6,,,,,,,ARES
2010-12-29,13.9,12.9,16.8,0.1,,,,,,,ARES
2010-12-30,14.2,12.0,16.2,0.4,,,,,,,ARES
2010-12-31,13.1,10.8,17.5,0.0,,,,,,,ARES
2011-01-01,10.7,7.4,14.6,0.0,,,,,,,ARES
2011-01-02,10.8,9.2,13.4,0.0,,,,,,,ARES
2011-01-03,8.7,6.0,12.6,5.5,,,,,,,ARES
2011-01-04,13.1,9.7,15.9,17.0,,,,,,,ARES
2011-01-05,15.3,12.8,17.8,16.9,,,,,,,ARES
2011-01-06,15.6,13.4,18.0,1.1,,,,,,,ARES
2011-01-07,13.9,12.0,16.0,2.8,,,,,,,ARES
2011-01-08,12.1,9.4,15.2,12.6,,,,,,,ARES
2011-01-09,9.8,7.0,13.0,0.0,,,,,,,ARES
2011-01-10,11.6,6.2,15.6,0.3,,,17.6,,,,ARES
2011-01-11,14.2,13.0,14.5,2.1,,,,,,,ARES
2011-01-12,14.8,13.0,17.0,0.2,,,,,,,ARES
2011-01-13,14.2,13.2,15.6,0.0,,,,,,,ARES
2011-01-14,13.3,11.5,16.4,0.8,,,,,,,ARES
2011-01-15,13.6,11.5,16.5,0.0,,,,,,,ARES
2011-01-16,12.8,10.7,14.9,12.3,,,,,,,ARES
2011-01-17,13.4,11.8,17.0,1.6,,,,,,,ARES
2011-01-18,11.2,10.2,12.6,1.1,,,,,,,ARES
2011-01-19,11.9,9.6,15.4,3.5,,,,,,,ARES
2011-01-20,11.6,9.5,15.2,0.0,,,,,,,ARES
2011-01-21,8.8,5.8,12.0,0.0,,,,,,,ARES
2011-01-22,8.8,5.8,10.8,0.0,,,,,,,ARES
2011-01-23,7.8,5.8,11.0,0.0,,,,,,,ARES
2011-01-24,8.7,6.6,12.4,0.0,,,,,,,ARES
2011-01-25,8.9,6.2,13.2,0.0,,,,,,,ARES
2011-01-26,8.3,5.0,11.6,5.5,,,,,,,ARES
2011-01-27,8.8,7.4,10.6,0.3,,,,,,,ARES
2011-01-28,7.6,4.9,9.7,7.9,,,,,,,ARES
2011-01-29,7.4,5.5,9.7,4.7,,,,,,,ARES
2011-01-30,8.3,5.6,10.8,1.5,,,,,,,ARES
2011-01-31,8.3,6.5,10.0,0.0,,,,,,,ARES
2011-02-01,9.0,6.4,12.2,0.0,,,,,,,ARES
2011-02-02,8.3,4.4,12.6,0.0,,,,,,,ARES
2011-02-03,11.3,8.0,16.0,0.0,,,,,,,ARES
2011-02-04,11.5,8.0,15.2,0.0,,,,,,,ARES
2011-02-05,9.3,7.7,12.1,0.0,,,,,,,ARES
2011-02-06,9.1,5.0,12.8,0.0,,,,,,,ARES
2011-02-07,12.3,8.6,16.6,0.0,,,,,,,ARES
2011-02-08,12.8,9.6,17.6,0.0,,,,,,,ARES
2011-02-09,13.9,11.6,16.4,0.0,,,,,,,ARES
2011-02-10,14.9,13.4,18.2,0.0,,,,,,,ARES
2011-02-11,12.6,10.4,14.8,5.5,,,,,,,ARES
2011-02-12,11.3,8.5,14.8,0.5,,,,,,,ARES
2011-02-13,10.5,6.4,12.4,19.9,,,,,,,ARES
2011-02-14,8.9,6.4,12.6,10.8,,,,,,,ARES
2011-02-15,9.6,8.0,13.4,13.5,,,,,,,ARES
2011-02-16,8.2,5.8,11.5,18.8,,,,,,,ARES
2011-02-17,10.2,5.0,13.4,2.5,,,,,,,ARES
2011-02-18,11.8,8.4,15.0,3.4,,,,,,,ARES
2011-02-19,12.8,10.4,15.8,0.0,,,,,,,ARES
2011-02-20,11.2,9.0,14.6,4.9,,,,,,,ARES
2011-02-21,13.1,11.2,15.2,0.0,,,,,,,ARES
2011-02-22,13.1,12.6,14.5,0.9,,,,,,,ARES
2011-02-23,12.9,11.6,15.4,0.0,,,,,,,ARES
2011-02-24,12.8,8.3,17.6,0.0,,,,,,,ARES
2011-02-25,11.6,8.5,15.5,0.0,,,,,,,ARES
2011-02-26,11.9,9.8,14.6,1.8,,,,,,,ARES
2011-02-27,11.3,9.1,14.0,0.1,,,,,,,ARES
2011-02-28,10.7,8.8,12.9,1.0,,,,,,,ARES
2011-03-01,8.9,6.6,12.4,0.1,,,,,,,ARES
2011-03-02,9.2,7.2,11.6,0.0,,,,,,,ARES
2011-03-03,9.8,8.0,13.0,0.0,,,,,,,ARES
2011-03-04,9.6,7.5,13.8,0.0,,,,,,,ARES
2011-03-05,10.9,6.2,17.4,0.0,,,,,,,ARES
2011-03-06,12.2,8.2,16.6,0.0,,,,,,,ARES
2011-03-07,12.1,7.0,16.0,0.0,,,,,,,ARES
2011-03-08,11.3,8.3,15.2,0.0,,,,,,,ARES
2011-03-09,11.8,9.8,14.6,0.0,,,,,,,ARES
2011-03-10,12.0,8.2,17.6,0.0,,,,,,,ARES
2011-03-11,12.8,8.4,18.4,0.6,,,,,,,ARES
2011-03-12,11.5,10.0,14.0,23.6,,,,,,,ARES
2011-03-13,9.4,8.0,12.0,5.4,,,,,,,ARES
2011-03-14,11.1,8.2,14.0,1.4,,,,,,,ARES
2011-03-15,11.1,10.3,12.5,13.0,,,,,,,ARES
2011-03-16,10.8,9.4,12.4,0.6,,,,,,,ARES
2011-03-17,11.1,9.5,14.0,0.0,,,,,,,ARES
2011-03-18,11.7,8.7,16.0,0.0,,,,,,,ARES
2011-03-19,11.8,7.5,16.5,0.0,,,,,,,ARES
2011-03-20,12.5,8.5,18.2,0.0,,,,,,,ARES
2011-03-21,12.6,8.0,19.2,0.0,,,,,,,ARES
2011-03-22,13.1,8.4,18.6,0.0,,,,,,,ARES
2011-03-23,13.8,10.2,18.4,0.0,,,,,,,ARES
2011-03-24,14.4,11.5,20.2,0.0,,,,,,,ARES
2011-03-25,14.3,10.2,19.4,0.0,,,,,,,ARES
2011-03-26,13.7,10.8,16.8,11.6,,,,,,,ARES
2011-03-27,12.1,10.5,15.6,5.7,,,,,,,ARES
2011-03-28,12.7,10.7,16.9,2.3,,,,,,,ARES
2011-03-29,13.4,10.9,16.2,4.4,,,,,,,ARES
2011-03-30,15.0,12.6,19.2,0.6,,,,,,,ARES
2011-03-31,14.9,13.6,20.2,0.0,,,,,,,ARES
2011-04-01,19.8,12.6,30.4,0.0,,,,,,,ARES
2011-04-02,14.3,11.7,16.5,0.3,,,,,,,ARES
2011-04-03,12.8,10.7,15.9,0.0,,,,,,,ARES
2011-04-04,12.8,8.0,16.7,0.0,,,,,,,ARES
2011-04-05,14.5,9.2,20.8,0.0,,,,,,,ARES
2011-04-06,21.8,15.6,28.2,0.0,,,,,,,ARES
2011-04-07,22.9,19.4,29.4,0.0,,,,,,,ARES
2011-04-08,22.3,17.4,31.6,0.0,,,,,,,ARES
2011-04-09,17.3,14.9,21.2,0.0,,,,,,,ARES
2011-04-10,14.4,13.2,16.7,0.0,,,,,,,ARES
2011-04-11,13.9,12.0,16.9,0.0,,,,,,,ARES
2011-04-12,15.1,12.4,18.4,0.0,,,,,,,ARES
2011-04-13,13.8,9.8,18.5,0.0,,,,,,,ARES
2011-04-14,12.8,9.4,18.4,0.0,,,,,,,ARES
2011-04-15,13.9,10.4,19.2,0.0,,,,,,,ARES
2011-04-16,15.3,11.6,21.0,0.0,,,,,,,ARES
2011-04-17,16.4,10.6,22.0,0.0,,,,,,,ARES
2011-04-18,16.5,12.6,22.2,0.1,,,,,,,ARES
2011-04-19,15.9,14.6,18.2,20.4,,,,,,,ARES
2011-04-20,15.7,13.6,18.8,5.6,,,,,,,ARES
2011-04-21,15.2,13.7,18.0,15.1,,,,,,,ARES
2011-04-22,14.1,13.1,17.1,24.6,,,,,,,ARES
2011-04-23,14.4,13.2,18.5,5.2,,,,,,,ARES
2011-04-24,13.7,13.2,17.6,0.0,,,,,,,ARES
2011-04-25,14.2,12.8,17.0,0.0,,,,,,,ARES
2011-04-26,14.2,12.4,16.8,0.0,,,,,,,ARES
2011-04-27,15.1,11.9,19.4,0.0,,,,,,,ARES
2011-04-28,17.2,12.2,22.5,0.0,,,,,,,ARES
2011-04-29,17.3,12.5,22.8,0.0,,,,,,,ARES
2011-04-30,15.1,12.2,18.4,0.0,,,,,,,ARES
2011-05-01,14.9,12.0,18.0,0.0,,,,,,,ARES
2011-05-02,15.1,12.8,18.2,0.0,,,,,,,ARES
2011-05-03,15.2,12.6,19.4,0.0,,,,,,,ARES
2011-05-04,15.7,11.5,20.0,0.0,,,,,,,ARES
2011-05-05,16.8,12.5,21.4,0.0,,,,,,,ARES
2011-05-06,17.1,14.8,23.2,0.0,,,,,,,ARES
2011-05-07,15.7,11.6,20.0,6.5,,,,,,,ARES
2011-05-08,15.6,11.4,20.0,0.2,,,,,,,ARES
2011-05-09,14.7,11.0,19.6,0.0,,,,,,,ARES
2011-05-10,15.5,11.4,19.4,0.0,,,,,,,ARES
2011-05-11,16.6,14.5,21.0,0.0,,,,,,,ARES
2011-05-12,16.4,14.5,20.0,0.0,,,,,,,ARES
2011-05-13,16.1,14.0,20.4,0.0,,,,,,,ARES
2011-05-14,15.2,13.0,19.0,0.0,,,,,,,ARES
2011-05-15,15.8,12.4,20.0,0.0,,,,,,,ARES
2011-05-16,16.3,13.0,22.4,0.0,,,,,,,ARES
2011-05-17,17.3,13.4,22.4,0.0,,,,,,,ARES
2011-05-18,16.6,14.4,20.2,0.0,,,,,,,ARES
2011-05-19,15.3,14.0,18.6,0.0,,,,,,,ARES
2011-05-20,14.8,13.4,16.5,0.0,,,,,,,ARES
2011-05-21,14.9,12.0,19.4,0.0,,,,,,,ARES
2011-05-22,14.7,11.2,18.9,0.0,,,,,,,ARES
2011-05-23,15.9,12.0,19.6,0.0,,,,,,,ARES
2011-05-24,17.8,13.8,23.6,0.0,,,,,,,ARES
2011-05-25,17.9,14.9,25.4,0.0,,,,,,,ARES
2011-05-26,14.7,12.6,17.2,0.0,,,,,,,ARES
2011-05-27,15.2,13.0,20.0,0.0,,,,,,,ARES
2011-05-28,16.4,12.1,22.5,0.0,,,,,,,ARES
2011-05-29,16.7,13.5,22.8,9.0,,,,,,,ARES
2011-05-30,15.3,13.1,17.6,2.2,,,,,,,ARES
2011-05-31,14.5,12.6,17.0,0.0,,,,,,,ARES
2011-06-01,16.1,12.0,21.6,0.0,,,,,,,ARES
2011-06-02,16.8,12.8,22.0,0.0,,,,,,,ARES
2011-06-03,16.4,14.4,18.6,0.0,,,,,,,ARES
2011-06-04,16.5,14.2,20.5,0.0,,,,,,,ARES
2011-06-05,15.6,14.4,18.2,1.2,,,,,,,ARES
2011-06-06,14.2,11.4,15.2,0.3,,,,,,,ARES
2011-06-07,14.6,12.0,18.4,0.5,,,,,,,ARES
2011-06-08,15.2,12.4,20.0,0.0,,,,,,,ARES
2011-06-09,14.5,12.6,18.2,0.0,,,,,,,ARES
2011-06-10,15.2,13.2,18.6,0.0,,,,,,,ARES
2011-06-11,15.4,11.6,19.4,0.0,,,,,,,ARES
2011-06-12,18.5,14.0,25.8,0.0,,,,,,,ARES
2011-06-13,19.3,16.8,23.3,0.4,,,,,,,ARES
2011-06-14,18.0,15.6,22.1,0.0,,,,,,,ARES
2011-06-15,18.4,16.0,22.0,0.0,,,,,,,ARES
2011-06-16,16.8,14.8,20.9,0.0,,,,,,,ARES
2011-06-17,16.0,13.8,19.2,3.0,,,,,,,ARES
2011-06-18,16.2,13.5,20.8,0.0,,,,,,,ARES
2011-06-19,17.6,12.3,23.5,0.0,,,,,,,ARES
2011-06-20,20.1,16.6,25.0,0.0,,,,,,,ARES
2011-06-21,18.0,16.4,20.7,0.8,,,,,,,ARES
2011-06-22,17.6,14.4,21.5,0.6,,,,,,,ARES
2011-06-23,16.0,14.0,19.0,0.0,,,,,,,ARES
2011-06-24,17.8,13.5,22.5,0.0,,,,,,,ARES
2011-06-25,23.7,15.2,31.4,0.0,,,,,,,ARES
2011-06-26,20.9,17.1,26.3,0.0,,,,,,,ARES
2011-06-27,18.1,15.2,22.6,0.0,,,,,,,ARES
2011-06-28,16.5,15.2,19.2,0.0,,,,,,,ARES
2011-06-29,17.1,14.0,20.7,0.0,,,,,,,ARES
2011-06-30,18.1,14.8,24.2,0.0,,,,,,,ARES
2011-07-01,20.2,14.6,26.4,0.0,,,,,,,ARES
2011-07-02,18.8,15.6,23.6,0.0,,,,,,,ARES
2011-07-03,18.3,15.8,22.0,0.0,,,,,,,ARES
2011-07-04,18.6,16.2,22.6,0.3,,,,,,,ARES
2011-07-05,19.1,16.9,23.2,0.7,,,,,,,ARES
2011-07-06,17.7,15.0,21.6,0.0,,,,,,,ARES
2011-07-07,17.5,14.9,22.0,0.0,,,,,,,ARES
2011-07-08,17.5,15.0,21.0,1.5,,,,,,,ARES
2011-07-09,17.8,16.0,21.6,0.0,,,,,,,ARES
2011-07-10,17.3,15.9,21.4,0.0,,,,,,,ARES
2011-07-11,19.4,16.0,24.0,2.6,,,,,,,ARES
2011-07-12,17.1,14.3,20.5,0.0,,,,,,,ARES
2011-07-13,17.3,14.7,21.0,0.0,,,,,,,ARES
2011-07-14,17.9,15.5,22.5,0.0,,,,,,,ARES
2011-07-15,18.4,16.4,22.0,0.7,,,,,,,ARES
2011-07-16,17.9,16.0,21.1,2.1,,,,,,,ARES
2011-07-17,16.9,14.0,21.5,0.0,,,,,,,ARES
2011-07-18,16.9,13.9,19.9,3.5,,,,,,,ARES
2011-07-19,17.1,15.1,19.5,0.3,,,,,,,ARES
2011-07-20,17.3,15.2,21.4,2.2,,,,,,,ARES
2011-07-21,16.8,14.6,20.0,0.0,,,,,,,ARES
2011-07-22,17.1,15.0,19.0,0.0,,,,,,,ARES
2011-07-23,17.1,14.0,20.2,0.0,,,,,,,ARES
2011-07-24,17.5,15.8,20.5,0.7,,,,,,,ARES
2011-07-25,18.8,17.0,22.4,4.5,,,,,,,ARES
2011-07-26,17.3,16.0,21.5,0.0,,,,,,,ARES
2011-07-27,17.9,15.8,19.6,0.0,,,,,,,ARES
2011-07-28,19.6,16.6,23.8,0.0,,,,,,,ARES
2011-07-29,19.4,15.5,25.0,0.0,,,,,,,ARES
2011-07-30,17.9,15.6,21.2,0.0,,,,,,,ARES
2011-07-31,18.4,14.8,22.6,0.0,,,,,,,ARES
2011-08-01,19.2,15.5,22.5,0.0,,,,,,,ARES
2011-08-02,19.7,17.6,23.4,0.0,,,,,,,ARES
2011-08-03,20.6,16.6,25.6,0.0,,,,,,,ARES
2011-08-04,21.3,18.0,26.0,6.2,,,,,,,ARES
2011-08-05,18.8,16.5,21.8,0.5,,,,,,,ARES
2011-08-06,19.7,16.4,21.4,0.3,,,,,,,ARES
2011-08-07,18.1,13.4,23.2,0.9,,,,,,,ARES
2011-08-08,17.9,15.8,21.4,0.0,,,,,,,ARES
2011-08-09,18.1,15.0,21.5,0.0,,,,,,,ARES
2011-08-10,19.7,15.2,24.8,0.0,,,,,,,ARES
2011-08-11,17.9,15.4,21.6,0.0,,,,,,,ARES
2011-08-12,18.2,16.2,21.5,0.0,,,,,,,ARES
2011-08-13,20.7,16.4,25.4,3.1,,,,,,,ARES
2011-08-14,20.5,16.8,23.1,15.8,,,,,,,ARES
2011-08-15,18.8,16.2,23.0,0.0,,,,,,,ARES
2011-08-16,19.2,16.4,22.9,0.0,,,,,,,ARES
2011-08-17,18.9,17.1,22.6,0.0,,,,,,,ARES
2011-08-18,18.6,15.7,22.1,0.0,,,,,,,ARES
2011-08-19,20.7,16.9,24.8,0.0,,,,,,,ARES
2011-08-20,21.3,18.2,27.0,0.0,,,,,,,ARES
2011-08-21,20.0,18.0,22.8,1.2,,,,,,,ARES
2011-08-22,18.3,16.4,19.8,9.1,,,,,,,ARES
2011-08-23,17.6,15.6,20.0,0.0,,,,,,,ARES
2011-08-24,17.5,13.3,21.9,0.0,,,,,,,ARES
2011-08-25,18.1,15.0,20.4,2.7,,,,,,,ARES
2011-08-26,17.2,14.4,21.0,0.0,,,,,,,ARES
2011-08-27,16.8,12.6,21.0,0.0,,,,,,,ARES
2011-08-28,18.3,12.8,22.3,0.0,,,,,,,ARES
2011-08-29,18.3,14.0,22.2,0.0,,,,,,,ARES
2011-08-30,18.4,15.2,21.0,1.2,,,,,,,ARES
2011-08-31,18.8,17.0,21.7,8.2,,,,,,,ARES
2011-09-01,19.8,16.6,25.4,0.0,,,,,,,ARES
2011-09-02,18.8,16.0,22.0,0.0,,,,,,,ARES
2011-09-03,19.3,15.9,23.4,11.5,,,,,,,ARES
2011-09-04,18.3,15.8,21.9,0.0,,,,,,,ARES
2011-09-05,18.4,15.4,22.0,0.0,,,,,,,ARES
2011-09-06,18.8,14.0,23.2,0.0,,,,,,,ARES
2011-09-07,20.5,17.0,24.4,0.0,,,,,,,ARES
2011-09-08,19.9,18.0,21.6,0.0,,,,,,,ARES
2011-09-09,20.9,17.6,26.2,0.3,,,,,,,ARES
2011-09-10,20.8,17.4,24.6,1.0,,,,,,,ARES
2011-09-11,21.5,18.6,24.6,0.1,,,,,,,ARES
2011-09-12,21.8,19.5,26.7,0.0,,,,,,,ARES
2011-09-13,18.7,17.4,20.0,0.4,,,,,,,ARES
2011-09-14,20.1,17.0,24.4,0.0,,,,,,,ARES
2011-09-15,19.7,17.2,24.8,0.3,,,,,,,ARES
2011-09-16,18.4,16.7,21.0,0.0,,,,,,,ARES
2011-09-17,17.8,16.6,19.6,0.0,,,,,,,ARES
2011-09-18,17.3,15.2,19.6,0.0,,,,,,,ARES
2011-09-19,16.4,14.8,20.5,0.0,,,,,,,ARES
2011-09-20,17.1,12.5,21.7,0.0,,,,,,,ARES
2011-09-21,17.4,14.6,20.2,0.0,,,,,,,ARES
2011-09-22,17.9,16.5,19.8,0.0,,,,,,,ARES
2011-09-23,16.6,14.0,20.1,0.0,,,,,,,ARES
2011-09-24,18.2,13.8,22.8,0.0,,,,,,,ARES
2011-09-25,20.9,14.6,26.0,0.0,,,,,,,ARES
2011-09-26,18.4,16.2,23.4,0.0,,,,,,,ARES
2011-09-27,18.7,16.5,21.0,1.7,,,,,,,ARES
2011-09-28,19.6,15.3,25.5,1.4,,,,,,,ARES
2011-09-29,21.0,17.4,26.6,0.0,,,,,,,ARES
2011-09-30,21.7,19.4,27.0,0.0,,,,,,,ARES
2011-10-01,22.7,18.6,29.0,0.0,,,,,,,ARES
2011-10-02,23.5,18.6,31.5,0.0,,,,,,,ARES
2011-10-03,20.4,17.0,26.4,0.0,,,,,,,ARES
2011-10-04,18.8,16.4,22.5,0.0,,,,,,,ARES
2011-10-05,18.7,15.6,23.0,0.0,,,,,,,ARES
2011-10-06,18.8,16.2,21.6,0.0,,,,,,,ARES
2011-10-07,16.9,15.5,18.8,0.0,,,,,,,ARES
2011-10-08,16.4,15.0,19.1,0.0,,,,,,,ARES
2011-10-09,17.8,13.0,22.0,0.0,,,,,,,ARES
2011-10-10,18.9,13.6,26.2,0.0,,,,,,,ARES
2011-10-11,19.0,14.5,24.5,0.0,,,,,,,ARES
2011-10-12,16.4,13.8,20.0,0.0,,,,,,,ARES
2011-10-13,19.1,13.8,25.2,0.0,,,,,,,ARES
2011-10-14,19.1,13.8,25.1,0.0,,,,,,,ARES
2011-10-15,18.1,13.2,24.2,0.0,,,,,,,ARES
2011-10-16,18.4,14.5,24.5,0.0,,,,,,,ARES
2011-10-17,14.8,12.1,17.2,0.0,,,,,,,ARES
2011-10-18,16.4,14.4,19.8,2.6,,,,,,,ARES
2011-10-19,15.8,13.6,16.8,1.1,,,,,,,ARES
2011-10-20,14.7,12.6,18.6,0.0,,,,,,,ARES
2011-10-21,14.2,10.0,20.5,0.0,,,,,,,ARES
2011-10-22,16.3,12.0,20.5,0.0,,,,,,,ARES
2011-10-23,16.6,14.6,18.2,41.7,,,,,,,ARES
2011-10-24,12.6,10.1,15.8,9.7,,,,,,,ARES
2011-10-25,11.3,8.7,15.6,3.4,,,,,,,ARES
2011-10-26,14.0,11.4,16.5,29.6,,,,,,,ARES
2011-10-27,14.4,12.7,15.4,2.7,,,,,,,ARES
2011-10-28,13.8,10.4,16.8,0.0,,,,,,,ARES
2011-10-29,12.6,8.8,18.4,0.0,,,,,,,ARES
2011-10-30,15.4,12.3,20.2,0.0,,,,,,,ARES
2011-10-31,14.3,12.0,18.0,13.0,,,,,,,ARES
2011-11-01,14.4,11.1,18.0,0.2,,,,,,,ARES
2011-11-02,16.2,13.4,19.6,4.4,,,,,,,ARES
2011-11-03,13.5,11.5,14.9,10.5,,,,,,,ARES
2011-11-04,12.3,10.3,15.3,3.9,,,,,,,ARES
2011-11-05,13.3,11.0,15.1,5.6,,,,,,,ARES
2011-11-06,12.4,9.8,15.5,0.4,,,,,,,ARES
2011-11-07,13.8,10.7,17.0,0.0,,,,,,,ARES
2011-11-08,13.3,10.0,15.6,1.2,,,,,,,ARES
2011-11-09,14.8,12.8,17.2,12.1,,,,,,,ARES
2011-11-10,15.0,11.6,18.2,17.6,,,,,,,ARES
2011-11-11,14.7,12.6,17.6,1.6,,,,,,,ARES
2011-11-12,16.8,10.3,22.8,0.0,,,,,,,ARES
2011-11-13,18.4,15.5,22.0,0.9,,,,,,,ARES
2011-11-14,16.1,13.1,18.6,0.0,,,,,,,ARES
2011-11-15,12.9,10.4,14.4,8.2,,,,,,,ARES
2011-11-16,13.4,10.8,15.8,1.8,,,,,,,ARES
2011-11-17,12.8,8.0,17.7,0.0,,,,,,,ARES
2011-11-18,12.6,9.8,15.2,0.9,,,,,,,ARES
2011-11-19,13.3,10.8,16.8,0.3,,,,,,,ARES
2011-11-20,13.4,10.3,16.6,0.2,,,,,,,ARES
2011-11-21,12.9,9.9,15.0,20.7,,,,,,,ARES
2011-11-22,11.7,8.3,14.3,15.5,,,,,,,ARES
2011-11-23,14.2,12.5,16.6,0.0,,,,,,,ARES
2011-11-24,14.7,10.8,19.7,0.0,,,,,,,ARES
2011-11-25,12.8,9.6,16.8,0.0,,,,,,,ARES
2011-11-26,11.6,7.8,15.6,0.0,,,,,,,ARES
2011-11-27,12.2,9.6,15.5,0.0,,,,,,,ARES
2011-11-28,11.1,6.5,15.2,0.0,,,,,,,ARES
2011-11-29,12.6,10.4,16.0,9.0,,,,,,,ARES
2011-11-30,12.8,10.0,15.6,0.0,,,,,,,ARES
2011-12-01,14.2,8.8,16.8,22.1,,,,,,,ARES
2011-12-02,11.8,8.5,13.6,4.5,,,,,,,ARES
2011-12-03,11.9,10.3,13.9,4.9,,,,,,,ARES
2011-12-04,12.8,11.2,14.4,5.9,,,,,,,ARES
2011-12-05,13.4,12.0,15.2,13.8,,,,,,,ARES
2011-12-06,13.2,11.5,14.5,1.1,,,,,,,ARES
2011-12-07,13.6,12.0,15.2,2.0,,,,,,,ARES
2011-12-08,13.6,12.2,14.3,0.9,,,,,,,ARES
2011-12-09,13.3,12.1,15.0,7.4,,,,,,,ARES
2011-12-10,12.9,9.8,15.0,0.0,,,,,,,ARES
2011-12-11,11.2,8.2,13.6,3.2,,,,,,,ARES
2011-12-12,12.6,10.6,14.2,0.0,,,,,,,ARES
2011-12-13,14.1,11.9,15.8,20.6,,,,,,,ARES
2011-12-14,11.3,9.0,13.4,8.0,,,,,,,ARES
2011-12-15,12.9,9.6,15.2,2.2,,,,,,,ARES
2011-12-16,13.2,10.2,16.4,8.2,,,,,,,ARES
2011-12-17,11.2,8.8,12.8,8.9,,,,,,,ARES
2011-12-18,9.0,7.0,12.0,0.0,,,,,,,ARES
2011-12-19,8.8,5.1,13.0,0.0,,,,,,,ARES
2011-12-20,12.9,10.0,14.0,3.5,,,,,,,ARES
2011-12-21,12.9,12.0,14.0,0.5,,,,,,,ARES
2011-12-22,12.4,9.8,15.7,0.0,,,,,,,ARES
2011-12-23,12.3,9.8,14.6,1.1,,,,,,,ARES
2011-12-24,10.7,8.3,14.5,0.0,,,,,,,ARES
2011-12-25,8.6,5.2,13.5,0.0,,,,,,,ARES
2011-12-26,9.3,5.4,15.2,0.0,,,,,,,ARES
2011-12-27,9.8,4.2,14.0,0.0,,,,,,,ARES
2011-12-28,10.4,7.8,12.6,1.1,,,,,,,ARES
2011-12-29,10.2,7.3,12.6,0.0,,,,,,,ARES
2011-12-30,9.9,7.0,12.5,0.2,,,,,,,ARES
2011-12-31,12.5,10.6,14.4,1.6,,,,,,,ARES
2012-01-01,13.8,12.2,16.0,15.9,,,,,,,ARES
2012-01-02,11.6,9.3,13.8,1.9,,,,,,,ARES
2012-01-03,13.7,10.5,15.2,2.5,,,,,,,ARES
2012-01-04,13.4,12.0,14.8,0.9,,,,,,,ARES
2012-01-05,12.4,11.2,13.6,1.6,,,,,,,ARES
2012-01-06,12.2,11.2,13.2,1.9,,,,,,,ARES
2012-01-07,12.1,10.2,14.9,0.0,,,,,,,ARES
2012-01-08,11.2,7.9,15.0,0.0,,,,,,,ARES
2012-01-09,9.3,5.2,14.9,0.0,,,,,,,ARES
2012-01-10,8.9,5.0,13.2,0.0,,,,,,,ARES
2012-01-11,8.1,4.2,13.6,0.0,,,,,,,ARES
2012-01-12,8.7,4.6,13.4,0.0,,,,,,,ARES
2012-01-13,8.3,4.4,12.6,0.0,,,,,,,ARES
2012-01-14,8.8,4.4,13.8,3.1,,,,,,,ARES
2012-01-15,8.8,5.1,11.8,2.1,,,,,,,ARES
2012-01-16,6.8,2.9,12.2,0.0,,,,,,,ARES
2012-01-17,8.6,5.0,12.5,0.2,,,,,,,ARES
2012-01-18,11.5,9.6,13.0,0.7,,,,,,,ARES
2012-01-19,12.6,11.0,14.6,0.9,,,,,,,ARES
2012-01-20,12.7,10.4,13.4,2.4,,,,,,,ARES
2012-01-21,11.7,10.6,12.9,0.9,,,,,,,ARES
2012-01-22,11.2,9.5,12.7,0.0,,,,,,,ARES
2012-01-23,12.0,11.0,13.6,0.0,,,,,,,ARES
2012-01-24,11.8,9.2,15.5,0.0,,,,,,,ARES
2012-01-25,10.9,6.6,15.6,4.8,,,,,,,ARES
2012-01-26,10.1,6.9,11.9,0.6,,,,,,,ARES
2012-01-27,8.8,5.7,12.2,0.3,,,,,,,ARES
2012-01-28,8.8,5.0,12.2,0.0,,,,,,,ARES
2012-01-29,9.3,5.6,12.8,0.0,,,,,,,ARES
2012-01-30,7.8,3.6,12.0,0.0,,,,,,,ARES
2012-01-31,9.6,5.0,14.0,10.3,,,,,,,ARES
2012-02-01,10.2,7.5,12.4,4.2,,,,,,,ARES
2012-02-02,7.1,5.7,8.5,0.0,,,,,,,ARES
2012-02-03,7.2,5.4,8.8,0.0,,,,,,,ARES
2012-02-04,5.2,1.0,10.0,0.2,,,,,,,ARES
2012-02-05,10.3,5.0,13.6,2.6,,,,,,,ARES
2012-02-06,12.2,10.6,13.0,1.1,,,,,,,ARES
2012-02-07,11.1,8.2,13.0,0.0,,,,,,,ARES
2012-02-08,7.9,6.3,10.6,0.0,,,,,,,ARES
2012-02-09,7.9,5.0,9.0,0.0,,,,,,,ARES
2012-02-10,6.8,2.5,10.6,0.0,,,,,,,ARES
2012-02-11,7.9,4.8,10.6,0.0,,,,,,,ARES
2012-02-12,6.2,3.0,9.4,0.0,,,,,,,ARES
2012-02-13,7.6,3.3,11.4,1.5,,,,,,,ARES
2012-02-14,10.3,8.4,11.6,0.8,,,,,,,ARES
2012-02-15,10.6,8.6,13.2,0.0,,,,,,,ARES
2012-02-16,10.8,9.0,13.0,0.0,,,,,,,ARES
2012-02-17,10.8,7.8,13.8,0.0,,,,,,,ARES
2012-02-18,8.7,3.8,12.5,0.0,,,,,,,ARES
2012-02-19,10.1,8.6,12.6,0.0,,,,,,,ARES
2012-02-20,9.6,4.9,14.0,0.0,,,,,,,ARES
2012-02-21,8.7,3.8,13.8,0.0,,,,,,,ARES
2012-02-22,8.4,3.4,12.4,0.0,,,,,,,ARES
2012-02-23,8.4,4.5,15.8,0.0,,,,,,,ARES
2012-02-24,13.0,7.0,18.2,0.0,,,,,,,ARES
2012-02-25,12.1,9.3,16.2,0.0,,,,,,,ARES
2012-02-26,10.8,8.1,13.6,0.0,,,,,,,ARES
2012-02-27,11.4,6.6,17.5,0.0,,,,,,,ARES
2012-02-28,11.8,6.2,17.4,0.0,,,,,,,ARES
2012-02-29,11.2,7.2,16.4,0.0,,,,,,,ARES
2012-03-01,11.4,6.5,15.5,1.8,,,,,,,ARES
2012-03-02,12.6,7.8,18.6,1.8,,,,,,,ARES
2012-03-03,13.2,10.7,16.0,0.0,,,,,,,ARES
2012-03-04,11.9,8.6,13.7,0.5,,,,,,,ARES
2012-03-05,9.1,5.5,13.0,0.0,,,,,,,ARES
2012-03-06,9.7,5.8,13.6,1.0,,,,,,,ARES
2012-03-07,12.2,9.6,15.0,1.5,,,,,,,ARES
2012-03-08,12.1,9.9,15.8,0.0,,,,,,,ARES
2012-03-09,12.6,7.4,17.8,0.0,,,,,,,ARES
2012-03-10,14.2,8.3,20.1,0.0,,,,,,,ARES
2012-03-11,13.2,9.8,19.2,0.0,,,,,,,ARES
2012-03-12,13.5,8.0,20.5,0.0,,,,,,,ARES
2012-03-13,11.4,7.8,15.2,0.0,,,,,,,ARES
2012-03-14,10.7,8.6,14.5,0.0,,,,,,,ARES
2012-03-15,11.0,9.5,13.0,0.0,,,,,,,ARES
2012-03-16,12.0,10.6,14.4,10.1,,,,,,,ARES
2012-03-17,10.8,8.4,14.2,5.5,,,,,,,ARES
2012-03-18,9.9,7.0,13.2,1.9,,,,,,,ARES
2012-03-19,9.6,4.8,13.4,0.3,,,,,,,ARES
2012-03-20,9.9,6.4,15.2,0.0,,,,,,,ARES
2012-03-21,10.7,6.0,15.8,0.0,,,,,,,ARES
2012-03-22,10.4,6.6,17.1,0.0,,,,,,,ARES
2012-03-23,16.0,9.2,22.2,0.0,,,,,,,ARES
2012-03-24,17.8,14.8,24.8,0.0,,,,,,,ARES
2012-03-25,16.4,12.8,21.6,0.0,,,,,,,ARES
2012-03-26,16.7,12.4,23.4,0.0,,,,,,,ARES
2012-03-27,17.5,11.5,24.5,0.0,,,,,,,ARES
2012-03-28,17.1,11.5,24.6,0.0,,,,,,,ARES
2012-03-29,15.1,12.2,21.2,0.0,,,,,,,ARES
2012-03-30,16.3,12.2,23.6,0.0,,,,,,,ARES
2012-03-31,14.3,12.0,17.8,0.0,,,,,,,ARES
2012-04-01,13.8,10.5,17.6,0.0,,,,,,,ARES
2012-04-02,11.8,10.5,13.1,0.0,,,,,,,ARES
2012-04-03,11.5,10.2,13.6,0.8,,,12.7,,,,ARES
2012-04-04,10.1,8.2,12.1,1.2,,,,,,,ARES
2012-04-05,9.4,6.0,12.4,0.1,,,,,,,ARES
2012-04-06,9.6,7.1,11.6,8.7,,,,,,,ARES
2012-04-07,10.8,9.3,13.4,0.0,,,,,,,ARES
2012-04-08,11.2,8.0,15.0,0.0,,,,,,,ARES
2012-04-09,11.6,7.1,15.0,13.9,,,,,,,ARES
2012-04-10,11.7,10.2,15.0,2.4,,,,,,,ARES
2012-04-11,12.3,10.0,15.0,7.6,,,,,,,ARES
2012-04-12,11.4,9.9,14.2,9.4,,,,,,,ARES
2012-04-13,10.9,9.0,14.0,10.4,,,,,,,ARES
2012-04-14,11.4,8.8,13.3,7.4,,,,,,,ARES
2012-04-15,10.3,8.6,12.8,1.5,,,,,,,ARES
2012-04-16,10.4,7.7,13.7,0.2,,,,,,,ARES
2012-04-17,11.7,9.4,14.4,15.1,,,,,,,ARES
2012-04-18,10.7,9.6,12.0,25.6,,,,,,,ARES
2012-04-19,12.0,10.0,15.0,8.3,,,,,,,ARES
2012-04-20,13.2,10.7,16.1,1.7,,,,,,,ARES
2012-04-21,12.8,11.0,15.4,2.9,,,,,,,ARES
2012-04-22,12.2,9.6,15.0,0.5,,,,,,,ARES
2012-04-23,12.0,10.2,15.4,1.0,,,,,,,ARES
2012-04-24,11.4,9.5,15.2,12.9,,,,,,,ARES
2012-04-25,12.3,9.5,14.6,5.1,,,,,,,ARES
2012-04-26,10.1,7.8,14.0,3.5,,,,,,,ARES
2012-04-27,11.4,8.8,15.0,0.6,,,,,,,ARES
2012-04-28,11.1,6.5,15.6,0.0,,,,,,,ARES
2012-04-29,11.5,7.4,15.4,0.8,,,,,,,ARES
2012-04-30,10.8,8.6,14.2,13.2,,,,,,,ARES
2012-05-01,12.9,9.6,16.6,0.0,,,,,,,ARES
2012-05-02,14.2,12.2,17.4,1.1,,,,,,,ARES
2012-05-03,13.6,10.8,17.6,30.0,,,,,,,ARES
2012-05-04,12.1,9.6,16.1,37.1,,,,,,,ARES
2012-05-05,13.2,10.0,17.0,0.6,,,,,,,ARES
2012-05-06,14.4,11.4,17.6,0.3,,,,,,,ARES
2012-05-07,14.8,12.4,19.2,8.9,,,,,,,ARES
2012-05-08,17.8,15.8,19.8,0.3,,,,,,,ARES
2012-05-09,19.9,16.8,24.9,0.0,,,,,,,ARES
2012-05-10,19.5,16.6,27.5,0.0,,,,,,,ARES
2012-05-11,17.2,14.6,20.4,0.0,,,,,,,ARES
2012-05-12,16.3,13.8,20.0,0.0,,,,,,,ARES
2012-05-13,16.2,13.8,22.0,0.0,,,,,,,ARES
2012-05-14,14.0,11.4,15.8,0.0,,,,,,,ARES
2012-05-15,12.8,10.4,16.5,0.0,,,,,,,ARES
2012-05-16,17.8,10.6,25.9,0.0,,,,,,,ARES
2012-05-17,17.1,13.0,22.4,0.0,,,,,,,ARES
2012-05-18,14.1,12.2,17.3,0.0,,,,,,,ARES
2012-05-19,12.7,11.0,16.6,1.3,,,,,,,ARES
2012-05-20,12.5,9.0,15.5,0.0,,,,,,,ARES
2012-05-21,14.6,11.5,19.0,0.7,,,,,,,ARES
2012-05-22,16.2,14.2,19.0,0.0,,,,,,,ARES
2012-05-23,16.1,12.2,21.4,0.0,,,,,,,ARES
2012-05-24,17.7,14.0,23.4,0.0,,,,,,,ARES
2012-05-25,16.3,13.9,22.0,0.0,,,,,,,ARES
2012-05-26,16.1,13.4,21.0,1.1,,198.0,15.9,,,,ARES
2012-05-27,16.2,14.5,18.7,0.0,,,,,,,ARES
2012-05-28,17.1,14.4,20.5,0.0,,,,,,,ARES
2012-05-29,17.4,12.6,22.2,0.0,,,,,,,ARES
2012-05-30,16.8,14.8,19.2,0.0,,,,,,,ARES
2012-05-31,19.9,13.2,27.2,0.3,,,,,,,ARES
2012-06-01,22.7,16.2,33.0,0.0,,,,,,,ARES
2012-06-02,17.4,15.4,20.8,0.0,,,,,,,ARES
2012-06-03,17.4,14.6,21.6,0.0,,,,,,,ARES
2012-06-04,18.0,14.0,22.5,0.0,,,,,,,ARES
2012-06-05,19.2,17.0,22.2,3.0,,,,,,,ARES
2012-06-06,18.9,16.0,22.4,5.5,,,,,,,ARES
2012-06-07,17.3,14.4,20.8,1.6,,,,,,,ARES
2012-06-08,16.1,13.8,19.9,1.2,,,,,,,ARES
2012-06-09,16.7,13.7,21.2,0.9,,,,,,,ARES
2012-06-10,17.5,13.8,19.7,4.3,,,,,,,ARES
2012-06-11,16.2,14.2,19.4,3.4,,,,,,,ARES
2012-06-12,15.7,14.1,18.0,0.3,,,,,,,ARES
2012-06-13,15.5,12.5,18.5,0.0,,,,,,,ARES
2012-06-14,17.7,15.0,22.0,0.2,,,,,,,ARES
2012-06-15,18.1,15.4,22.6,21.8,,,,,,,ARES
2012-06-16,17.0,15.0,20.0,0.0,,,,,,,ARES
2012-06-17,14.2,13.0,16.0,17.3,,,,,,,ARES
2012-06-18,14.6,11.4,17.6,0.0,,,,,,,ARES
2012-06-19,15.8,14.4,17.6,0.0,,,,,,,ARES
2012-06-20,16.9,13.6,20.4,15.8,,,,,,,ARES
2012-06-21,16.4,13.6,20.2,0.0,,,,,,,ARES
2012-06-22,16.0,12.5,19.4,0.0,,,9.4,,,,ARES
2012-06-23,16.2,12.2,19.6,0.0,,,,,,,ARES
2012-06-24,17.6,13.8,22.5,0.0,,,,,,,ARES
2012-06-25,16.8,15.7,19.6,0.0,,,,,,,ARES
2012-06-26,21.3,16.0,29.2,0.0,,,,,,,ARES
2012-06-27,21.5,16.8,27.2,0.0,,,,,,,ARES
2012-06-28,19.0,16.9,22.5,0.0,,,,,,,ARES
2012-06-29,19.4,15.6,23.5,4.8,,,,,,,ARES
2012-06-30,16.8,15.1,20.2,0.9,,,,,,,ARES
2012-07-01,16.8,14.2,20.0,0.0,,,,,,,ARES
2012-07-02,17.9,15.0,21.8,0.0,,,,,,,ARES
2012-07-03,18.8,16.4,22.8,1.1,,,,,,,ARES
2012-07-04,18.2,15.9,21.7,4.3,,,,,,,ARES
2012-07-05,16.3,14.5,20.0,7.8,,,,,,,ARES
2012-07-06,17.7,14.8,21.2,7.9,,,,,,,ARES
2012-07-07,17.3,15.4,20.5,2.3,,,,,,,ARES
2012-07-08,17.2,15.3,20.8,0.7,,,,,,,ARES
2012-07-09,17.2,16.1,20.8,0.0,,,,,,,ARES
2012-07-10,16.8,15.4,19.2,0.0,,,,,,,ARES
2012-07-11,16.7,15.4,19.6,0.0,,,,,,,ARES
2012-07-12,17.3,13.4,21.1,0.0,,,,,,,ARES
2012-07-13,18.4,16.2,20.6,1.6,,,,,,,ARES
2012-07-14,17.7,15.8,21.0,6.0,,,,,,,ARES
2012-07-15,17.2,15.4,20.0,0.0,,,,,,,ARES
2012-07-16,18.6,13.4,23.2,0.0,,,,,,,ARES
2012-07-17,20.7,15.6,27.4,0.0,,,,,,,ARES
2012-07-18,18.6,17.0,20.8,0.0,,,,,,,ARES
2012-07-19,18.2,16.3,20.5,0.0,,,,,,,ARES
2012-07-20,18.1,15.6,21.4,0.0,,,,,,,ARES
2012-07-21,19.2,15.4,22.6,0.0,,,,,,,ARES
2012-07-22,19.2,15.8,23.6,0.0,,,,,,,ARES
2012-07-23,20.4,15.8,25.2,0.0,,,,,,,ARES
2012-07-24,20.2,16.9,25.3,0.0,,,,,,,ARES
2012-07-25,20.9,17.6,25.4,0.0,,,,,,,ARES
2012-07-26,20.1,17.5,23.2,0.0,,,,,,,ARES
2012-07-27,19.2,17.2,22.1,0.0,,,,,,,ARES
2012-07-28,17.9,16.0,20.6,0.0,,,,,,,ARES
2012-07-29,17.8,14.8,21.2,0.0,,,,,,,ARES
2012-07-30,18.6,15.6,22.6,0.0,,,,,,,ARES
2012-07-31,19.1,15.6,23.5,0.0,,,,,,,ARES
2012-08-01,19.7,17.2,24.5,0.0,,,,,,,ARES
2012-08-02,19.1,16.0,23.0,0.0,,,,,,,ARES
2012-08-03,19.1,15.5,23.5,0.0,,,,,,,ARES
2012-08-04,18.1,16.4,20.4,3.5,,,,,,,ARES
2012-08-05,17.7,15.2,21.8,0.2,,,,,,,ARES
2012-08-06,18.2,16.2,22.4,0.0,,,,,,,ARES
2012-08-07,18.1,13.6,23.2,0.0,,,,,,,ARES
2012-08-08,21.5,16.6,27.3,0.0,,,,,,,ARES
2012-08-09,19.7,16.6,23.5,0.0,,,6.8,,,,ARES
2012-08-10,19.9,15.4,24.4,0.0,,,,,,,ARES
2012-08-11,22.2,18.5,26.8,0.0,,,,,,,ARES
2012-08-12,21.2,18.4,24.6,0.2,,,,,,,ARES
2012-08-13,20.6,19.0,23.4,8.7,,,,,,,ARES
2012-08-14,20.6,17.6,23.3,8.8,,,,,,,ARES
2012-08-15,19.4,16.0,23.8,0.0,,,,,,,ARES
2012-08-16,20.9,16.5,25.6,0.0,,,,,,,ARES
2012-08-17,23.1,18.6,30.2,0.0,,,,,,,ARES
2012-08-18,21.4,19.2,28.0,0.0,,,,,,,ARES
2012-08-19,22.0,19.8,27.2,0.0,,,,,,,ARES
2012-08-20,20.1,18.4,22.4,0.0,,,,,,,ARES
2012-08-21,20.4,18.6,23.6,0.0,,,,,,,ARES
2012-08-22,19.4,18.6,23.6,0.0,,,,,,,ARES
2012-08-23,18.9,17.7,21.4,0.5,,,,,,,ARES
2012-08-24,19.3,17.5,21.8,2.4,,,,,,,ARES
2012-08-25,18.9,16.9,22.7,0.0,,,,,,,ARES
2012-08-26,17.8,13.7,22.6,0.0,,,,,,,ARES
2012-08-27,19.1,15.4,24.6,6.4,,,,,,,ARES
2012-08-28,18.9,15.7,23.2,0.0,,,,,,,ARES
2012-08-29,18.8,15.5,23.5,1.6,,,,,,,ARES
2012-08-30,18.4,16.2,20.4,0.0,,,,,,,ARES
2012-08-31,18.4,15.6,23.0,0.0,,,,,,,ARES
2012-09-01,19.4,15.0,25.4,0.0,,,,,,,ARES
2012-09-02,19.7,15.8,25.5,0.0,,,,,,,ARES
2012-09-03,20.1,17.6,25.2,0.0,,,,,,,ARES
2012-09-04,19.4,16.9,25.0,0.0,,,,,,,ARES
2012-09-05,20.1,16.3,25.4,0.0,,,,,,,ARES
2012-09-06,22.3,16.7,27.7,0.0,,,,,,,ARES
2012-09-07,22.8,17.0,30.2,0.0,,,,,,,ARES
2012-09-08,20.6,18.1,26.9,0.0,,,,,,,ARES
2012-09-09,19.9,17.6,23.4,0.0,,,,,,,ARES
2012-09-10,20.8,16.4,26.0,0.7,,,,,,,ARES
2012-09-11,19.4,17.0,22.0,0.0,,,,,,,ARES
2012-09-12,17.9,16.4,21.4,0.0,,,,,,,ARES
2012-09-13,17.8,16.1,21.8,0.0,,,,,,,ARES
2012-09-14,17.8,14.1,23.8,0.0,,,,,,,ARES
2012-09-15,20.0,14.6,26.0,0.0,,,,,,,ARES
2012-09-16,19.2,16.6,26.0,0.0,,,,,,,ARES
2012-09-17,17.2,15.1,20.0,0.0,,,,,,,ARES
2012-09-18,18.4,16.6,21.6,0.0,,,,,,,ARES
2012-09-19,18.8,16.4,23.0,0.0,,,,,,,ARES
2012-09-20,20.2,15.0,26.4,0.0,,,,,,,ARES
2012-09-21,19.3,16.0,22.0,0.0,,,,,,,ARES
2012-09-22,20.8,14.4,27.0,2.1,,,,,,,ARES
2012-09-23,19.6,15.8,22.0,7.9,,,,,,,ARES
2012-09-24,17.3,13.9,21.2,10.7,,,,,,,ARES
2012-09-25,15.1,12.8,17.2,4.6,,,,,,,ARES
2012-09-26,15.0,12.4,20.0,6.0,,,,,,,ARES
2012-09-27,14.8,11.0,19.4,0.0,,,,,,,ARES
2012-09-28,15.9,14.0,20.0,0.0,,,,,,,ARES
2012-09-29,16.4,14.6,19.8,0.0,,,,,,,ARES
2012-09-30,15.6,13.0,18.0,0.0,,,,,,,ARES
2012-10-01,15.3,10.4,21.5,2.0,,,,,,,ARES
2012-10-02,17.3,14.5,19.8,0.3,,,,,,,ARES
2012-10-03,17.5,15.0,22.6,0.0,,,,,,,ARES
2012-10-04,17.4,13.8,22.6,0.0,,,,,,,ARES
2012-10-05,16.2,11.8,20.5,0.2,,,,,,,ARES
2012-10-06,19.3,16.2,21.6,0.0,,,,,,,ARES
2012-10-07,22.2,19.6,25.4,0.0,,,,,,,ARES
2012-10-08,21.9,19.2,25.4,0.3,,,,,,,ARES
2012-10-09,20.0,18.2,22.2,0.8,,,,,,,ARES
2012-10-10,19.4,18.4,20.8,15.8,,,,,,,ARES
2012-10-11,16.9,14.5,18.6,2.2,,,,,,,ARES
2012-10-12,15.2,13.5,17.9,0.1,,,,,,,ARES
2012-10-13,14.6,11.0,19.0,7.0,,,,,,,ARES
2012-10-14,15.5,13.8,17.0,0.8,,,,,,,ARES
2012-10-15,15.7,12.8,18.8,25.4,,,,,,,ARES
2012-10-16,16.1,13.7,19.1,8.5,,,,,,,ARES
2012-10-17,14.0,12.3,17.0,9.9,,,,,,,ARES
2012-10-18,13.0,11.2,14.5,1.4,,,,,,,ARES
2012-10-19,13.1,9.4,17.0,0.5,,,,,,,ARES
2012-10-20,13.7,9.6,19.6,0.0,,,,,,,ARES
2012-10-21,15.2,10.0,21.8,0.0,,,,,,,ARES
2012-10-22,18.6,15.0,22.5,0.6,,,,,,,ARES
2012-10-23,20.1,17.0,25.0,0.0,,,,,,,ARES
2012-10-24,18.2,15.0,20.6,5.3,,,,,,,ARES
2012-10-25,17.7,14.0,22.5,0.0,,,,,,,ARES
2012-10-26,16.1,14.0,18.4,2.0,,,,,,,ARES
2012-10-27,13.8,9.8,15.8,0.0,,,,,,,ARES
2012-10-28,11.1,7.5,15.2,0.0,,,,,,,ARES
2012-10-29,11.7,7.5,17.5,0.8,,,,,,,ARES
2012-10-30,13.2,10.0,17.5,0.0,,,,,,,ARES
2012-10-31,12.1,8.4,15.8,11.3,,,,,,,ARES
2012-11-01,13.4,12.2,15.0,3.4,,,,,,,ARES
2012-11-02,15.3,11.8,18.6,16.9,,,,,,,ARES
2012-11-03,13.7,11.3,15.4,1.8,,,,,,,ARES
2012-11-04,12.6,10.3,15.9,9.6,,,,,,,ARES
2012-11-05,12.1,9.0,15.6,12.2,,,,,,,ARES
2012-11-06,10.9,6.8,15.0,0.0,,,,,,,ARES
2012-11-07,11.4,7.6,15.6,2.2,,,,,,,ARES
2012-11-08,12.0,9.6,14.6,5.6,,,,,,,ARES
2012-11-09,14.8,12.2,18.4,14.3,,,,,,,ARES
2012-11-10,12.3,8.7,15.0,10.9,,,,,,,ARES
2012-11-11,11.3,8.7,13.2,2.8,,,,,,,ARES
2012-11-12,10.1,7.0,16.0,0.0,,,,,,,ARES
2012-11-13,10.3,6.4,15.0,0.0,,,,,,,ARES
2012-11-14,12.6,8.2,17.6,0.0,,,,,,,ARES
2012-11-15,17.3,13.2,22.6,0.5,,,,,,,ARES
2012-11-16,15.1,12.0,19.0,10.9,,,,,,,ARES
2012-11-17,13.3,12.2,14.0,17.6,,,,,,,ARES
2012-11-18,12.0,9.6,15.5,0.0,,,,,,,ARES
2012-11-19,12.8,9.0,16.2,0.0,,,,,,,ARES
2012-11-20,14.8,11.0,16.5,22.8,,,,,,,ARES
2012-11-21,12.4,8.9,15.7,0.0,,,,,,,ARES
2012-11-22,10.9,7.6,13.3,0.0,,,,,,,ARES
2012-11-23,13.6,12.0,15.5,0.9,,,,,,,ARES
2012-11-24,14.8,11.2,16.8,1.1,,,,,,,ARES
2012-11-25,11.0,8.4,14.8,6.5,,,,,,,ARES
2012-11-26,11.0,9.0,13.4,10.8,,,,,,,ARES
2012-11-27,9.1,7.0,11.5,13.6,,,,,,,ARES
2012-11-28,10.6,8.0,13.0,7.5,,,,,,,ARES
2012-11-29,9.3,8.0,11.4,15.3,,,,,,,ARES
2012-11-30,10.1,8.3,10.6,7.0,,,,,,,ARES
2012-12-01,9.5,7.4,12.0,2.7,,,,,,,ARES
2012-12-02,8.6,4.5,12.4,0.0,,,,,,,ARES
2012-12-03,11.8,10.4,14.4,20.3,,,,,,,ARES
2012-12-04,11.2,9.3,13.2,2.3,,,,,,,ARES
2012-12-05,10.7,8.8,13.5,1.2,,,,,,,ARES
2012-12-06,11.6,9.8,14.2,5.6,,,,,,,ARES
2012-12-07,11.8,10.4,12.8,1.5,,,,,,,ARES
2012-12-08,10.3,7.8,13.6,0.0,,,,,,,ARES
2012-12-09,8.8,5.4,14.2,0.0,,,,,,,ARES
2012-12-10,8.5,5.5,12.9,0.0,,,,,,,ARES
2012-12-11,8.7,5.8,12.0,0.0,,,,,,,ARES
2012-12-12,9.9,7.2,14.0,5.6,,,,,,,ARES
2012-12-13,13.4,10.2,16.2,16.2,,,,,,,ARES
2012-12-14,14.3,10.8,17.0,9.3,,,,,,,ARES
2012-12-15,12.7,10.4,14.0,10.0,,,,,,,ARES
2012-12-16,13.3,12.4,16.0,4.0,,,,,,,ARES
2012-12-17,13.4,11.9,16.0,1.2,,,,,,,ARES
2012-12-18,14.7,13.2,17.5,8.5,,,,,,,ARES
2012-12-19,14.9,11.1,15.6,9.6,,,,,,,ARES
2012-12-20,12.8,11.4,15.4,0.7,,,,,,,ARES
2012-12-21,15.3,12.8,17.0,0.0,,,,,,,ARES
2012-12-22,15.9,15.0,17.7,0.0,,,,,,,ARES
2012-12-23,15.7,14.2,17.8,0.0,,,,,,,ARES
2012-12-24,13.8,10.3,16.3,10.5,,,,,,,ARES
2012-12-25,11.8,10.0,13.9,0.8,,,,,,,ARES
2012-12-26,11.8,9.8,14.0,0.0,,,,,,,ARES
2012-12-27,14.1,13.0,15.6,0.0,,,,,,,ARES
2012-12-28,13.4,12.5,15.3,8.1,,,,,,,ARES
2012-12-29,12.1,10.6,13.8,4.6,,,,,,,ARES
2012-12-30,12.1,10.2,15.3,0.0,,,,,,,ARES
2012-12-31,12.6,11.2,13.6,16.4,,,,,,,ARES
2013-01-01,12.1,10.8,14.5,0.9,,,,,,,ARES
2013-01-02,11.0,8.4,14.2,0.0,,,,,,,ARES
2013-01-03,11.1,6.6,17.5,0.0,,,,,,,ARES
2013-01-04,11.9,8.6,16.6,0.0,,,4.9,,,,ARES
2013-01-05,10.4,7.2,16.0,0.0,,,,,,,ARES
2013-01-06,9.2,6.0,13.8,0.0,,,,,,,ARES
2013-01-07,10.3,5.0,15.8,0.0,,,,,,,ARES
2013-01-08,12.7,10.0,15.4,9.7,,,,,,,ARES
2013-01-09,12.8,11.3,15.0,6.9,,,,,,,ARES
2013-01-10,12.0,8.2,13.6,0.0,,,,,,,ARES
2013-01-11,10.1,5.6,15.0,6.3,,,,,,,ARES
2013-01-12,9.5,7.2,11.8,7.9,,,,,,,ARES
2013-01-13,9.8,7.2,12.2,3.8,,,,,,,ARES
2013-01-14,10.7,9.2,12.0,2.7,,,,,,,ARES
2013-01-15,10.1,8.6,11.3,12.6,,,,,,,ARES
2013-01-16,12.0,10.2,13.6,5.1,,,,,,,ARES
2013-01-17,12.4,11.0,15.0,16.6,,,,,,,ARES
2013-01-18,12.2,10.2,14.2,51.1,,,,,,,ARES
2013-01-19,10.2,8.0,12.0,20.4,,,,,,,ARES
2013-01-20,9.9,8.0,12.3,8.9,,,,,,,ARES
2013-01-21,9.0,6.5,11.7,11.3,,,,,,,ARES
2013-01-22,7.6,5.6,9.4,3.9,,,,,,,ARES
2013-01-23,10.6,6.7,12.4,1.6,,,,,,,ARES
2013-01-24,11.1,9.2,13.4,1.7,,,,,,,ARES
2013-01-25,11.7,8.6,14.5,1.8,,,,,,,ARES
2013-01-26,12.6,9.6,15.5,1.4,,,,,,,ARES
2013-01-27,11.9,9.5,14.8,21.1,,,,,,,ARES
2013-01-28,11.7,9.1,15.4,0.0,,,,,,,ARES
2013-01-29,14.5,11.5,16.6,0.6,,,,,,,ARES
2013-01-30,14.2,12.2,16.6,7.8,,,,,,,ARES
2013-01-31,15.3,12.3,17.6,0.5,,,,,,,ARES
2013-02-01,13.8,8.9,16.6,22.1,,,,,,,ARES
2013-02-02,10.4,8.5,13.9,2.1,,,,,,,ARES
2013-02-03,9.9,6.4,13.4,0.2,,,,,,,ARES
2013-02-04,11.5,10.4,13.0,1.7,,,,,,,ARES
2013-02-05,11.3,9.8,13.5,3.1,,,,,,,ARES
2013-02-06,10.2,8.4,12.4,5.9,,,,,,,ARES
2013-02-07,9.8,7.3,12.4,1.1,,,,,,,ARES
2013-02-08,11.0,9.6,12.7,0.3,,,,,,,ARES
2013-02-09,11.1,9.5,14.0,3.1,,,,,,,ARES
2013-02-10,9.9,5.8,12.4,8.8,,,,,,,ARES
2013-02-11,7.9,5.6,10.0,4.6,,,,,,,ARES
2013-02-12,10.1,6.5,12.4,7.3,,,,,,,ARES
2013-02-13,12.6,10.7,14.5,0.0,,,,,,,ARES
2013-02-14,12.7,11.6,14.9,1.2,,,,,,,ARES
2013-02-15,12.4,11.0,14.6,0.0,,,,,,,ARES
2013-02-16,12.4,10.0,15.7,0.0,,,,,,,ARES
2013-02-17,11.8,10.4,13.5,5.1,,,,,,,ARES
2013-02-18,12.5,9.4,17.0,0.0,,,,,,,ARES
2013-02-19,12.4,10.3,17.0,0.0,,,,,,,ARES
2013-02-20,12.0,7.9,17.2,1.8,,,,,,,ARES
2013-02-21,13.0,10.3,17.0,1.0,,,,,,,ARES
2013-02-22,10.3,6.5,12.6,8.2,,,,,,,ARES
2013-02-23,7.3,6.5,8.2,1.9,,,,,,,ARES
2013-02-24,7.5,5.2,10.4,6.8,,,,,,,ARES
2013-02-25,6.8,4.2,10.1,0.2,,,,,,,ARES
2013-02-26,7.3,5.9,11.0,3.4,,,,,,,ARES
2013-02-27,7.8,5.0,10.2,0.0,,,,,,,ARES
2013-02-28,9.1,6.4,12.6,0.0,,,,,,,ARES
2013-03-01,8.8,5.0,12.6,0.0,,,,,,,ARES
2013-03-02,9.4,5.0,14.4,0.0,,,,,,,ARES
2013-03-03,11.8,8.1,17.8,0.0,,,,,,,ARES
2013-03-04,14.7,12.1,17.0,0.0,,,,,,,ARES
2013-03-05,15.3,12.6,19.6,0.7,,,,,,,ARES
2013-03-06,14.4,12.4,17.4,11.3,,,,,,,ARES
2013-03-07,13.2,10.8,14.9,29.3,,,,,,,ARES
2013-03-08,13.6,11.3,17.0,0.8,,,,,,,ARES
2013-03-09,12.2,9.8,15.6,6.8,,,,,,,ARES
2013-03-10,12.4,10.6,15.8,0.4,,,,,,,ARES
2013-03-11,10.6,8.5,13.4,23.4,,,,,,,ARES
2013-03-12,8.0,4.6,10.4,8.3,,,,,,,ARES
2013-03-13,6.4,3.5,10.0,2.9,,,,,,,ARES
2013-03-14,8.2,5.3,12.0,2.7,,,,,,,ARES
2013-03-15,9.1,4.7,13.1,0.0,,,,,,,ARES
2013-03-16,8.7,7.8,10.1,31.8,,,,,,,ARES
2013-03-17,9.9,7.8,12.8,1.4,,,,,,,ARES
2013-03-18,9.0,6.6,12.0,8.6,,,,,,,ARES
2013-03-19,9.3,7.8,11.8,1.4,,,,,,,ARES
2013-03-20,10.3,7.6,14.6,0.5,,,,,,,ARES
2013-03-21,14.2,11.8,18.5,2.4,,,,,,,ARES
2013-03-22,12.9,9.8,16.3,2.5,,,,,,,ARES
2013-03-23,10.9,9.0,15.2,8.1,,,,,,,ARES
2013-03-24,11.6,9.4,15.2,4.5,,,,,,,ARES
2013-03-25,12.4,9.6,15.3,10.7,,,,,,,ARES
2013-03-26,12.3,11.4,13.5,9.2,,,,,,,ARES
2013-03-27,12.1,11.3,13.2,21.2,,,,,,,ARES
2013-03-28,13.2,11.7,16.4,6.7,,,,,,,ARES
2013-03-29,14.4,12.3,18.5,10.5,,,,,,,ARES
2013-03-30,13.9,11.1,16.6,0.0,,,,,,,ARES
2013-03-31,14.5,12.2,18.0,9.5,,,,,,,ARES
2013-04-01,12.4,10.7,15.8,4.8,,,,,,,ARES
2013-04-02,11.9,9.6,15.5,0.9,,,,,,,ARES
2013-04-03,11.8,10.4,14.0,13.9,,,,,,,ARES
2013-04-04,9.5,8.2,10.5,1.6,,,,,,,ARES
2013-04-05,9.0,6.6,11.0,0.0,,,,,,,ARES
2013-04-06,10.2,8.4,12.6,2.4,,,,,,,ARES
2013-04-07,10.0,8.8,12.6,15.1,,,,,,,ARES
2013-04-08,11.1,8.8,14.8,9.1,,,,,,,ARES
2013-04-09,12.4,9.6,15.5,0.4,,,,,,,ARES
2013-04-10,13.9,12.2,19.5,23.2,,,,,,,ARES
2013-04-11,13.6,11.1,16.6,3.0,,,,,,,ARES
2013-04-12,13.9,11.0,18.2,0.0,,,,,,,ARES
2013-04-13,15.9,13.0,20.2,0.0,,,,,,,ARES
2013-04-14,15.0,11.8,21.2,3.4,,,,,,,ARES
2013-04-15,14.5,10.2,20.2,0.0,,,,,,,ARES
2013-04-16,14.4,11.0,20.2,0.0,,,,,,,ARES
2013-04-17,15.0,11.2,21.6,0.7,,,,,,,ARES
2013-04-18,12.9,10.4,15.6,0.0,,,,,,,ARES
2013-04-19,12.5,9.2,17.0,0.0,,,,,,,ARES
2013-04-20,12.9,8.2,18.8,0.0,,,,,,,ARES
2013-04-21,11.4,8.2,15.6,0.0,,,,,,,ARES
2013-04-22,12.5,9.9,16.0,0.0,,,,,,,ARES
2013-04-23,14.6,10.6,18.5,0.0,,,,,,,ARES
2013-04-24,16.1,13.2,20.0,0.0,,,,,,,ARES
2013-04-25,13.9,12.4,16.8,0.0,,,,,,,ARES
2013-04-26,11.7,9.8,12.9,1.5,,,,,,,ARES
2013-04-27,9.4,6.4,11.8,8.8,,,,,,,ARES
2013-04-28,9.9,6.0,13.0,0.0,,,,,,,ARES
2013-04-29,11.0,6.9,15.2,0.0,,,,,,,ARES
2013-04-30,11.7,10.0,12.6,3.6,,,,,,,ARES
2013-05-01,11.1,9.6,13.0,0.0,,,,,,,ARES
2013-05-02,11.6,8.0,14.0,0.0,,,,,,,ARES
2013-05-03,12.6,9.0,16.4,0.0,,,,,,,ARES
2013-05-04,14.6,8.4,20.4,0.0,,,,,,,ARES
2013-05-05,14.8,11.0,20.2,0.0,,,,,,,ARES
2013-05-06,14.0,11.5,16.8,8.1,,,,,,,ARES
2013-05-07,16.8,15.3,20.0,0.2,,,,,,,ARES
2013-05-08,14.8,12.8,18.5,0.0,,,,,,,ARES
2013-05-09,12.8,11.5,15.5,0.0,,,,,,,ARES
2013-05-10,12.4,8.0,16.0,0.0,,,,,,,ARES
2013-05-11,12.6,8.7,16.2,0.0,,,,,,,ARES
2013-05-12,12.6,9.2,15.5,0.0,,,,,,,ARES
2013-05-13,13.1,10.8,15.5,0.0,,,,,,,ARES
2013-05-14,12.9,10.2,16.9,9.5,,,,,,,ARES
2013-05-15,12.2,10.0,15.1,5.8,,,,,,,ARES
2013-05-16,11.0,9.2,13.4,21.3,,,,,,,ARES
2013-05-17,10.2,7.5,14.4,12.9,,,,,,,ARES
2013-05-18,12.4,9.5,14.6,2.0,,,,,,,ARES
2013-05-19,12.6,9.6,16.6,0.1,,,,,,,ARES
2013-05-20,12.0,7.8,15.6,0.0,,,,,,,ARES
2013-05-21,13.3,10.0,16.6,0.0,,,,,,,ARES
2013-05-22,13.6,12.5,15.5,0.0,,,15.7,,,,ARES
2013-05-23,13.1,11.3,15.2,0.0,,,,,,,ARES
2013-05-24,12.5,9.8,15.0,0.0,,,,,,,ARES
2013-05-25,13.0,10.6,16.2,0.0,,,,,,,ARES
2013-05-26,13.0,11.0,17.1,0.0,,,,,,,ARES
2013-05-27,13.3,9.2,18.2,2.9,,,,,,,ARES
2013-05-28,12.7,10.1,16.0,2.8,,,,,,,ARES
2013-05-29,12.3,10.4,14.2,7.8,,,,,,,ARES
2013-05-30,13.6,11.6,16.6,0.0,,,,,,,ARES
2013-05-31,13.8,12.2,16.4,0.0,,,,,,,ARES
2013-06-01,13.7,12.2,15.0,0.0,,,,,,,ARES
2013-06-02,14.3,12.0,18.5,0.0,,,,,,,ARES
2013-06-03,16.2,12.4,23.2,0.0,,,,,,,ARES
2013-06-04,17.8,11.9,23.6,0.0,,,,,,,ARES
2013-06-05,16.1,13.2,21.0,0.0,,,,,,,ARES
2013-06-06,15.5,13.0,20.0,0.0,,,,,,,ARES
2013-06-07,14.6,13.6,17.5,0.7,,,,,,,ARES
2013-06-08,14.0,13.4,16.4,2.8,,,,,,,ARES
2013-06-09,14.6,13.0,18.0,0.0,,,,,,,ARES
2013-06-10,16.2,15.0,18.8,0.4,,,,,,,ARES
2013-06-11,18.7,15.5,23.6,0.0,,,,,,,ARES
2013-06-12,19.3,16.6,24.0,7.1,,,,,,,ARES
2013-06-13,15.7,13.0,17.8,0.0,,,,,,,ARES
2013-06-14,15.5,11.6,20.0,0.0,,,,,,,ARES
2013-06-15,15.6,13.8,18.4,0.0,,,,,,,ARES
2013-06-16,15.6,12.2,20.0,9.6,,,,,,,ARES
2013-06-17,14.4,12.0,17.6,7.2,,,,,,,ARES
2013-06-18,14.4,12.3,17.8,9.8,,,,,,,ARES
2013-06-19,14.2,12.6,15.4,0.2,,,,,,,ARES
2013-06-20,14.7,12.5,17.8,13.7,,,,,,,ARES
2013-06-21,15.4,13.9,18.5,0.0,,,,,,,ARES
2013-06-22,15.3,13.2,18.5,0.0,,,,,,,ARES
2013-06-23,15.2,13.6,18.6,0.0,,,,,,,ARES
2013-06-24,15.6,12.7,20.0,0.0,,,,,,,ARES
2013-06-25,16.1,13.4,19.9,0.0,,,,,,,ARES
2013-06-26,16.8,14.4,21.8,0.0,,,,,,,ARES
2013-06-27,17.7,14.8,23.0,0.0,,,,,,,ARES
2013-06-28,16.1,14.1,19.4,0.0,,,,,,,ARES
2013-06-29,16.1,13.2,18.8,0.0,,,,,,,ARES
2013-06-30,17.6,15.0,21.0,0.0,,,,,,,ARES
2013-07-01,15.9,14.3,17.9,0.0,,,,,,,ARES
2013-07-02,16.6,14.2,21.6,0.3,,,,,,,ARES
2013-07-03,17.4,16.0,22.0,0.0,,,,,,,ARES
2013-07-04,19.2,16.6,23.2,0.0,,,,,,,ARES
2013-07-05,22.0,16.0,27.8,0.0,,,,,,,ARES
2013-07-06,22.9,17.6,31.2,0.0,,,,,,,ARES
2013-07-07,25.2,19.5,30.6,0.0,,,,,,,ARES
2013-07-08,24.5,18.5,30.8,0.0,,,,,,,ARES
2013-07-09,21.1,17.7,25.0,0.0,,,,,,,ARES
2013-07-10,18.2,16.4,20.8,0.0,,,,,,,ARES
2013-07-11,18.9,15.8,25.4,0.0,,,,,,,ARES
2013-07-12,21.3,17.6,25.8,0.0,,,,,,,ARES
2013-07-13,18.2,16.3,22.4,0.0,,,,,,,ARES
2013-07-14,19.6,16.5,22.7,0.0,,,,,,,ARES
2013-07-15,22.0,17.0,29.2,0.0,,,,,,,ARES
2013-07-16,20.5,18.3,24.4,0.0,,,,,,,ARES
2013-07-17,18.9,16.8,22.2,0.0,,,,,,,ARES
2013-07-18,20.8,16.0,25.6,0.0,,,,,,,ARES
2013-07-19,19.4,16.6,22.4,0.2,,,,,,,ARES
2013-07-20,17.4,16.4,19.6,0.2,,,,,,,ARES
2013-07-21,17.6,16.2,22.0,0.0,,,,,,,ARES
2013-07-22,18.3,16.2,21.4,0.0,,,5.4,,,,ARES
2013-07-23,18.4,14.6,22.6,0.0,,,,,,,ARES
2013-07-24,21.4,17.6,24.6,0.6,,,,,,,ARES
2013-07-25,19.6,17.3,22.2,0.5,,,,,,,ARES
2013-07-26,18.6,16.0,22.8,0.0,,,,,,,ARES
2013-07-27,19.3,16.4,24.0,1.4,,,,,,,ARES
2013-07-28,19.7,17.2,24.3,0.7,,,,,,,ARES
2013-07-29,20.7,17.6,24.8,0.0,,,,,,,ARES
2013-07-30,19.9,16.8,25.4,0.0,,,,,,,ARES
2013-07-31,18.1,16.0,21.7,0.0,,,,,,,ARES
2013-08-01,21.8,16.6,28.6,4.2,,,,,,,ARES
2013-08-02,20.3,16.9,24.0,0.0,,,,,,,ARES
2013-08-03,18.9,15.8,23.2,0.0,,,,,,,ARES
2013-08-04,19.4,14.5,23.5,0.0,,,,,,,ARES
2013-08-05,20.1,18.1,24.4,0.7,,,,,,,ARES
2013-08-06,18.1,16.4,20.6,2.8,,,,,,,ARES
2013-08-07,18.3,15.6,22.6,0.3,,,,,,,ARES
2013-08-08,18.8,16.8,21.6,0.0,,,,,,,ARES
2013-08-09,18.9,15.6,23.9,0.0,,,,,,,ARES
2013-08-10,20.8,19.2,25.0,0.0,,,,,,,ARES
2013-08-11,20.7,17.6,24.0,0.0,,,,,,,ARES
2013-08-12,19.5,18.3,22.4,0.0,,,,,,,ARES
2013-08-13,19.7,17.8,23.9,0.0,,,,,,,ARES
2013-08-14,20.6,17.4,25.0,0.0,,,,,,,ARES
2013-08-15,19.2,16.6,24.7,0.0,,,,,,,ARES
2013-08-16,19.6,16.3,23.4,0.0,,,,,,,ARES
2013-08-17,19.6,16.4,23.6,0.0,,,,,,,ARES
2013-08-18,19.8,16.7,25.2,0.0,,,,,,,ARES
2013-08-19,19.1,16.5,21.8,0.0,,,,,,,ARES
2013-08-20,22.0,16.0,29.3,0.0,,,,,,,ARES
2013-08-21,20.6,17.7,28.8,0.0,,,,,,,ARES
2013-08-22,19.7,17.4,23.0,0.0,,,,,,,ARES
2013-08-23,19.4,17.0,24.0,0.6,,,,,,,ARES
2013-08-24,17.9,16.0,20.7,0.0,,,,,,,ARES
2013-08-25,17.6,15.2,21.6,0.0,,,,,,,ARES
2013-08-26,18.7,16.5,21.5,0.0,,,,,,,ARES
2013-08-27,18.7,16.4,22.3,0.0,,,,,,,ARES
2013-08-28,19.3,17.0,24.4,0.0,,,,,,,ARES
2013-08-29,19.4,16.6,24.6,0.0,,,,,,,ARES
2013-08-30,18.9,16.0,23.0,0.0,,,,,,,ARES
2013-08-31,19.7,16.0,25.0,0.0,,,,,,,ARES
2013-09-01,21.9,17.6,27.6,0.0,,,,,,,ARES
2013-09-02,22.7,17.0,29.2,0.0,,,,,,,ARES
2013-09-03,21.9,17.0,27.5,0.0,,,,,,,ARES
2013-09-04,19.8,15.4,25.5,2.8,,,,,,,ARES
2013-09-05,17.9,16.6,19.5,0.7,,,,,,,ARES
2013-09-06,16.7,14.8,19.1,0.0,,,,,,,ARES
2013-09-07,16.5,14.4,19.0,0.0,,,,,,,ARES
2013-09-08,16.2,11.0,20.1,0.0,,,,,,,ARES
2013-09-09,17.0,12.6,21.7,0.0,,,,,,,ARES
2013-09-10,18.0,16.2,21.4,0.0,,,,,,,ARES
2013-09-11,18.2,15.8,22.4,0.0,,,,,,,ARES
2013-09-12,17.9,14.0,22.5,0.0,,,,,,,ARES
2013-09-13,18.8,14.8,25.4,0.0,,,,,,,ARES
2013-09-14,17.8,15.5,21.6,0.2,,,,,,,ARES
2013-09-15,17.0,15.0,20.6,0.0,,,,,,,ARES
2013-09-16,16.6,15.0,19.0,0.6,,,,,,,ARES
2013-09-17,17.3,14.2,20.6,0.6,,,,,,,ARES
2013-09-18,18.4,16.5,22.0,0.5,,,,,,,ARES
2013-09-19,19.5,16.4,23.4,0.0,,,,,,,ARES
2013-09-20,18.9,17.6,21.5,0.0,,,,,,,ARES
2013-09-21,21.0,16.5,26.6,0.0,,,,,,,ARES
2013-09-22,23.4,18.0,31.4,0.0,,,,,,,ARES
2013-09-23,21.4,19.1,27.8,0.0,,,,,,,ARES
2013-09-24,19.6,17.8,22.2,4.3,,,,,,,ARES
2013-09-25,19.4,16.3,22.6,0.4,,,,,,,ARES
2013-09-26,19.6,15.5,24.0,0.2,,,,,,,ARES
2013-09-27,20.0,16.6,23.4,16.4,,,,,,,ARES
2013-09-28,18.6,16.2,22.2,2.6,,,,,,,ARES
2013-09-29,19.2,17.2,23.9,2.1,,,,,,,ARES
2013-09-30,21.0,18.0,25.3,4.0,,,,,,,ARES
2013-10-01,20.9,19.0,23.6,0.0,,,,,,,ARES
2013-10-02,20.1,17.4,23.0,24.7,,,,,,,ARES
2013-10-03,19.1,16.8,21.4,1.0,,,,,,,ARES
2013-10-04,17.3,15.7,21.5,18.2,,,,,,,ARES
2013-10-05,17.1,14.3,20.6,0.0,,,,,,,ARES
2013-10-06,16.4,12.2,21.0,0.0,,,,,,,ARES
2013-10-07,17.2,13.0,22.5,0.0,,,,,,,ARES
2013-10-08,17.3,13.2,23.0,0.0,,,,,,,ARES
2013-10-09,17.7,13.0,22.9,0.0,,,,,,,ARES
2013-10-10,16.8,13.6,21.0,0.0,,,,,,,ARES
2013-10-11,15.7,13.1,19.3,0.0,,,,,,,ARES
2013-10-12,14.6,10.4,18.0,0.0,,,,,,,ARES
2013-10-13,16.7,13.6,21.0,3.5,,,,,,,ARES
2013-10-14,17.9,15.0,21.4,23.2,,,,,,,ARES
2013-10-15,19.5,16.5,22.6,15.7,,,,,,,ARES
2013-10-16,19.0,15.0,21.4,1.5,,,,,,,ARES
2013-10-17,17.3,12.2,23.4,0.0,,,,,,,ARES
2013-10-18,18.8,16.8,20.0,12.3,,,,,,,ARES
2013-10-19,17.7,15.7,20.5,4.5,,,,,,,ARES
2013-10-20,18.3,16.5,22.0,1.1,,,,,,,ARES
2013-10-21,17.3,14.6,20.2,61.9,,,,,,,ARES
2013-10-22,18.2,16.6,21.0,6.9,,,,,,,ARES
2013-10-23,18.3,16.2,21.5,1.8,,,,,,,ARES
2013-10-24,17.8,16.0,19.5,19.5,,,,,,,ARES
2013-10-25,16.7,15.0,21.0,0.3,,,,,,,ARES
2013-10-26,16.9,13.7,20.5,0.0,,,,,,,ARES
2013-10-27,18.4,17.0,21.2,18.9,,,,,,,ARES
2013-10-28,16.2,12.9,18.6,6.2,,,,,,,ARES
2013-10-29,13.8,10.8,17.2,0.0,,,,,,,ARES
2013-10-30,13.0,8.6,17.6,0.0,,,,,,,ARES
2013-10-31,15.3,12.4,20.0,0.7,,,,,,,ARES
2013-11-01,17.8,15.4,20.0,18.8,,,,,,,ARES
2013-11-02,16.5,13.2,19.0,5.5,,,,,,,ARES
2013-11-03,14.1,12.0,16.4,20.5,,,,,,,ARES
2013-11-04,16.1,14.6,17.3,6.2,,,,,,,ARES
2013-11-05,17.0,16.0,18.3,2.5,,,,,,,ARES
2013-11-06,17.1,15.6,20.0,1.1,,,,,,,ARES
2013-11-07,16.7,14.1,19.8,34.7,,,,,,,ARES
2013-11-08,13.0,11.6,15.6,4.9,,,,,,,ARES
2013-11-09,14.4,10.8,17.6,1.8,,,,,,,ARES
2013-11-10,15.2,14.2,17.0,0.5,,,,,,,ARES
2013-11-11,15.6,14.1,17.8,0.0,,,,,,,ARES
2013-11-12,15.6,14.4,18.0,0.4,,,,,,,ARES
2013-11-13,14.3,13.0,15.6,0.0,,,,,,,ARES
2013-11-14,13.9,12.4,16.4,0.0,,,,,,,ARES
2013-11-15,13.2,12.1,14.6,2.5,,,,,,,ARES
2013-11-16,12.0,9.7,14.2,0.0,,,,,,,ARES
2013-11-17,12.6,11.8,13.5,3.1,,,,,,,ARES
2013-11-18,11.9,9.2,14.2,7.5,,,,,,,ARES
2013-11-19,12.0,9.0,13.6,2.4,,,,,,,ARES
2013-11-20,9.9,6.4,13.2,0.5,,,,,,,ARES
2013-11-21,11.5,9.6,13.4,7.6,,,,,,,ARES
2013-11-22,10.1,7.0,13.2,0.0,,,,,,,ARES
2013-11-23,9.3,4.9,13.8,0.0,,,,,,,ARES
2013-11-24,11.2,9.7,13.4,0.0,,,,,,,ARES
2013-11-25,11.7,10.0,13.2,0.0,,,,,,,ARES
2013-11-26,10.9,9.6,12.8,0.0,,,,,,,ARES
2013-11-27,10.5,9.2,12.4,0.0,,,,,,,ARES
2013-11-28,9.8,6.5,13.1,0.0,,,,,,,ARES
2013-11-29,9.2,5.1,13.6,0.0,,,,,,,ARES
2013-11-30,11.0,9.5,13.5,0.0,,,,,,,ARES
2013-12-01,10.6,9.0,14.0,0.0,,,,,,,ARES
2013-12-02,10.1,7.0,14.5,0.0,,,,,,,ARES
2013-12-03,8.9,5.1,13.6,0.0,,,,,,,ARES
2013-12-04,8.3,4.7,13.8,0.0,,,,,,,ARES
2013-12-05,9.7,6.3,14.6,0.0,,,,,,,ARES
2013-12-06,9.7,6.5,14.5,0.0,,,,,,,ARES
2013-12-07,8.6,4.2,14.2,0.0,,,,,,,ARES
2013-12-08,8.1,3.8,13.5,0.0,,,,,,,ARES
2013-12-09,7.7,3.5,14.2,0.0,,,,,,,ARES
2013-12-10,10.9,7.2,16.4,0.0,,,,,,,ARES
2013-12-11,15.1,10.0,17.4,0.0,,,,,,,ARES
2013-12-12,15.6,14.0,17.8,0.1,,,,,,,ARES
2013-12-13,13.6,9.0,16.8,6.8,,,,,,,ARES
2013-12-14,11.3,7.0,16.8,0.0,,,,,,,ARES
2013-12-15,13.1,10.0,17.6,0.0,,,,,,,ARES
2013-12-16,14.1,11.2,15.6,6.7,,,,,,,ARES
2013-12-17,10.7,9.2,12.9,0.9,,,,,,,ARES
2013-12-18,11.9,9.2,15.3,14.3,,,,,,,ARES
2013-12-19,10.9,8.4,13.0,4.8,,,,,,,ARES
2013-12-20,9.8,6.0,13.4,0.0,,,,,,,ARES
2013-12-21,11.2,8.8,14.5,2.6,,,19.3,,,,ARES
2013-12-22,12.7,10.8,15.5,0.0,,,,,,,ARES
2013-12-23,13.8,11.4,16.3,33.9,,,,,,,ARES
2013-12-24,12.4,8.5,14.6,21.5,,,,,,,ARES
2013-12-25,8.7,6.9,11.2,9.0,,,,,,,ARES
2013-12-26,11.6,6.8,15.5,2.8,,,,,,,ARES
2013-12-27,14.2,9.2,17.4,16.9,,,,,,,ARES
2013-12-28,9.7,8.1,11.6,4.5,,,,,,,ARES
2013-12-29,9.8,7.4,11.8,0.0,,,,,,,ARES
2013-12-30,12.1,10.4,14.6,0.0,,,,,,,ARES
2013-12-31,12.2,10.0,14.2,8.7,,,,,,,ARES
2014-01-01,13.1,10.6,15.2,6.9,,215.0,24.7,,,,ARES
2014-01-02,14.2,12.4,16.3,1.3,,,,,,,ARES
2014-01-03,13.5,9.9,15.5,8.2,,,,,,,ARES
2014-01-04,10.3,7.5,12.0,3.1,,,,,,,ARES
2014-01-05,13.8,9.0,17.0,14.9,,,,,,,ARES
2014-01-06,14.0,12.5,15.5,2.5,,,,,,,ARES
2014-01-07,12.9,11.2,15.8,0.6,,,,,,,ARES
2014-01-08,14.1,11.4,16.0,20.3,,,,,,,ARES
2014-01-09,10.5,8.7,11.4,0.7,,,,,,,ARES
2014-01-10,10.8,9.2,12.8,0.0,,,,,,,ARES
2014-01-11,9.8,5.9,14.2,0.0,,,,,,,ARES
2014-01-12,11.6,9.0,13.8,7.6,,,,,,,ARES
2014-01-13,9.9,7.8,11.2,14.3,,,,,,,ARES
2014-01-14,12.5,9.8,14.2,2.2,,,,,,,ARES
2014-01-15,12.7,9.6,15.1,9.7,,,,,,,ARES
2014-01-16,9.4,8.4,11.3,8.9,,,,,,,ARES
2014-01-17,9.8,8.0,11.4,4.5,,,,,,,ARES
2014-01-18,8.9,6.4,11.0,22.0,,,,,,,ARES
2014-01-19,8.9,6.0,11.4,5.6,,,,,,,ARES
2014-01-20,9.9,8.0,12.8,0.4,,,,,,,ARES
2014-01-21,11.1,9.4,13.4,7.7,,,,,,,ARES
2014-01-22,10.8,9.9,13.5,1.4,,,,,,,ARES
2014-01-23,11.7,10.0,14.5,0.1,,,,,,,ARES
2014-01-24,11.6,10.6,13.4,6.0,,,,,,,ARES
2014-01-25,12.6,12.2,13.2,5.4,,,,,,,ARES
2014-01-26,12.7,11.0,15.2,3.8,,,,,,,ARES
2014-01-27,9.2,8.2,11.2,7.5,,,,,,,ARES
2014-01-28,9.9,7.0,12.8,10.3,,,,,,,ARES
2014-01-29,9.5,6.6,12.0,5.2,,,,,,,ARES
2014-01-30,10.4,8.0,12.2,5.6,,,,,,,ARES
2014-01-31,12.2,9.8,14.4,17.9,,,,,,,ARES
2014-02-01,8.8,6.6,11.4,5.6,,,,,,,ARES
2014-02-02,8.9,6.8,12.0,5.7,,,,,,,ARES
2014-02-03,9.3,6.3,11.1,2.3,,,,,,,ARES
2014-02-04,9.1,6.2,13.0,26.2,,,,,,,ARES
2014-02-05,10.8,7.4,13.6,1.2,,,,,,,ARES
2014-02-06,13.0,8.8,15.8,21.0,,,,,,,ARES
2014-02-07,10.8,8.4,13.2,17.5,,,,,,,ARES
2014-02-08,10.4,7.3,13.0,4.4,,,,,,,ARES
2014-02-09,8.3,6.6,12.0,15.8,,,,,,,ARES
2014-02-10,8.8,6.6,12.0,3.0,,,,,,,ARES
2014-02-11,10.8,8.1,13.2,1.5,,,,,,,ARES
2014-02-12,11.7,7.0,15.8,4.8,,,,,,,ARES
2014-02-13,13.2,10.5,16.0,2.9,,,,,,,ARES
2014-02-14,13.1,8.4,17.5,14.1,,,,,,,ARES
2014-02-15,8.2,6.7,11.9,7.3,,,,,,,ARES
2014-02-16,8.7,5.9,13.0,1.6,,,,,,,ARES
2014-02-17,9.8,8.3,13.2,0.7,,,,,,,ARES
2014-02-18,10.3,6.5,13.8,0.5,,,,,,,ARES
2014-02-19,12.1,9.6,15.0,1.8,,,,,,,ARES
2014-02-20,12.0,8.0,14.3,10.7,,,,,,,ARES
2014-02-21,8.9,6.5,12.8,4.4,,,,,,,ARES
2014-02-22,11.7,9.4,15.0,0.0,,,,,,,ARES
2014-02-23,13.2,11.6,16.6,0.5,,,,,,,ARES
2014-02-24,11.7,9.8,14.6,1.5,,,,,,,ARES
2014-02-25,10.4,7.0,14.4,10.7,,,,,,,ARES
2014-02-26,10.6,7.0,13.9,4.6,,,,,,,ARES
2014-02-27,12.6,10.6,15.8,0.4,,,,,,,ARES
2014-02-28,11.2,9.6,12.5,3.3,,,,,,,ARES
2014-03-01,12.0,10.2,13.2,21.7,,,,,,,ARES
2014-03-02,11.9,7.9,13.3,11.3,,,,,,,ARES
2014-03-03,10.5,8.4,13.2,2.5,,,,,,,ARES
2014-03-04,11.0,8.9,13.5,2.9,,,,,,,ARES
2014-03-05,11.4,10.4,13.1,0.0,,,,,,,ARES
2014-03-06,11.5,9.2,14.5,0.0,,,,,,,ARES
2014-03-07,12.3,9.7,15.6,0.0,,,,,,,ARES
2014-03-08,14.6,10.6,23.8,0.0,,,7.6,,,,ARES
2014-03-09,17.9,12.2,25.0,0.0,,,,,,,ARES
2014-03-10,15.4,12.0,19.4,0.0,,,,,,,ARES
2014-03-11,12.0,9.8,14.7,0.0,,,,,,,ARES
2014-03-12,13.1,8.2,18.7,0.0,,,,,,,ARES
2014-03-13,12.2,8.8,17.6,0.0,,,,,,,ARES
2014-03-14,11.0,8.6,13.5,0.0,,,,,,,ARES
2014-03-15,11.5,9.0,16.8,0.0,,,,,,,ARES
2014-03-16,12.2,7.2,18.0,0.0,,,,,,,ARES
2014-03-17,13.1,10.5,17.1,0.0,,,,,,,ARES
2014-03-18,11.8,11.3,13.4,0.0,,,,,,,ARES
2014-03-19,13.7,10.4,19.0,0.0,,,,,,,ARES
2014-03-20,13.2,10.6,16.7,1.7,,,,,,,ARES
2014-03-21,12.0,9.4,16.4,3.3,,,,,,,ARES
2014-03-22,9.8,7.5,13.0,5.2,,,,,,,ARES
2014-03-23,9.9,7.6,13.3,0.1,,,,,,,ARES
2014-03-24,11.9,10.0,15.4,4.0,,,,,,,ARES
2014-03-25,10.8,8.0,13.4,7.0,,,,,,,ARES
2014-03-26,10.6,8.6,12.8,0.5,,,,,,,ARES
2014-03-27,9.4,6.4,12.5,0.0,,,,,,,ARES
2014-03-28,9.6,6.0,12.6,3.9,,,,,,,ARES
2014-03-29,10.7,9.2,13.5,0.0,,,,,,,ARES
2014-03-30,10.8,8.7,15.6,7.4,,,,,,,ARES
2014-03-31,12.3,8.7,16.4,0.7,,,,,,,ARES
2014-04-01,13.3,10.6,14.6,1.8,,,,,,,ARES
2014-04-02,12.3,10.7,18.2,0.2,,,,,,,ARES
2014-04-03,12.3,10.4,15.7,2.1,,,,,,,ARES
2014-04-04,13.8,10.2,18.0,0.0,,,,,,,ARES
2014-04-05,17.0,15.4,20.3,0.0,,,,,,,ARES
2014-04-06,16.2,14.6,18.6,0.0,,,,,,,ARES
2014-04-07,14.4,11.3,18.2,1.9,,,,,,,ARES
2014-04-08,12.1,8.7,15.6,0.0,,,,,,,ARES
2014-04-09,15.3,10.4,22.0,0.6,,,,,,,ARES
2014-04-10,16.2,13.2,22.0,0.4,,,,,,,ARES
2014-04-11,13.9,12.2,17.8,0.0,,,,,,,ARES
2014-04-12,13.2,11.6,16.8,0.0,,,,,,,ARES
2014-04-13,15.5,11.4,20.8,0.0,,,,,,,ARES
2014-04-14,16.3,11.6,22.4,0.0,,,,,,,ARES
2014-04-15,16.9,14.6,20.4,0.0,,,,,,,ARES
2014-04-16,14.7,12.4,19.2,0.0,,,,,,,ARES
2014-04-17,13.2,12.0,15.6,0.0,,,,,,,ARES
2014-04-18,14.9,11.8,20.4,0.6,,,,,,,ARES
2014-04-19,13.6,12.4,16.8,0.0,,,,,,,ARES
2014-04-20,13.3,12.0,17.4,0.9,,,,,,,ARES
2014-04-21,12.2,10.7,14.5,0.0,,,,,,,ARES
2014-04-22,13.9,10.2,19.0,12.4,,,,,,,ARES
2014-04-23,13.9,10.5,17.5,1.3,,,,,,,ARES
2014-04-24,11.8,10.0,16.0,6.2,,,,,,,ARES
2014-04-25,12.3,9.0,15.0,9.3,,,,,,,ARES
2014-04-26,13.8,11.9,16.5,0.0,,,,,,,ARES
2014-04-27,13.4,11.5,15.9,0.7,,,,,,,ARES
2014-04-28,14.4,13.0,18.2,0.8,,,,,,,ARES
2014-04-29,14.7,13.5,20.5,3.4,,,,,,,ARES
2014-04-30,14.8,13.1,18.0,0.8,,,,,,,ARES
2014-05-01,13.9,12.6,17.0,0.0,,,,,,,ARES
2014-05-02,13.8,12.2,16.6,0.0,,,,,,,ARES
2014-05-03,14.7,11.5,18.8,0.0,,,,,,,ARES
2014-05-04,16.4,11.2,21.8,0.0,,,,,,,ARES
2014-05-05,14.9,12.2,17.6,0.0,,,,,,,ARES
2014-05-06,14.9,13.4,18.0,1.3,,,,,,,ARES
2014-05-07,15.0,13.2,18.4,0.0,,,,,,,ARES
2014-05-08,15.3,11.8,18.6,0.0,,,,,,,ARES
2014-05-09,16.2,14.4,19.5,0.0,,,,,,,ARES
2014-05-10,15.9,13.7,19.6,0.4,,,,,,,ARES
2014-05-11,14.2,11.8,18.2,0.0,,,,,,,ARES
2014-05-12,13.7,11.2,17.6,0.0,,,12.2,,,,ARES
2014-05-13,13.0,10.0,16.4,0.0,,,,,,,ARES
2014-05-14,15.9,11.0,21.6,0.0,,,,,,,ARES
2014-05-15,17.8,12.6,23.5,0.0,,,,,,,ARES
2014-05-16,18.2,13.6,24.5,0.0,,,,,,,ARES
2014-05-17,17.2,13.2,23.0,0.0,,,,,,,ARES
2014-05-18,14.8,11.8,19.4,0.0,,,,,,,ARES
2014-05-19,13.3,10.0,16.0,0.6,,,,,,,ARES
2014-05-20,11.6,9.2,16.0,4.3,,,,,,,ARES
2014-05-21,12.6,11.0,16.4,15.2,,,,,,,ARES
2014-05-22,13.8,11.2,17.8,8.6,,,,,,,ARES
2014-05-23,12.7,9.2,16.6,2.4,,,,,,,ARES
2014-05-24,12.4,9.8,16.2,0.5,,,,,,,ARES
2014-05-25,12.3,10.0,17.2,0.0,,,,,,,ARES
2014-05-26,13.7,11.4,17.0,0.0,,,,,,,ARES
2014-05-27,13.8,10.4,18.4,4.1,,,,,,,ARES
2014-05-28,15.0,12.8,18.5,1.4,,,,,,,ARES
2014-05-29,13.7,12.6,15.0,2.1,,,,,,,ARES
2014-05-30,14.6,11.8,17.6,0.0,,,,,,,ARES
2014-05-31,14.7,13.2,17.5,0.0,,,,,,,ARES
2014-06-01,15.1,13.0,18.4,0.0,,,,,,,ARES
2014-06-02,15.4,13.8,18.3,0.0,,,,,,,ARES
2014-06-03,16.2,14.2,19.8,0.8,,,,,,,ARES
2014-06-04,14.4,12.5,17.8,0.0,,,,,,,ARES
2014-06-05,16.3,11.9,21.0,9.2,,,,,,,ARES
2014-06-06,17.4,15.4,20.2,7.0,,,,,,,ARES
2014-06-07,16.4,13.2,20.2,13.7,,,,,,,ARES
2014-06-08,16.8,14.5,20.1,3.5,,,,,,,ARES
2014-06-09,16.2,14.5,20.3,0.6,,,,,,,ARES
2014-06-10,15.7,13.0,19.3,0.0,,,,,,,ARES
2014-06-11,18.3,12.9,23.6,0.0,,,,,,,ARES
2014-06-12,19.3,15.8,26.0,0.0,,,,,,,ARES
2014-06-13,17.7,15.8,21.4,0.0,,,,,,,ARES
2014-06-14,18.7,15.9,24.8,0.0,,,,,,,ARES
2014-06-15,18.9,16.2,24.3,0.0,,,,,,,ARES
2014-06-16,19.1,14.6,25.0,0.0,,,,,,,ARES
2014-06-17,20.0,14.9,26.6,0.0,,,,,,,ARES
2014-06-18,20.2,16.0,27.4,0.0,,,,,,,ARES
2014-06-19,18.7,15.4,23.2,0.0,,,,,,,ARES
2014-06-20,18.1,16.4,22.0,0.4,,,,,,,ARES
2014-06-21,18.6,15.4,23.4,11.0,,,,,,,ARES
2014-06-22,19.0,16.4,22.5,0.9,,,,,,,ARES
2014-06-23,17.7,16.0,21.0,2.7,,,,,,,ARES
2014-06-24,17.4,16.0,19.4,0.0,,,,,,,ARES
2014-06-25,17.2,16.2,19.6,0.0,,,,,,,ARES
2014-06-26,17.9,15.6,21.8,0.0,,,,,,,ARES
2014-06-27,17.0,14.6,20.9,13.2,,,,,,,ARES
2014-06-28,16.9,14.2,20.0,0.9,,,,,,,ARES
2014-06-29,16.8,14.6,21.2,0.0,,,,,,,ARES
2014-06-30,17.4,14.5,21.2,8.4,,,,,,,ARES
2014-07-01,17.1,15.0,20.2,0.7,,,,,,,ARES
2014-07-02,17.4,15.4,20.0,0.0,,,,,,,ARES
2014-07-03,18.3,16.6,21.2,0.0,,,,,,,ARES
2014-07-04,19.1,16.7,24.1,0.0,,,,,,,ARES
2014-07-05,20.3,18.0,24.2,24.8,,,,,,,ARES
2014-07-06,17.6,14.6,21.0,0.0,,,,,,,ARES
2014-07-07,17.8,15.5,21.0,0.3,,,,,,,ARES
2014-07-08,17.8,16.4,23.8,0.0,,,,,,,ARES
2014-07-09,17.6,15.6,19.8,0.0,,,,,,,ARES
2014-07-10,17.6,15.8,21.2,0.0,,,,,,,ARES
2014-07-11,17.4,16.4,19.5,0.0,,,,,,,ARES
2014-07-12,17.6,16.0,20.5,0.0,,,,,,,ARES
2014-07-13,18.3,15.5,22.5,0.0,,,,,,,ARES
2014-07-14,19.0,17.5,22.4,0.0,,,,,,,ARES
2014-07-15,19.3,17.0,22.6,0.0,,,,,,,ARES
2014-07-16,19.9,17.4,22.6,0.0,,,,,,,ARES
2014-07-17,20.6,16.8,24.6,0.0,,,,,,,ARES
2014-07-18,18.6,15.4,23.0,17.5,,,,,,,ARES
2014-07-19,18.4,16.6,21.3,3.9,,,,,,,ARES
2014-07-20,19.2,16.7,22.7,0.0,,,,,,,ARES
2014-07-21,18.3,14.7,21.1,0.0,,,,,,,ARES
2014-07-22,21.3,16.0,26.0,0.0,,,,,,,ARES
2014-07-23,20.7,17.9,23.4,0.0,,,,,,,ARES
2014-07-24,19.2,17.5,22.0,0.0,,,,,,,ARES
2014-07-25,19.2,18.2,21.0,0.0,,,,,,,ARES
2014-07-26,19.3,17.6,21.4,0.0,,,,,,,ARES
2014-07-27,19.8,17.6,24.0,0.0,,,,,,,ARES
2014-07-28,18.8,16.8,22.6,0.2,,,,,,,ARES
2014-07-29,19.0,16.0,21.8,0.0,,,,,,,ARES
2014-07-30,19.6,16.4,24.7,0.0,,,,,,,ARES
2014-07-31,19.1,16.2,22.6,0.0,,,,,,,ARES
2014-08-01,19.3,16.6,23.0,1.3,,,,,,,ARES
2014-08-02,19.8,16.4,23.2,2.9,,,,,,,ARES
2014-08-03,18.2,16.2,21.9,0.0,,,,,,,ARES
2014-08-04,19.1,14.2,24.2,0.0,,,,,,,ARES
2014-08-05,20.5,16.6,25.0,0.0,,,,,,,ARES
2014-08-06,21.8,18.6,26.0,0.3,,,,,,,ARES
2014-08-07,22.3,20.6,25.8,0.1,,,,,,,ARES
2014-08-08,20.9,18.6,24.0,7.3,,,,,,,ARES
2014-08-09,20.8,18.2,25.9,0.2,,,,,,,ARES
2014-08-10,19.3,16.6,23.0,11.5,,,,,,,ARES
2014-08-11,18.6,14.2,23.4,0.0,,,,,,,ARES
2014-08-12,19.0,16.0,25.4,0.0,,,,,,,ARES
2014-08-13,19.1,16.5,22.8,0.0,,,,,,,ARES
2014-08-14,18.7,16.5,23.4,0.0,,,,,,,ARES
2014-08-15,18.0,14.4,21.9,0.0,,,12.0,,,,ARES
2014-08-16,18.2,15.0,22.4,0.0,,,,,,,ARES
2014-08-17,18.3,14.3,23.4,0.0,,,,,,,ARES
2014-08-18,18.1,15.7,21.0,0.0,,,,,,,ARES
2014-08-19,17.7,15.9,21.0,0.0,,,,,,,ARES
2014-08-20,17.4,14.4,21.0,0.0,,,,,,,ARES
2014-08-21,16.9,14.2,20.9,0.0,,,,,,,ARES
2014-08-22,17.4,15.4,20.6,0.0,,,,,,,ARES
2014-08-23,17.4,13.2,21.2,0.0,,,,,,,ARES
2014-08-24,17.6,13.4,22.3,0.0,,,,,,,ARES
2014-08-25,21.9,18.3,26.5,0.0,,,,,,,ARES
2014-08-26,21.1,19.2,23.1,3.2,,,,,,,ARES
2014-08-27,21.9,18.8,26.4,0.7,,,,,,,ARES
2014-08-28,19.9,18.4,23.0,0.0,,,,,,,ARES
2014-08-29,18.7,16.0,22.2,0.0,,,,,,,ARES
2014-08-30,19.2,15.6,23.8,0.0,,,,,,,ARES
2014-08-31,20.3,15.9,28.6,0.0,,,,,,,ARES
2014-09-01,21.4,17.4,26.2,0.0,,,,,,,ARES
2014-09-02,23.1,18.6,30.4,0.0,,,,,,,ARES
2014-09-03,20.3,17.6,23.6,0.0,,,,,,,ARES
2014-09-04,20.2,19.0,22.0,0.0,,,,,,,ARES
2014-09-05,19.6,16.8,23.4,0.0,,,,,,,ARES
2014-09-06,21.9,18.5,27.0,1.8,,,,,,,ARES
2014-09-07,19.4,17.6,21.3,8.4,,,,,,,ARES
2014-09-08,19.5,16.2,23.4,0.0,,,,,,,ARES
2014-09-09,20.9,17.5,26.4,0.0,,,,,,,ARES
2014-09-10,21.6,17.2,27.0,2.2,,,,,,,ARES
2014-09-11,22.6,18.9,27.2,0.0,,,,,,,ARES
2014-09-12,23.0,19.3,26.9,0.1,,,,,,,ARES
2014-09-13,20.9,19.0,23.5,0.0,,,,,,,ARES
2014-09-14,20.3,17.0,25.4,1.8,,,,,,,ARES
2014-09-15,20.9,17.2,26.0,4.3,,,,,,,ARES
2014-09-16,20.7,17.6,26.4,13.2,,,,,,,ARES
2014-09-17,20.4,18.5,23.6,1.9,,,,,,,ARES
2014-09-18,19.5,17.5,22.0,5.1,,,,,,,ARES
2014-09-19,19.9,18.5,23.2,3.6,,,,,,,ARES
2014-09-20,19.7,17.0,22.8,3.0,,,,,,,ARES
2014-09-21,19.8,15.8,24.0,0.0,,,,,,,ARES
2014-09-22,20.4,18.3,24.5,0.6,,,,,,,ARES
2014-09-23,19.1,17.2,22.9,0.0,,,,,,,ARES
2014-09-24,17.9,15.3,21.4,0.0,,,,,,,ARES
2014-09-25,17.5,13.6,22.1,0.0,,,,,,,ARES
2014-09-26,18.7,13.4,24.8,0.0,,,,,,,ARES
2014-09-27,19.6,14.8,27.0,0.0,,,,,,,ARES
2014-09-28,19.6,17.6,22.8,0.7,,,,,,,ARES
2014-09-29,18.0,15.1,23.6,0.0,,,,,,,ARES
2014-09-30,17.6,13.8,21.5,0.0,,,,,,,ARES
2014-10-01,18.2,13.8,22.6,0.0,,,,,,,ARES
2014-10-02,20.0,15.9,25.5,0.0,,,,,,,ARES
2014-10-03,18.7,15.6,23.0,0.0,,,,,,,ARES
2014-10-04,17.5,15.0,19.8,2.3,,,,,,,ARES
2014-10-05,16.6,13.9,20.0,0.7,,,,,,,ARES
2014-10-06,17.3,15.2,19.0,7.1,,,,,,,ARES
2014-10-07,17.9,16.5,21.7,3.2,,,,,,,ARES
2014-10-08,17.3,15.5,18.7,6.6,,,,,,,ARES
2014-10-09,16.2,14.7,19.5,2.5,,,,,,,ARES
2014-10-10,16.2,13.2,20.8,0.8,,,,,,,ARES
2014-10-11,15.5,13.5,17.6,0.2,,,,,,,ARES
2014-10-12,15.9,14.5,19.4,2.1,,,,,,,ARES
2014-10-13,15.1,13.1,17.1,1.3,,,,,,,ARES
2014-10-14,16.0,11.5,21.8,1.8,,,,,,,ARES
2014-10-15,18.8,16.6,21.4,5.8,,,,,,,ARES
2014-10-16,17.7,16.0,18.9,13.4,,,,,,,ARES
2014-10-17,19.9,17.0,23.6,0.0,,,,,,,ARES
2014-10-18,20.6,18.6,23.6,0.0,,,,,,,ARES
2014-10-19,18.7,16.4,22.9,0.0,,,,,,,ARES
2014-10-20,18.3,16.0,25.6,0.0,,,,,,,ARES
2014-10-21,17.3,15.4,18.5,0.0,,,,,,,ARES
2014-10-22,17.0,14.3,21.8,0.0,,,,,,,ARES
2014-10-23,18.3,14.0,26.3,0.0,,,,,,,ARES
2014-10-24,19.7,17.2,24.2,0.0,,,,,,,ARES
2014-10-25,17.6,14.5,22.3,0.0,,,,,,,ARES
2014-10-26,19.6,16.4,28.0,0.0,,,,,,,ARES
2014-10-27,18.9,15.4,26.3,0.2,,,,,,,ARES
2014-10-28,19.8,17.8,26.0,0.0,,,,,,,ARES
2014-10-29,18.7,16.6,25.2,0.0,,,,,,,ARES
2014-10-30,19.8,16.2,26.7,0.0,,,,,,,ARES
2014-10-31,20.2,15.8,23.4,5.7,,,,,,,ARES
2014-11-01,16.0,14.6,18.8,0.0,,,,,,,ARES
2014-11-02,14.9,14.2,17.6,2.0,,,,,,,ARES
2014-11-03,14.2,10.1,15.8,27.6,,,,,,,ARES
2014-11-04,11.8,9.8,15.2,12.1,,,,,,,ARES
2014-11-05,13.4,10.6,15.8,5.9,,,,,,,ARES
2014-11-06,13.8,11.4,18.4,5.2,,,,,,,ARES
2014-11-07,14.7,12.7,16.6,1.2,,,,,,,ARES
2014-11-08,13.1,11.0,15.0,13.7,,,,,,,ARES
2014-11-09,11.3,9.8,14.4,0.6,,,,,,,ARES
2014-11-10,12.7,10.0,16.2,6.2,,,,,,,ARES
2014-11-11,13.2,10.9,16.6,12.5,,,,,,,ARES
2014-11-12,13.4,11.3,18.0,7.1,,,,,,,ARES
2014-11-13,15.1,11.5,18.6,7.9,,,,,,,ARES
2014-11-14,12.2,10.6,14.8,10.3,,,,,,,ARES
2014-11-15,12.3,10.8,15.4,9.0,,,,,,,ARES
2014-11-16,12.5,11.0,15.4,8.9,,,,,,,ARES
2014-11-17,12.5,11.0,14.0,5.4,,,,,,,ARES
2014-11-18,12.2,9.8,15.8,11.3,,,,,,,ARES
2014-11-19,12.2,10.0,15.2,0.0,,,,,,,ARES
2014-11-20,15.5,13.3,19.5,3.3,,,,,,,ARES
2014-11-21,16.0,13.0,20.2,11.6,,,,,,,ARES
2014-11-22,14.8,13.1,16.4,50.8,,,,,,,ARES
2014-11-23,12.3,11.0,13.4,13.2,,,,,,,ARES
2014-11-24,13.3,12.6,14.6,0.0,,,,,,,ARES
2014-11-25,12.9,10.3,14.2,0.0,,,,,,,ARES
2014-11-26,9.3,7.4,13.7,0.0,,,,,,,ARES
2014-11-27,11.1,7.0,15.7,1.3,,,,,,,ARES
2014-11-28,12.0,8.4,15.1,4.7,,,,,,,ARES
2014-11-29,11.3,7.6,15.5,0.0,,,,,,,ARES
2014-11-30,15.3,13.6,16.8,0.0,,,,,,,ARES
2014-12-01,13.9,13.2,14.0,0.0,,,,,,,ARES
2014-12-02,13.1,10.9,13.6,3.7,,,,,,,ARES
2014-12-03,11.6,10.0,12.0,2.0,,,,,,,ARES
2014-12-04,10.1,8.6,11.6,4.8,,,,,,,ARES
2014-12-05,9.7,7.6,12.7,5.2,,,,,,,ARES
2014-12-06,10.4,8.6,12.5,4.1,,,,,,,ARES
2014-12-07,11.7,10.0,14.0,0.9,,,,,,,ARES
2014-12-08,11.6,9.5,13.4,0.7,,,,,,,ARES
2014-12-09,11.9,10.6,13.4,0.2,,,,,,,ARES
2014-12-10,12.1,10.5,13.8,3.1,,,,,,,ARES
2014-12-11,11.9,10.8,13.9,0.3,,,,,,,ARES
2014-12-12,11.9,10.5,14.5,28.0,,,,,,,ARES
2014-12-13,9.9,8.3,11.2,3.7,,,,,,,ARES
2014-12-14,11.2,8.7,13.5,0.0,,,,,,,ARES
2014-12-15,9.7,7.2,13.4,16.6,,,,,,,ARES
2014-12-16,13.1,12.0,13.6,4.5,,,,,,,ARES
2014-12-17,12.5,11.0,13.8,0.6,,,,,,,ARES
2014-12-18,12.2,11.3,13.8,0.0,,,,,,,ARES
2014-12-19,11.9,10.8,14.8,3.6,,,,,,,ARES
2014-12-20,12.3,11.0,14.2,1.9,,,,,,,ARES
2014-12-21,11.6,8.7,15.5,0.0,,,,,,,ARES
2014-12-22,7.8,5.4,12.5,0.0,,,,,,,ARES
2014-12-23,9.4,6.5,12.9,0.0,,,,,,,ARES
2014-12-24,13.0,11.4,15.1,0.0,,,,,,,ARES
2014-12-25,11.8,10.2,14.7,0.0,,,,,,,ARES
2014-12-26,10.9,9.3,13.0,1.0,,,,,,,ARES
2014-12-27,11.9,9.5,15.0,7.8,,,,,,,ARES
2014-12-28,11.2,7.3,13.0,0.0,,,,,,,ARES
2014-12-29,6.4,4.0,11.2,0.0,,,,,,,ARES
2014-12-30,5.7,3.0,13.5,0.0,,,,,,,ARES
2014-12-31,7.5,4.2,13.6,0.0,,,,,,,ARES
2015-01-01,7.3,4.0,14.6,0.0,,,,,,,ARES
2015-01-02,8.4,6.0,16.0,0.1,,,,,,,ARES
2015-01-03,12.2,10.4,14.5,0.2,,,,,,,ARES
2015-01-04,11.9,9.8,14.9,0.0,,,,,,,ARES
2015-01-05,10.3,8.5,14.1,0.0,,,,,,,ARES
2015-01-06,10.9,8.7,14.8,0.0,,,,,,,ARES
2015-01-07,10.5,8.2,15.4,0.0,,,,,,,ARES
2015-01-08,11.5,9.0,15.0,0.0,,,,,,,ARES
2015-01-09,11.3,10.1,13.4,0.0,,,,,,,ARES
2015-01-10,10.7,8.2,12.8,2.0,,,,,,,ARES
2015-01-11,11.3,9.4,14.4,0.0,,,,,,,ARES
2015-01-12,10.8,8.5,15.3,0.6,,,,,,,ARES
2015-01-13,12.1,10.2,13.6,13.9,,,,,,,ARES
2015-01-14,11.4,9.5,14.8,2.6,,,,,,,ARES
2015-01-15,11.3,7.1,13.1,31.0,,,,,,,ARES
2015-01-16,8.7,7.0,12.5,2.2,,,,,,,ARES
2015-01-17,7.8,6.9,9.6,2.4,,,,,,,ARES
2015-01-18,8.8,7.2,9.8,9.9,,,,,,,ARES
2015-01-19,9.3,7.3,11.2,4.7,,,,,,,ARES
2015-01-20,8.0,6.9,9.8,6.4,,,,,,,ARES
2015-01-21,9.3,7.8,11.2,7.4,,,,,,,ARES
2015-01-22,9.9,7.0,10.9,3.8,,,,,,,ARES
2015-01-23,10.1,8.8,13.0,2.4,,,,,,,ARES
2015-01-24,11.2,10.3,12.8,0.1,,,,,,,ARES
2015-01-25,9.9,7.6,13.0,0.0,,,,,,,ARES
2015-01-26,7.8,4.0,12.0,0.0,,,,,,,ARES
2015-01-27,10.3,8.5,12.2,0.0,,,,,,,ARES
2015-01-28,10.4,8.8,12.8,1.0,,,,,,,ARES
2015-01-29,11.7,9.8,13.6,19.9,,,,,,,ARES
2015-01-30,12.3,11.6,13.3,17.7,,,,,,,ARES
2015-01-31,9.8,7.6,11.9,9.2,,,,,,,ARES
2015-02-01,8.4,6.2,11.3,8.9,,,,,,,ARES
2015-02-02,9.9,8.0,12.0,9.3,,,,,,,ARES
2015-02-03,9.1,4.1,10.2,9.2,,,,,,,ARES
2015-02-04,6.0,4.6,8.9,5.1,,,,,,,ARES
2015-02-05,6.1,4.8,10.4,9.6,,,,,,,ARES
2015-02-06,6.1,4.6,8.3,1.2,,,,,,,ARES
2015-02-07,7.3,6.0,8.0,0.0,,,,,,,ARES
2015-02-08,7.9,5.6,11.0,0.0,,,,,,,ARES
2015-02-09,9.6,6.9,13.6,0.0,,,,,,,ARES
2015-02-10,7.9,4.5,15.5,0.0,,,,,,,ARES
2015-02-11,7.9,5.0,14.1,2.5,,,,,,,ARES
2015-02-12,8.9,7.6,12.4,1.6,,,,,,,ARES
2015-02-13,10.4,8.4,12.3,5.0,,,,,,,ARES
2015-02-14,11.2,10.0,15.0,7.7,,,,,,,ARES
2015-02-15,11.2,10.1,13.4,1.8,,,,,,,ARES
2015-02-16,10.7,8.0,12.4,3.9,,,,,,,ARES
2015-02-17,9.6,7.6,12.2,0.0,,,,,,,ARES
2015-02-18,8.6,6.6,13.2,0.0,,,,,,,ARES
2015-02-19,7.9,4.5,13.2,1.1,,,,,,,ARES
2015-02-20,11.2,10.2,13.2,12.5,,,,,,,ARES
2015-02-21,10.7,9.8,12.6,0.3,,,,,,,ARES
2015-02-22,10.8,9.0,15.0,6.5,,,,,,,ARES
2015-02-23,11.8,8.2,12.9,5.5,,,,,,,ARES
2015-02-24,9.8,8.1,12.7,1.1,,,,,,,ARES
2015-02-25,11.7,10.5,14.5,5.2,,,,,,,ARES
2015-02-26,10.7,10.0,13.0,3.8,,,,,,,ARES
2015-02-27,10.4,9.0,12.6,0.5,,,,,,,ARES
2015-02-28,12.7,10.8,15.1,5.2,,,,,,,ARES
2015-03-01,14.6,12.9,15.9,16.8,,,,,,,ARES
2015-03-02,13.1,11.6,14.0,8.3,,,,,,,ARES
2015-03-03,10.5,8.7,11.8,3.5,,,,,,,ARES
2015-03-04,9.5,7.5,12.8,0.0,,,,,,,ARES
2015-03-05,9.5,6.2,16.2,0.0,,,,,,,ARES
2015-03-06,10.3,7.2,16.4,0.0,,,,,,,ARES
2015-03-07,11.2,6.6,18.6,0.0,,,,,,,ARES
2015-03-08,10.7,7.0,14.8,0.0,,,7.7,,,,ARES
2015-03-09,10.0,6.5,13.8,0.0,,,,,,,ARES
2015-03-10,10.6,8.9,13.7,0.0,,,,,,,ARES
2015-03-11,10.8,9.8,14.4,0.0,,,,,,,ARES
2015-03-12,11.8,10.0,16.5,4.3,,,,,,,ARES
2015-03-13,10.6,8.8,12.6,0.0,,,,,,,ARES
2015-03-14,9.1,6.4,11.8,0.0,,,,,,,ARES
2015-03-15,9.2,8.0,11.3,0.0,,,,,,,ARES
2015-03-16,8.6,4.7,14.1,0.0,,,,,,,ARES
2015-03-17,10.1,8.0,14.5,0.0,,,,,,,ARES
2015-03-18,11.2,9.5,16.0,0.0,,,,,,,ARES
2015-03-19,12.5,11.4,15.3,0.0,,,,,,,ARES
2015-03-20,11.8,10.0,13.0,0.0,,,,,,,ARES
2015-03-21,10.4,8.7,14.6,0.0,,,,,,,ARES
2015-03-22,11.5,9.5,13.8,0.8,,,,,,,ARES
2015-03-23,9.1,6.7,11.0,2.1,,,,,,,ARES
2015-03-24,10.3,9.4,11.5,1.4,,,,,,,ARES
2015-03-25,10.2,8.2,12.8,2.3,,,,,,,ARES
2015-03-26,11.3,9.5,12.8,4.0,,,,,,,ARES
2015-03-27,12.8,11.4,16.4,0.0,,,,,,,ARES
2015-03-28,12.1,10.9,17.5,0.2,,,8.0,,,,ARES
2015-03-29,13.3,11.4,16.4,0.0,,,,,,,ARES
2015-03-30,12.7,10.0,16.0,0.7,,,,,,,ARES
2015-03-31,12.7,11.8,16.2,0.0,,,,,,,ARES
2015-04-01,12.4,10.2,15.9,0.0,,,,,,,ARES
2015-04-02,11.7,8.5,19.5,0.0,,,,,,,ARES
2015-04-03,11.9,9.7,15.9,0.0,,,,,,,ARES
2015-04-04,11.7,10.2,17.2,0.0,,,,,,,ARES
2015-04-05,12.8,9.4,20.3,0.0,,,,,,,ARES
2015-04-06,12.8,10.2,19.5,0.0,,,,,,,ARES
2015-04-07,13.4,10.0,21.0,0.0,,,,,,,ARES
2015-04-08,16.3,12.6,23.2,4.5,,,,,,,ARES
2015-04-09,13.3,11.8,15.7,0.9,,,,,,,ARES
2015-04-10,12.8,11.8,16.0,0.0,,,,,,,ARES
2015-04-11,13.9,11.8,17.4,0.0,,,,,,,ARES
2015-04-12,13.9,10.0,22.4,0.0,,,,,,,ARES
2015-04-13,16.6,12.4,22.5,0.0,,,,,,,ARES
2015-04-14,20.8,15.0,26.1,0.0,,,,,,,ARES
2015-04-15,15.9,14.8,20.5,7.7,,,,,,,ARES
2015-04-16,13.9,12.3,14.8,1.2,,,7.7,,,,ARES
2015-04-17,12.3,10.2,14.6,3.9,,,,,,,ARES
2015-04-18,11.9,10.0,15.8,1.0,,,,,,,ARES
2015-04-19,12.3,11.0,16.5,0.0,,,,,,,ARES
2015-04-20,12.3,8.4,16.9,0.0,,,,,,,ARES
2015-04-21,14.9,10.8,22.8,7.1,,,,,,,ARES
2015-04-22,14.4,11.9,16.8,0.0,,,,,,,ARES
2015-04-23,13.7,10.2,19.0,2.0,,,,,,,ARES
2015-04-24,14.1,12.5,19.0,3.8,,,,,,,ARES
2015-04-25,15.0,13.2,18.3,16.4,,,,,,,ARES
2015-04-26,13.8,11.9,17.2,8.8,,,,,,,ARES
2015-04-27,13.0,10.9,15.6,0.8,,,,,,,ARES
2015-04-28,11.9,8.6,15.7,0.0,,,,,,,ARES
2015-04-29,13.8,11.2,16.6,0.7,,,,,,,ARES
2015-04-30,16.2,14.6,19.9,6.7,,,,,,,ARES
2015-05-01,16.8,15.3,19.6,2.5,,,,,,,ARES
2015-05-02,18.0,15.9,18.8,6.3,,,,,,,ARES
2015-05-03,16.5,14.4,20.2,5.3,,,,,,,ARES
2015-05-04,15.6,12.4,21.8,7.7,,,,,,,ARES
2015-05-05,13.0,10.5,16.9,0.0,,,,,,,ARES
2015-05-06,12.5,10.4,16.5,0.6,,,,,,,ARES
2015-05-07,14.7,11.0,21.4,2.6,,,,,,,ARES
2015-05-08,16.3,15.0,20.2,0.0,,,,,,,ARES
2015-05-09,14.9,12.4,18.0,0.0,,,,,,,ARES
2015-05-10,14.1,12.5,17.4,0.0,,,,,,,ARES
2015-05-11,13.9,12.2,17.5,0.0,,,,,,,ARES
2015-05-12,14.9,13.0,25.9,0.0,,,,,,,ARES
2015-05-13,17.8,15.2,24.6,0.9,,,,,,,ARES
2015-05-14,15.5,13.3,17.9,0.0,,,,,,,ARES
2015-05-15,14.3,12.6,17.5,0.0,,,,,,,ARES
2015-05-16,15.3,14.0,17.8,0.0,,,,,,,ARES
2015-05-17,15.9,14.0,19.1,0.0,,,,,,,ARES
2015-05-18,14.4,11.6,17.4,0.3,,,,,,,ARES
2015-05-19,13.3,11.7,15.6,0.0,,,,,,,ARES
2015-05-20,13.3,12.2,15.8,0.0,,,,,,,ARES
2015-05-21,13.3,11.0,17.5,0.0,,,,,,,ARES
2015-05-22,13.4,11.4,17.8,0.0,,,,,,,ARES
2015-05-23,14.3,12.4,16.7,0.0,,,,,,,ARES
2015-05-24,14.9,13.5,17.1,0.0,,,,,,,ARES
2015-05-25,15.1,13.4,17.9,0.0,,,,,,,ARES
2015-05-26,14.6,12.5,17.5,0.0,,,,,,,ARES
2015-05-27,15.7,13.7,20.3,0.0,,,,,,,ARES
2015-05-28,15.8,13.0,19.0,0.0,,,,,,,ARES
2015-05-29,14.4,12.6,18.0,0.0,,,,,,,ARES
2015-05-30,15.9,13.5,21.0,0.0,,,,,,,ARES
2015-05-31,16.3,14.6,18.4,3.3,,,,,,,ARES
2015-06-01,15.3,12.0,18.8,0.0,,,,,,,ARES
2015-06-02,16.5,12.0,21.4,0.0,,,,,,,ARES
2015-06-03,16.9,15.2,19.5,0.0,,,,,,,ARES
2015-06-04,17.8,15.2,22.4,0.0,,,,,,,ARES
2015-06-05,16.4,14.9,20.5,0.0,,,,,,,ARES
2015-06-06,16.8,14.0,21.2,0.0,,,,,,,ARES
2015-06-07,18.9,15.0,24.8,0.0,,,,,,,ARES
2015-06-08,19.3,16.5,24.4,0.0,,,,,,,ARES
2015-06-09,17.6,14.4,25.0,0.0,,,,,,,ARES
2015-06-10,15.1,13.2,18.6,0.0,,,,,,,ARES
2015-06-11,15.0,12.0,18.7,0.0,,,,,,,ARES
2015-06-12,15.5,12.6,20.4,0.0,,,,,,,ARES
2015-06-13,15.3,12.4,19.5,1.4,,,,,,,ARES
2015-06-14,15.8,13.2,19.4,0.0,,,,,,,ARES
2015-06-15,15.8,13.3,18.8,0.0,,,,,,,ARES
2015-06-16,15.4,12.8,17.5,0.0,,,,,,,ARES
2015-06-17,16.7,13.6,20.0,0.0,,,,,,,ARES
2015-06-18,17.4,15.0,20.1,0.0,,,,,,,ARES
2015-06-19,17.7,15.0,20.8,0.0,,,,,,,ARES
2015-06-20,18.1,14.2,21.8,0.0,,,,,,,ARES
2015-06-21,21.0,15.4,25.6,0.0,,,,,,,ARES
2015-06-22,18.5,16.6,22.2,0.0,,,,,,,ARES
2015-06-23,17.6,15.6,20.6,0.0,,,,,,,ARES
2015-06-24,18.1,15.7,21.2,0.0,,,,,,,ARES
2015-06-25,17.4,14.9,20.3,0.0,,,,,,,ARES
2015-06-26,18.4,15.4,22.3,0.0,,,,,,,ARES
2015-06-27,18.0,16.3,20.8,0.0,,,,,,,ARES
2015-06-28,18.1,16.5,21.1,0.0,,,,,,,ARES
2015-06-29,20.0,16.0,27.8,0.0,,,,,,,ARES
2015-06-30,19.7,16.0,22.4,0.0,,,,,,,ARES
2015-07-01,19.3,16.3,24.3,3.6,,,,,,,ARES
2015-07-02,18.1,14.8,21.8,0.0,,,,,,,ARES
2015-07-03,20.2,15.6,26.7,0.0,,,,,,,ARES
2015-07-04,18.8,16.2,21.3,0.0,,,,,,,ARES
2015-07-05,18.2,15.8,21.9,0.0,,,,,,,ARES
2015-07-06,18.6,14.4,22.0,0.0,,,,,,,ARES
2015-07-07,18.8,16.9,21.5,1.2,,,,,,,ARES
2015-07-08,18.2,16.0,20.9,0.0,,,,,,,ARES
2015-07-09,22.5,17.0,29.0,0.0,,,,,,,ARES
2015-07-10,20.1,17.8,23.4,0.0,,,,,,,ARES
2015-07-11,18.6,16.5,21.8,0.0,,,,,,,ARES
2015-07-12,18.2,16.3,21.0,0.0,,,,,,,ARES
2015-07-13,18.4,16.6,21.6,0.0,,,,,,,ARES
2015-07-14,18.8,16.0,22.5,0.0,,,,,,,ARES
2015-07-15,19.8,16.7,24.0,0.0,,,,,,,ARES
2015-07-16,20.9,17.1,25.5,0.0,,,,,,,ARES
2015-07-17,19.8,18.4,22.2,0.4,,,,,,,ARES
2015-07-18,21.3,17.8,25.4,0.0,,,,,,,ARES
2015-07-19,22.5,18.7,26.5,0.0,,,,,,,ARES
2015-07-20,22.3,20.0,26.5,0.0,,,,,,,ARES
2015-07-21,20.6,17.7,24.9,0.0,,,,,,,ARES
2015-07-22,19.1,16.3,22.3,0.0,,,,,,,ARES
2015-07-23,19.8,15.8,24.0,0.6,,,,,,,ARES
2015-07-24,19.2,16.7,21.2,0.2,,,,,,,ARES
2015-07-25,18.4,14.6,21.5,0.0,,,,,,,ARES
2015-07-26,20.6,16.8,23.8,0.8,,,,,,,ARES
2015-07-27,20.7,17.6,23.7,0.0,,,,,,,ARES
2015-07-28,21.1,17.4,25.1,5.6,,,,,,,ARES
2015-07-29,18.9,17.0,22.0,1.0,,,,,,,ARES
2015-07-30,18.4,16.6,21.9,0.0,,,,,,,ARES
2015-07-31,17.3,16.0,19.2,0.0,,,,,,,ARES
2015-08-01,18.7,14.6,22.1,0.0,,,,,,,ARES
2015-08-02,20.3,16.9,23.1,0.0,,,,,,,ARES
2015-08-03,19.4,16.4,22.9,0.1,,,,,,,ARES
2015-08-04,17.9,14.1,21.6,0.0,,,,,,,ARES
2015-08-05,18.7,14.6,23.4,0.0,,,,,,,ARES
2015-08-06,19.2,17.2,22.8,0.0,,,,,,,ARES
2015-08-07,18.1,16.0,21.3,0.4,,,,,,,ARES
2015-08-08,17.5,15.6,19.8,0.0,,,,,,,ARES
2015-08-09,18.7,16.1,21.3,0.0,,,,,,,ARES
2015-08-10,18.8,15.8,23.1,0.0,,,,,,,ARES
2015-08-11,19.3,17.9,22.6,0.0,,,,,,,ARES
2015-08-12,20.8,17.5,25.4,6.4,,,,,,,ARES
2015-08-13,16.3,14.7,17.6,9.2,,,,,,,ARES
2015-08-14,16.8,15.8,18.4,1.2,,,,,,,ARES
2015-08-15,18.0,15.9,21.4,0.4,,,,,,,ARES
2015-08-16,18.3,16.8,20.6,5.2,,,,,,,ARES
2015-08-17,19.1,17.3,22.7,0.0,,,,,,,ARES
2015-08-18,18.9,16.7,21.7,0.0,,,,,,,ARES
2015-08-19,18.5,15.8,21.9,0.0,,,,,,,ARES
2015-08-20,19.2,15.3,22.9,0.0,,,,,,,ARES
2015-08-21,20.1,18.3,23.0,0.0,,,,,,,ARES
2015-08-22,18.3,16.2,23.3,5.8,,,,,,,ARES
2015-08-23,17.3,15.7,21.1,4.0,,,,,,,ARES
2015-08-24,17.8,14.8,21.2,0.0,,,,,,,ARES
2015-08-25,20.3,17.2,23.8,0.0,,,,,,,ARES
2015-08-26,19.1,15.6,23.1,31.8,,,,,,,ARES
2015-08-27,19.3,15.8,24.5,29.6,,,,,,,ARES
2015-08-28,18.2,16.2,20.4,0.8,,,,,,,ARES
2015-08-29,21.6,18.4,25.6,0.0,,,,,,,ARES
2015-08-30,20.2,18.3,24.3,0.4,,,,,,,ARES
2015-08-31,18.2,16.6,19.2,2.6,,,,,,,ARES
2015-09-01,17.8,15.9,20.6,0.0,,,,,,,ARES
2015-09-02,17.1,15.6,18.7,0.0,,,,,,,ARES
2015-09-03,16.2,14.8,18.4,0.0,,,,,,,ARES
2015-09-04,16.7,14.8,19.3,0.0,,,,,,,ARES
2015-09-05,17.9,14.4,21.5,0.0,,,,,,,ARES
2015-09-06,18.6,13.4,23.9,0.0,,,,,,,ARES
2015-09-07,19.4,14.8,25.6,0.0,,,6.4,,,,ARES
2015-09-08,18.1,15.3,24.9,0.2,,,6.7,,,,ARES
2015-09-09,17.7,16.0,22.2,0.8,,,11.5,,,,ARES
2015-09-10,17.3,15.2,20.2,0.0,,,5.6,,,,ARES
2015-09-11,17.2,12.6,21.8,7.2,,,6.9,,,,ARES
2015-09-12,15.4,14.3,17.0,2.6,,,5.3,,,,ARES
2015-09-13,16.7,14.2,20.9,2.6,,240.0,18.6,,,,ARES
2015-09-14,16.2,13.5,19.2,15.0,,,,,,,ARES
2015-09-15,17.8,14.1,20.2,13.0,,198.0,18.7,,,,ARES
2015-09-16,15.8,12.9,18.0,5.4,,,,,,,ARES
2015-09-17,15.6,13.6,18.9,0.0,,256.0,11.2,,,,ARES
2015-09-18,15.9,13.3,19.8,0.0,,,6.4,,,,ARES
2015-09-19,15.6,11.2,19.2,0.0,,,5.3,,,,ARES
2015-09-20,16.7,12.7,21.6,0.0,,,5.4,,,,ARES
2015-09-21,17.1,15.3,20.5,0.0,,,7.3,,,,ARES
2015-09-22,15.9,14.2,19.4,0.2,,,7.9,,,,ARES
2015-09-23,16.2,14.7,18.7,0.0,,,4.1,,,,ARES
2015-09-24,16.3,12.4,20.9,0.0,,,,,,,ARES
2015-09-25,18.3,14.6,23.9,0.0,,,3.0,,,,ARES
2015-09-26,18.4,16.0,22.0,0.0,,,,,,,ARES
2015-09-27,18.3,14.7,23.8,0.0,,,4.2,,,,ARES
2015-09-28,18.4,13.4,24.6,0.0,,,4.7,,,,ARES
2015-09-29,18.3,14.1,24.5,0.0,,,7.3,,,,ARES
2015-09-30,15.2,11.9,18.7,0.0,,,4.8,,,,ARES
2015-10-01,15.4,12.3,19.1,0.0,,,6.4,,,,ARES
2015-10-02,14.5,11.7,18.2,0.0,,,5.6,,,,ARES
2015-10-03,13.9,9.2,17.1,4.8,,,4.7,,,,ARES
2015-10-04,19.5,16.1,23.0,16.2,,,22.7,,,,ARES
2015-10-05,19.8,17.7,22.8,13.2,,207.0,22.3,,,,ARES
2015-10-06,15.8,14.4,18.1,0.2,,,,,,,ARES
2015-10-07,15.0,12.5,18.7,0.0,,,,,,,ARES
2015-10-08,15.1,11.2,19.1,0.0,,,4.2,,,,ARES
2015-10-09,17.7,12.9,23.7,1.8,,,8.9,,,,ARES
2015-10-10,18.0,15.3,20.4,11.2,,,8.7,,,,ARES
2015-10-11,16.8,15.6,18.5,13.4,,,,,,,ARES
2015-10-12,16.2,14.2,18.5,0.0,,,12.2,,,,ARES
2015-10-13,15.5,13.7,18.8,0.0,,,9.6,,,,ARES
2015-10-14,15.1,11.4,20.1,0.0,,,5.0,,,,ARES
2015-10-15,14.2,10.0,19.4,0.0,,,,,,,ARES
2015-10-16,15.7,11.5,20.4,0.0,,,4.7,,,,ARES
2015-10-17,18.3,14.6,22.9,0.0,,,,,,,ARES
2015-10-18,17.1,15.3,19.5,8.6,,,3.4,,,,ARES
2015-10-19,14.5,13.2,16.2,28.0,,,,,,,ARES
2015-10-20,15.2,13.6,17.0,0.0,,,,,,,ARES
2015-10-21,14.7,12.9,18.5,0.0,,,,,,,ARES
2015-10-22,13.9,10.8,17.2,0.0,,,4.0,,,,ARES
2015-10-23,17.6,12.1,24.3,0.2,,,7.8,,,,ARES
2015-10-24,15.7,14.2,17.9,2.4,,,7.7,,,,ARES
2015-10-25,16.6,12.8,20.8,0.0,,,,,,,ARES
2015-10-26,15.3,12.6,19.1,7.8,,,,,,,ARES
2015-10-27,12.6,11.3,15.0,2.0,,,,,,,ARES
2015-10-28,14.7,11.8,16.8,10.2,,,,,,,ARES
2015-10-29,17.8,15.8,20.3,3.4,,,,,,,ARES
2015-10-30,19.2,17.6,22.4,0.0,,,,,,,ARES
2015-10-31,17.7,14.8,20.6,0.0,,,,,,,ARES
2015-11-01,15.3,13.4,19.0,0.0,,,,,,,ARES
2015-11-02,16.8,12.6,22.7,0.4,,,,,,,ARES
2015-11-03,15.9,14.5,18.0,0.0,,,,,,,ARES
2015-11-04,17.0,15.7,20.0,1.0,,,,,,,ARES
2015-11-05,19.0,16.6,21.9,0.2,,,,,,,ARES
2015-11-06,19.6,18.6,20.8,0.0,,,,,,,ARES
2015-11-07,18.9,16.6,23.4,0.0,,,,,,,ARES
2015-11-08,19.2,16.5,23.5,0.0,,,,,,,ARES
2015-11-09,17.0,16.1,20.1,0.0,,,,,,,ARES
2015-11-10,15.9,14.5,17.4,0.0,,,,,,,ARES
2015-11-11,15.2,12.2,18.7,0.0,,,,,,,ARES
2015-11-12,14.8,11.1,19.3,0.6,,,,,,,ARES
2015-11-13,15.2,12.6,17.2,0.0,,,,,,,ARES
2015-11-14,13.8,10.3,18.8,0.0,,,,,,,ARES
2015-11-15,14.2,10.4,18.9,0.0,,,,,,,ARES
2015-11-16,15.8,13.1,18.5,0.0,,,,,,,ARES
2015-11-17,16.8,15.7,18.1,0.0,,,,,,,ARES
2015-11-18,17.4,16.2,19.0,0.0,,,,,,,ARES
2015-11-19,17.4,14.2,19.8,0.0,,,8.0,,,,ARES
2015-11-20,16.1,13.1,19.1,5.6,,,,,,,ARES
2015-11-21,12.2,10.4,16.4,5.4,,350.0,26.2,,,,ARES
2015-11-22,11.2,10.3,12.6,17.6,,,,,,,ARES
2015-11-23,10.7,7.1,14.3,0.0,,,,,,,ARES
2015-11-24,12.3,10.1,15.0,6.8,,,,,,,ARES
2015-11-25,14.1,12.9,15.5,0.2,,,,,,,ARES
2015-11-26,14.2,13.4,15.0,2.0,,,8.7,,,,ARES
2015-11-27,13.4,11.6,14.7,2.4,,,,,,,ARES
2015-11-28,11.8,9.1,12.6,0.0,,,,,,,ARES
2015-11-29,11.6,9.0,15.8,0.0,,,,,,,ARES
2015-11-30,10.3,6.8,15.1,0.0,,,,,,,ARES
2015-12-01,10.3,5.8,15.8,0.0,,,,,,,ARES
2015-12-02,14.1,11.2,17.1,0.0,,,,,,,ARES
2015-12-03,15.2,12.0,18.9,0.8,,,,,,,ARES
2015-12-04,13.3,10.2,15.2,0.0,,,,,,,ARES
2015-12-05,12.8,10.1,17.2,0.0,,,,,,,ARES
2015-12-06,14.5,12.6,17.5,0.0,,,,,,,ARES
2015-12-07,14.6,12.4,16.5,0.4,,,,,,,ARES
2015-12-08,13.4,10.1,15.2,0.0,,,,,,,ARES
2015-12-09,10.7,7.4,16.4,0.0,,,,,,,ARES
2015-12-10,11.3,8.2,14.7,0.0,,,,,,,ARES
2015-12-11,9.9,6.6,15.8,0.0,,,,,,,ARES
2015-12-12,10.7,6.0,16.3,0.0,,,,,,,ARES
2015-12-13,12.6,9.4,15.7,3.2,,,,,,,ARES
2015-12-14,15.7,14.0,17.9,3.2,,,,,,,ARES
2015-12-15,17.6,15.5,19.4,0.0,,192.0,26.2,,,,ARES
2015-12-16,18.4,16.6,20.4,0.0,,,,,,,ARES
2015-12-17,17.3,15.5,18.5,7.4,,,,,,,ARES
2015-12-18,17.6,15.6,19.8,0.0,,,,,,,ARES
2015-12-19,17.1,13.8,20.4,5.2,,,,,,,ARES
2015-12-20,12.7,10.9,15.1,1.0,,,,,,,ARES
2015-12-21,13.0,10.5,16.2,0.0,,,,,,,ARES
2015-12-22,13.6,12.2,14.9,5.2,,,,,,,ARES
2015-12-23,12.4,10.5,14.6,0.6,,,,,,,ARES
2015-12-24,14.3,12.6,16.0,0.0,,,,,,,ARES
2015-12-25,15.5,14.3,16.8,0.0,,,,,,,ARES
2015-12-26,14.6,13.1,17.0,0.0,,,,,,,ARES
2015-12-27,15.6,13.5,19.5,0.0,,,,,,,ARES
2015-12-28,13.7,11.4,17.1,11.8,,,,,,,ARES
2015-12-29,13.2,10.9,15.7,0.0,,,,,,,ARES
2015-12-30,13.7,9.9,17.9,21.4,,,,,,,ARES
2015-12-31,11.1,9.2,14.0,0.2,,,,,,,ARES
2016-01-01,12.2,9.4,15.3,7.0,,,,,,,ARES
2016-01-02,10.8,8.4,14.0,2.2,,,,,,,ARES
2016-01-03,13.8,12.3,15.6,12.0,,,,,,,ARES
2016-01-04,11.4,9.1,13.0,11.2,,,,,,,ARES
2016-01-05,9.4,7.8,11.2,7.6,,,,,,,ARES
2016-01-06,11.9,9.0,15.0,11.2,,,,,,,ARES
2016-01-07,14.2,11.9,15.9,95.0,,,,,,,ARES
2016-01-08,11.8,9.7,16.2,7.6,,,,,,,ARES
2016-01-09,11.6,10.1,13.4,21.8,,,,,,,ARES
2016-01-10,11.0,9.9,12.4,12.4,,,,,,,ARES
2016-01-11,10.9,9.0,13.2,10.0,,,,,,,ARES
2016-01-12,9.7,7.2,12.4,0.0,,,,,,,ARES
2016-01-13,10.7,6.7,14.9,27.4,,,,,,,ARES
2016-01-14,10.8,8.4,14.8,1.2,,,,,,,ARES
2016-01-15,9.1,5.8,11.8,0.0,,,,,,,ARES
2016-01-16,7.7,3.7,12.2,0.0,,,,,,,ARES
2016-01-17,9.2,8.2,11.3,11.0,,,,,,,ARES
2016-01-18,10.7,9.4,12.4,2.4,,,,,,,ARES
2016-01-19,10.7,8.6,13.2,0.0,,,,,,,ARES
2016-01-20,12.4,9.6,16.6,0.6,,,,,,,ARES
2016-01-21,14.9,12.2,18.0,0.8,,,,,,,ARES
2016-01-22,16.1,14.2,17.1,8.8,,,,,,,ARES
2016-01-23,16.7,14.7,19.1,0.0,,,,,,,ARES
2016-01-24,16.9,12.9,20.5,0.4,,,,,,,ARES
2016-01-25,13.6,10.1,17.6,8.6,,,,,,,ARES
2016-01-26,11.1,7.7,14.4,0.0,,,,,,,ARES
2016-01-27,13.3,11.3,14.7,23.2,,,,,,,ARES
2016-01-28,10.9,9.6,11.5,6.2,,,,,,,ARES
2016-01-29,9.8,5.5,14.2,0.0,,,,,,,ARES
2016-01-30,11.8,10.0,14.3,2.8,,,,,,,ARES
2016-01-31,13.6,12.9,15.1,0.6,,,,,,,ARES
2016-02-01,12.8,12.0,13.5,0.0,,,,,,,ARES
2016-02-02,12.9,11.8,15.7,1.0,,,,,,,ARES
2016-02-03,11.0,7.8,13.0,0.0,,,,,,,ARES
2016-02-04,9.7,6.2,15.0,0.0,,,,,,,ARES
2016-02-05,11.6,7.8,16.9,0.0,,,,,,,ARES
2016-02-06,11.1,9.0,14.4,18.4,,,,,,,ARES
2016-02-07,10.6,7.8,13.3,1.0,,,,,,,ARES
2016-02-08,14.2,12.6,16.2,4.8,,,,,,,ARES
2016-02-09,12.8,10.5,14.9,27.8,,,,,,,ARES
2016-02-10,11.4,8.6,14.8,30.0,,,,,,,ARES
2016-02-11,11.6,9.1,14.8,20.6,,,,,,,ARES
2016-02-12,14.1,13.7,14.5,15.0,,,,,,,ARES
2016-02-13,13.5,10.8,14.7,11.0,,,,,,,ARES
2016-02-14,9.8,7.2,11.4,7.6,,,,,,,ARES
2016-02-15,9.7,7.4,11.4,0.8,,,,,,,ARES
2016-02-16,8.7,5.4,12.3,0.0,,,,,,,ARES
2016-02-17,8.1,6.2,10.0,13.6,,,,,,,ARES
2016-02-18,7.9,6.2,10.3,4.0,,,,,,,ARES
2016-02-19,8.6,3.9,12.7,0.4,,,,,,,ARES
2016-02-20,11.1,9.1,13.1,0.0,,,,,,,ARES
2016-02-21,11.9,11.0,14.3,0.0,,,,,,,ARES
2016-02-22,10.9,8.7,13.4,0.4,,,,,,,ARES
2016-02-23,11.8,10.1,13.6,1.4,,,,,,,ARES
2016-02-24,11.5,10.1,14.7,12.6,,,,,,,ARES
2016-02-25,11.0,9.9,13.2,10.6,,,,,,,ARES
2016-02-26,9.3,7.3,10.9,9.0,,,,,,,ARES
2016-02-27,8.2,6.4,9.7,10.4,,,,,,,ARES
2016-02-28,9.7,8.2,10.6,1.2,,,,,,,ARES
2016-02-29,10.3,7.8,12.7,0.0,,,,,,,ARES
2016-03-01,9.8,4.1,14.3,3.0,,,,,,,ARES
2016-03-02,11.5,10.3,14.0,1.0,,,,,,,ARES
2016-03-03,11.3,10.1,14.0,7.8,,,,,,,ARES
2016-03-04,10.3,7.3,11.8,8.2,,,,,,,ARES
2016-03-05,9.2,7.7,11.4,9.8,,,,,,,ARES
2016-03-06,10.0,8.1,12.4,8.8,,,,,,,ARES
2016-03-07,9.5,7.5,11.3,5.2,,,,,,,ARES
2016-03-08,10.6,8.6,12.9,9.6,,,,,,,ARES
2016-03-09,11.1,9.7,12.7,1.0,,,,,,,ARES
2016-03-10,10.9,9.7,12.8,0.0,,,,,,,ARES
2016-03-11,10.9,8.3,13.2,0.0,,,,,,,ARES
2016-03-12,10.3,5.9,15.3,0.0,,,,,,,ARES
2016-03-13,10.8,6.4,16.3,0.0,,,,,,,ARES
2016-03-14,11.1,6.3,16.3,0.0,,,,,,,ARES
2016-03-15,11.6,8.2,17.1,0.0,,,,,,,ARES
2016-03-16,10.0,5.8,14.1,0.0,,,,,,,ARES
2016-03-17,9.9,6.4,14.4,0.0,,,,,,,ARES
2016-03-18,9.6,7.0,12.5,2.2,,,,,,,ARES
2016-03-19,11.4,9.2,15.2,3.6,,,,,,,ARES
2016-03-20,10.5,9.7,11.3,0.3,,,,,,,ARES
2016-03-21,11.6,9.9,15.4,0.0,,,,,,,ARES
2016-03-22,11.5,9.5,15.4,0.0,,,,,,,ARES
2016-03-23,10.9,8.8,13.3,0.0,,,,,,,ARES
2016-03-24,10.6,6.7,13.7,0.0,,,,,,,ARES
2016-03-25,12.9,10.9,15.0,5.8,,,,,,,ARES
2016-03-26,13.4,9.6,17.0,7.2,,,,,,,ARES
2016-03-27,11.9,8.8,15.1,9.4,,,,,,,ARES
2016-03-28,13.8,11.3,16.4,18.6,,,,,,,ARES
2016-03-29,11.0,8.9,13.4,62.0,,,,,,,ARES
2016-03-30,7.9,6.6,9.4,33.0,,,,,,,ARES
2016-03-31,10.2,7.5,12.6,0.0,,,,,,,ARES
2016-04-01,9.8,5.0,13.4,0.0,,,,,,,ARES
2016-04-02,11.3,9.4,14.1,4.0,,,,,,,ARES
2016-04-03,10.3,8.5,12.9,3.4,,,,,,,ARES
2016-04-04,10.5,8.1,13.6,10.2,,,,,,,ARES
2016-04-05,11.9,10.3,14.8,0.0,,,,,,,ARES
2016-04-06,11.7,8.3,15.5,0.0,,,,,,,ARES
2016-04-07,11.2,9.3,12.9,0.4,,,,,,,ARES
2016-04-08,10.9,7.0,13.8,3.0,,,,,,,ARES
2016-04-09,10.6,8.3,12.6,6.8,,,,,,,ARES
2016-04-10,8.2,5.3,10.3,17.2,,,,,,,ARES
2016-04-11,8.2,5.2,14.0,4.8,,,,,,,ARES
2016-04-12,10.7,8.5,15.1,10.8,,,,,,,ARES
2016-04-13,11.8,7.7,15.4,10.6,,,,,,,ARES
2016-04-14,13.9,10.9,18.1,0.0,,,,,,,ARES
2016-04-15,11.6,10.6,13.7,25.6,,,,,,,ARES
2016-04-16,11.3,9.1,12.4,18.6,,,,,,,ARES
2016-04-17,11.1,8.5,14.8,0.0,,,,,,,ARES
2016-04-18,12.6,7.0,18.0,1.6,,,,,,,ARES
2016-04-19,15.6,13.0,20.0,2.2,,,,,,,ARES
2016-04-20,14.7,12.1,18.5,0.0,,,,,,,ARES
2016-04-21,14.8,12.2,17.4,1.2,,,,,,,ARES
2016-04-22,13.9,11.2,18.3,1.2,,,,,,,ARES
2016-04-23,13.4,11.4,16.1,0.8,,,,,,,ARES
2016-04-24,12.6,9.3,15.7,0.0,,,,,,,ARES
2016-04-25,12.4,9.3,17.1,0.0,,,,,,,ARES
2016-04-26,11.4,8.4,14.4,0.0,,,,,,,ARES
2016-04-27,11.6,8.7,15.4,0.0,,,,,,,ARES
2016-04-28,11.4,9.9,14.5,0.0,,,,,,,ARES
2016-04-29,11.4,9.5,14.1,0.0,,,,,,,ARES
2016-04-30,11.5,9.7,13.8,0.0,,,,,,,ARES
2016-05-01,11.6,7.4,15.1,0.0,,,,,,,ARES
2016-05-02,12.4,8.1,16.5,0.0,,,,,,,ARES
2016-05-03,15.1,9.9,20.9,0.0,,,,,,,ARES
2016-05-04,18.4,11.6,25.2,0.0,,,,,,,ARES
2016-05-05,15.7,13.7,18.8,4.8,,,,,,,ARES
2016-05-06,13.8,12.5,14.5,2.6,,,,,,,ARES
2016-05-07,14.6,12.5,17.1,3.0,,,,,,,ARES
2016-05-08,14.9,11.9,19.4,1.4,,,,,,,ARES
2016-05-09,14.7,12.6,18.9,11.0,,,,,,,ARES
2016-05-10,13.7,11.1,18.3,6.8,,,,,,,ARES
2016-05-11,13.6,10.2,18.3,0.8,,,8.4,,,,ARES
2016-05-12,13.9,12.3,18.0,7.0,,,,,,,ARES
2016-05-13,13.0,12.3,13.8,7.8,,,,,,,ARES
2016-05-14,13.2,12.6,13.9,2.8,,,,,,,ARES
2016-05-15,14.2,12.5,17.3,0.0,,,,,,,ARES
2016-05-16,14.2,11.3,17.2,0.0,,,6.9,,,,ARES
2016-05-17,14.3,11.0,17.3,0.0,,,,,,,ARES
2016-05-18,14.8,12.7,18.1,2.0,,,,,,,ARES
2016-05-19,16.0,13.8,19.3,0.0,,,6.6,,,,ARES
2016-05-20,15.4,14.0,18.3,0.0,,,,,,,ARES
2016-05-21,15.1,12.2,19.4,16.2,,,,,,,ARES
2016-05-22,14.3,11.7,17.2,0.0,,,,,,,ARES
2016-05-23,14.6,10.1,17.9,0.4,,,,,,,ARES
2016-05-24,16.7,14.3,20.2,2.0,,190.0,12.6,,1009.5,,ARES
2016-05-25,15.3,13.0,18.0,0.8,,,7.1,,1010.4,,ARES
2016-05-26,15.5,11.1,21.0,0.0,,,7.1,,1012.3,,ARES
2016-05-27,17.3,12.2,22.2,7.8,,190.0,11.2,,,,ARES
2016-05-28,16.2,13.9,20.9,10.4,,,10.3,,,,ARES
2016-05-29,15.8,13.5,19.4,2.2,,,10.5,,1016.0,,ARES
2016-05-30,15.9,14.0,19.3,0.0,,,7.8,,1021.0,,ARES
2016-05-31,15.6,13.7,17.6,0.0,,,,,,,ARES
2016-06-01,15.7,12.1,19.0,0.0,,,,,,,ARES
2016-06-02,16.8,11.7,21.7,0.0,,,,,,,ARES
2016-06-03,16.9,14.6,20.1,0.0,,,,,,,ARES
2016-06-04,16.8,14.8,20.2,0.0,,,,,,,ARES
2016-06-05,16.9,13.1,20.5,0.4,,,,,,,ARES
2016-06-06,17.6,15.4,21.3,0.2,,,,,,,ARES
2016-06-07,18.1,14.9,22.1,0.0,,,,,,,ARES
2016-06-08,18.3,16.1,21.5,0.0,,,,,,,ARES
2016-06-09,17.4,15.6,20.8,2.4,,,,,,,ARES
2016-06-10,17.3,14.9,20.5,0.0,,,,,,,ARES
2016-06-11,18.5,13.5,22.9,0.0,,,,,,,ARES
2016-06-12,19.2,17.3,21.5,2.6,,,,,,,ARES
2016-06-13,18.0,15.8,21.0,1.0,,,,,,,ARES
2016-06-14,17.1,15.6,20.1,7.4,,,,,,,ARES
2016-06-15,14.6,13.0,17.0,25.4,,,,,,,ARES
2016-06-16,16.1,13.1,19.3,11.4,,,,,,,ARES
2016-06-17,15.6,13.9,18.9,2.6,,,,,,,ARES
2016-06-18,16.2,13.8,18.5,0.0,,,,,,,ARES
2016-06-19,16.6,13.4,19.3,0.0,,,,,,,ARES
2016-06-20,18.1,14.5,23.2,0.0,,,,,,,ARES
2016-06-21,19.3,15.9,23.2,0.0,,,,,,,ARES
2016-06-22,18.2,16.9,20.4,0.2,,,,,,,ARES
2016-06-23,17.9,16.9,19.1,0.2,,,,,,,ARES
2016-06-24,16.9,15.5,17.7,0.0,,,,,,,ARES
2016-06-25,16.8,14.9,19.1,0.0,,,,,,,ARES
2016-06-26,16.5,15.2,19.3,0.0,,,,,,,ARES
2016-06-27,16.6,14.3,19.2,0.0,,,,,,,ARES
2016-06-28,17.1,13.9,20.1,0.0,,,,,,,ARES
2016-06-29,17.8,15.9,20.9,0.0,,,8.6,,1019.7,,ARES
2016-06-30,18.3,15.8,21.4,0.0,,,7.8,,1019.6,,ARES
2016-07-01,18.1,16.3,21.1,0.2,,,7.1,,1021.7,,ARES
2016-07-02,17.7,15.5,20.3,0.0,,,10.4,,1024.6,,ARES
2016-07-03,17.6,15.4,20.0,0.0,,,13.3,,1022.7,,ARES
2016-07-04,18.4,16.4,22.5,0.0,,14.0,13.4,,1019.1,,ARES
2016-07-05,18.3,16.1,21.6,0.0,,19.0,14.6,,,,ARES
2016-07-06,20.1,16.1,23.3,0.0,,,6.7,,1019.1,,ARES
2016-07-07,19.2,16.3,23.1,0.0,,,7.8,,1019.0,,ARES
2016-07-08,18.8,16.6,22.6,0.0,,,9.6,,1023.5,,ARES
2016-07-09,18.4,15.5,21.6,0.0,,,6.5,,1021.6,,ARES
2016-07-10,19.6,17.4,23.3,0.1,,,8.1,,1019.0,,ARES
2016-07-11,18.8,16.9,22.5,0.0,,,8.2,,1020.2,,ARES
2016-07-12,18.0,16.0,21.3,0.0,,,,,,,ARES
2016-07-13,17.0,14.4,19.9,0.0,,,11.9,,,,ARES
2016-07-14,18.2,14.8,22.7,0.0,,,8.3,,1025.2,,ARES
2016-07-15,20.3,15.9,26.0,0.0,,,,,1021.6,,ARES
2016-07-16,23.5,17.0,30.6,0.0,,,7.3,,1017.8,,ARES
2016-07-17,24.2,18.5,29.8,0.0,,,6.0,,1015.6,,ARES
2016-07-18,22.9,18.1,28.3,0.0,,,7.6,,1014.0,,ARES
2016-07-19,19.9,17.0,23.6,0.0,,,8.1,,1015.0,,ARES
2016-07-20,20.1,17.6,22.8,0.0,,,,,,,ARES
2016-07-21,20.3,17.2,24.3,0.4,,,,,,,ARES
2016-07-22,19.1,17.5,22.3,0.0,,,11.3,,1021.8,,ARES
2016-07-23,18.9,16.7,22.0,0.0,,3.0,14.1,,1024.8,,ARES
2016-07-24,19.2,16.8,22.6,0.0,,,9.4,,1022.0,,ARES
2016-07-25,19.6,17.6,24.2,0.0,,,10.2,,1021.3,,ARES
2016-07-26,18.6,16.9,22.6,0.0,,9.0,14.0,,1022.0,,ARES
2016-07-27,18.2,16.7,20.7,0.0,,3.0,15.0,,1023.5,,ARES
2016-07-28,18.8,16.6,22.2,0.0,,11.0,14.4,,1020.6,,ARES
2016-07-29,18.3,16.5,21.4,0.0,,356.0,11.6,,1017.4,,ARES
2016-07-30,18.3,16.1,20.8,0.0,,,9.5,,1017.1,,ARES
2016-07-31,18.8,16.8,22.1,0.0,,2.0,12.2,,1021.9,,ARES
2016-08-01,18.4,15.6,21.7,0.0,,,10.6,,1023.4,,ARES
2016-08-02,19.1,15.2,22.5,0.0,,,7.9,,1022.4,,ARES
2016-08-03,21.2,17.9,25.6,1.2,,,5.0,,,,ARES
2016-08-04,20.5,17.6,24.5,0.0,,,10.0,,1018.8,,ARES
2016-08-05,19.2,16.4,22.4,0.0,,,8.9,,,,ARES
2016-08-06,21.0,16.8,25.9,0.0,,,6.2,,1025.1,,ARES
2016-08-07,20.6,17.3,27.1,0.0,,,7.8,,1025.2,,ARES
2016-08-08,19.6,16.9,24.5,0.0,,,9.1,,1025.2,,ARES
2016-08-09,18.5,16.4,22.3,0.0,,23.0,15.9,,1025.1,,ARES
2016-08-10,18.3,16.5,20.7,0.0,,41.0,14.7,,1025.5,,ARES
2016-08-11,20.2,15.8,25.8,0.0,,,10.6,,1023.9,,ARES
2016-08-12,23.0,17.7,30.1,0.0,,,6.7,,1021.5,,ARES
2016-08-13,18.6,16.1,23.0,0.2,,,7.3,,1021.1,,ARES
2016-08-14,18.6,15.9,21.9,0.0,,,3.3,,1018.7,,ARES
2016-08-15,18.1,15.5,21.2,0.0,,,6.9,,,,ARES
2016-08-16,20.1,17.6,23.5,0.2,,,8.0,,,,ARES
2016-08-17,19.8,16.7,22.8,0.0,,,10.6,,1016.6,,ARES
2016-08-18,19.3,15.0,23.4,7.2,,,6.5,,1015.0,,ARES
2016-08-19,20.5,18.1,23.8,0.0,,271.0,17.0,,1013.2,,ARES
2016-08-20,19.4,16.5,23.1,0.0,,298.0,10.7,,1021.6,,ARES
2016-08-21,18.5,14.7,21.7,0.0,,,6.3,,1024.6,,ARES
2016-08-22,21.8,16.6,27.3,0.0,,,5.6,,1020.2,,ARES
2016-08-23,20.0,17.7,24.6,0.0,,,5.8,,,,ARES
2016-08-24,19.2,17.0,24.2,1.6,,,3.1,,,,ARES
2016-08-25,18.3,17.4,19.5,0.0,,,6.1,,,,ARES
2016-08-26,19.2,16.9,22.0,0.0,,,8.4,,1016.4,,ARES
2016-08-27,20.1,17.4,23.1,0.0,,,5.5,,1018.0,,ARES
2016-08-28,19.6,17.6,22.8,0.0,,,6.6,,1023.7,,ARES
2016-08-29,18.8,16.3,21.6,0.0,,,8.3,,1025.4,,ARES
2016-08-30,19.7,16.0,25.2,0.0,,,5.3,,1020.3,,ARES
2016-08-31,18.6,16.6,21.6,0.0,,,8.7,,1022.3,,ARES
2016-09-01,19.6,16.2,25.0,0.0,,,5.2,,1022.2,,ARES
2016-09-02,18.9,16.4,23.5,0.0,,,4.6,,1021.4,,ARES
2016-09-03,19.5,16.1,25.5,0.0,,,6.3,,1019.3,,ARES
2016-09-04,19.6,17.5,24.6,0.0,,,5.6,,1020.9,,ARES
2016-09-05,17.9,16.7,21.0,0.0,,,6.1,,1023.6,,ARES
2016-09-06,19.9,15.5,28.0,0.0,,,2.0,,1017.7,,ARES
2016-09-07,20.0,16.6,25.3,2.0,,,7.9,,1015.8,,ARES
2016-09-08,18.2,15.3,22.7,0.0,,,5.7,,1020.8,,ARES
2016-09-09,19.1,13.6,23.8,0.0,,160.0,8.0,,1019.3,,ARES
2016-09-10,20.1,17.8,25.0,2.6,,,8.4,,1018.7,,ARES
2016-09-11,19.0,17.2,23.7,0.0,,,4.7,,1016.7,,ARES
2016-09-12,21.3,17.2,26.4,38.0,,187.0,14.6,,1011.3,,ARES
2016-09-13,16.9,13.5,20.4,16.6,,285.0,14.3,,1011.8,,ARES
2016-09-14,15.0,12.8,17.6,8.6,,250.0,14.3,,1016.0,,ARES
2016-09-15,17.1,15.5,18.3,1.0,,296.0,15.5,,1016.2,,ARES
2016-09-16,17.6,15.7,20.5,0.2,,,8.5,,1025.1,,ARES
2016-09-17,16.6,14.1,19.6,0.0,,,6.5,,1026.6,,ARES
2016-09-18,16.8,13.8,20.4,0.0,,,8.0,,1024.2,,ARES
2016-09-19,16.6,13.5,20.0,0.0,,,5.4,,1022.3,,ARES
2016-09-20,16.7,15.2,18.9,0.0,,,8.1,,1019.0,,ARES
2016-09-21,16.4,12.5,20.0,0.0,,,6.1,,1018.1,,ARES
2016-09-22,17.4,15.2,20.7,0.0,,,4.4,,1020.9,,ARES
2016-09-23,17.7,14.3,22.9,0.0,,,5.3,,1023.4,,ARES
2016-09-24,18.2,15.0,21.8,13.0,,,13.3,,1018.8,,ARES
2016-09-25,17.3,15.0,20.4,0.0,,,6.1,,1023.3,,ARES
2016-09-26,17.9,13.8,22.2,0.6,,,5.8,,1023.5,,ARES
2016-09-27,18.9,16.7,21.4,0.4,,,4.4,,1028.5,,ARES
2016-09-28,18.1,14.2,22.4,0.0,,357.0,2.8,,1027.4,,ARES
2016-09-29,17.9,15.7,20.9,0.0,,,5.2,,1023.1,,ARES
2016-09-30,16.8,15.3,18.1,0.6,,1.0,2.4,,1017.8,,ARES
2016-10-01,16.4,13.8,19.7,0.0,,211.0,7.6,,1017.2,,ARES
2016-10-02,15.6,11.7,19.9,0.0,,142.0,5.7,,1018.0,,ARES
2016-10-03,15.7,11.1,21.4,0.0,,158.0,5.5,,1019.3,,ARES
2016-10-04,15.7,13.1,19.4,0.8,,127.0,6.9,,1023.0,,ARES
2016-10-05,15.0,12.3,17.9,0.0,,262.0,5.0,,1021.4,,ARES
2016-10-06,16.2,12.6,20.3,0.0,,348.0,4.2,,1014.2,,ARES
2016-10-07,15.7,13.3,19.3,0.0,,16.0,4.4,,1015.9,,ARES
2016-10-08,16.2,13.0,19.1,0.0,,14.0,5.4,,1021.0,,ARES
2016-10-09,16.7,14.0,20.8,0.0,,,8.2,,1021.4,,ARES
2016-10-10,15.8,12.2,21.1,0.0,,,3.7,,1018.8,,ARES
2016-10-11,14.8,12.2,16.9,8.4,,161.0,9.1,,1011.3,,ARES
2016-10-12,16.3,14.5,19.3,6.8,,,7.6,,1002.8,,ARES
2016-10-13,14.7,13.5,15.9,0.2,,,4.6,,1004.7,,ARES
2016-10-14,14.6,12.1,19.5,2.4,,,9.6,,1007.9,,ARES
2016-10-15,15.3,13.2,19.4,0.8,,196.0,13.5,,1009.4,,ARES
2016-10-16,16.9,14.8,20.4,2.2,,187.0,9.6,,1015.1,,ARES
2016-10-17,15.9,14.4,17.7,0.0,,1.0,4.0,,1022.7,,ARES
2016-10-18,15.9,13.4,20.2,0.0,,5.0,4.3,,1026.1,,ARES
2016-10-19,16.0,13.7,20.4,0.0,,14.0,4.1,,1022.3,,ARES
2016-10-20,15.6,12.6,19.3,0.0,,31.0,5.5,,1017.2,,ARES
2016-10-21,15.4,11.2,21.2,0.0,,44.0,3.6,,1012.4,,ARES
2016-10-22,16.3,13.5,19.3,18.6,,159.0,5.1,,1004.3,,ARES
2016-10-23,14.8,12.4,18.7,5.2,,181.0,15.8,,997.9,,ARES
2016-10-24,15.2,11.9,21.3,0.0,,183.0,9.5,,1007.7,,ARES
2016-10-25,16.9,12.8,23.4,0.0,,200.0,4.2,,1016.0,,ARES
2016-10-26,17.7,14.2,22.5,0.0,,205.0,5.1,,1024.0,,ARES
2016-10-27,17.7,14.0,22.4,0.0,,24.0,3.6,,1026.0,,ARES
2016-10-28,18.1,14.2,24.5,0.0,,172.0,4.6,,1026.8,,ARES
2016-10-29,16.8,13.7,20.8,0.0,,94.0,3.8,,1025.8,,ARES
2016-10-30,15.6,12.8,22.5,0.0,,17.0,3.3,,1021.3,,ARES
2016-10-31,16.5,12.7,22.2,0.0,,170.0,6.4,,1018.6,,ARES
2016-11-01,17.3,14.3,21.7,0.0,,169.0,5.9,,1019.6,,ARES
2016-11-02,17.1,13.5,23.1,0.0,,186.0,6.6,,1019.7,,ARES
2016-11-03,16.5,14.3,20.8,0.4,,175.0,4.5,,1016.8,,ARES
2016-11-04,15.6,13.1,17.6,7.6,,154.0,5.6,,1013.9,,ARES
2016-11-05,12.9,9.9,14.9,6.8,,359.0,9.6,,1013.1,,ARES
2016-11-06,10.7,8.0,14.1,7.0,,226.0,8.0,,1017.0,,ARES
2016-11-07,9.9,6.4,13.6,7.8,,200.0,7.2,,1019.4,,ARES
2016-11-08,11.9,9.2,15.4,17.0,,206.0,13.3,,1021.7,,ARES
2016-11-09,13.2,11.3,15.2,2.1,,305.0,13.0,,1023.2,,ARES
2016-11-10,13.5,11.4,16.3,0.2,,223.0,9.5,,1026.5,,ARES
2016-11-11,13.8,11.7,16.6,0.8,,177.0,9.0,,1025.9,,ARES
2016-11-12,14.9,13.8,16.1,8.0,,226.0,11.1,,1023.3,,ARES
2016-11-13,13.8,12.4,15.8,0.0,,24.0,6.4,,1029.2,,ARES
2016-11-14,13.8,11.3,16.6,0.0,,29.0,6.9,,1031.0,,ARES
2016-11-15,13.3,10.7,18.0,0.0,,9.0,1.7,,1030.8,,ARES
2016-11-16,12.4,8.7,17.3,0.0,,296.0,5.9,,1027.8,,ARES
2016-11-17,13.2,10.8,16.2,3.6,,254.0,3.3,,1021.4,,ARES
2016-11-18,13.4,10.9,15.1,0.8,,268.0,12.3,,1017.1,,ARES
2016-11-19,12.5,10.5,15.2,22.6,,214.0,21.1,,1012.2,,ARES
2016-11-20,14.8,10.4,17.0,10.6,,228.0,16.1,,998.8,,ARES
2016-11-21,11.3,8.5,13.5,1.8,,233.0,16.2,,997.9,,ARES
2016-11-22,8.7,5.9,12.8,2.0,,142.0,6.7,,1009.0,,ARES
2016-11-23,10.1,7.4,12.7,2.0,,,,,1012.5,,ARES
2016-11-24,9.6,8.0,11.5,13.6,,191.0,14.5,,1005.3,,ARES
2016-11-25,10.1,6.6,14.4,0.0,,128.0,5.5,,1007.8,,ARES
2016-11-26,10.2,7.6,12.6,0.0,,263.0,3.2,,1007.0,,ARES
2016-11-27,11.3,8.9,15.6,0.0,,27.0,2.8,,1010.4,,ARES
2016-11-28,11.3,8.3,16.6,0.0,,201.0,4.2,,1014.8,,ARES
2016-11-29,10.7,7.8,15.2,0.0,,166.0,4.5,,1019.9,,ARES
2016-11-30,12.7,8.9,18.2,0.0,,172.0,7.2,,1023.1,,ARES
2016-12-01,14.4,12.1,18.0,0.0,,159.0,7.3,,1022.8,,ARES
2016-12-02,12.3,9.6,16.4,0.0,,154.0,5.8,,1018.6,,ARES
2016-12-03,13.2,9.6,17.6,0.1,,153.0,6.6,,1008.2,,ARES
2016-12-04,15.6,12.9,19.8,0.0,,143.0,4.7,,1007.5,,ARES
2016-12-05,15.4,12.1,20.6,0.0,,158.0,6.4,,1017.4,,ARES
2016-12-06,15.3,12.0,21.2,0.0,,162.0,8.9,,1024.8,,ARES
2016-12-07,15.4,12.9,19.0,0.0,,162.0,12.3,,1026.6,,ARES
2016-12-08,15.3,12.6,19.6,0.0,,163.0,11.4,,1027.7,,ARES
2016-12-09,14.7,11.4,19.4,0.0,,174.0,7.9,,1027.5,,ARES
2016-12-10,15.3,12.4,18.6,0.0,,167.0,13.6,,1024.9,,ARES
2016-12-11,15.4,12.7,18.5,0.0,,150.0,7.0,,1026.0,,ARES
2016-12-12,14.2,11.2,18.4,0.0,,175.0,6.0,,1024.7,,ARES
2016-12-13,13.9,10.6,18.5,12.0,,175.0,13.4,,1020.1,,ARES
2016-12-14,12.8,11.1,15.4,0.0,,218.0,11.4,,1017.9,,ARES
2016-12-15,10.8,9.3,12.1,3.4,,185.0,16.2,,1018.1,,ARES
2016-12-16,12.1,10.5,13.3,1.8,,356.0,18.2,,1021.7,,ARES
2016-12-17,11.2,7.8,14.8,0.0,,353.0,2.5,,1032.7,,ARES
2016-12-18,10.7,8.4,14.8,0.0,,124.0,3.9,,1029.6,,ARES
2016-12-19,9.6,5.0,13.3,0.6,,23.0,7.3,,1023.8,,ARES
2016-12-20,11.3,10.1,12.7,3.0,,330.0,3.4,,1024.8,,ARES
2016-12-21,11.9,9.9,13.6,2.0,,185.0,13.5,,1030.0,,ARES
2016-12-22,13.9,12.3,15.7,0.0,,217.0,9.2,,1033.6,,ARES
2016-12-23,13.7,13.0,15.1,0.2,,217.0,7.4,,1037.2,,ARES
2016-12-24,13.9,12.7,15.9,0.0,,144.0,4.7,,1038.8,,ARES
2016-12-25,11.9,8.9,16.1,0.0,,171.0,3.4,,1035.3,,ARES
2016-12-26,11.7,9.4,14.2,0.0,,10.0,1.9,,1033.3,,ARES
2016-12-27,9.6,6.1,14.3,0.0,,171.0,4.9,,1032.4,,ARES
2016-12-28,8.8,5.1,14.4,0.1,,179.0,6.2,,1034.4,,ARES
2016-12-29,8.7,4.8,14.2,0.0,,171.0,5.7,,1034.4,,ARES
2016-12-30,8.6,4.5,14.3,0.0,,166.0,5.8,,1033.7,,ARES
2016-12-31,8.2,4.3,13.3,0.0,,170.0,6.2,,1031.0,,ARES
2017-01-01,8.7,5.4,11.4,0.0,,170.0,9.6,,1023.4,,ARES
2017-01-02,12.2,10.0,15.5,0.8,,147.0,12.6,,1015.8,,ARES
2017-01-03,12.9,11.9,13.9,1.8,,160.0,5.9,,1022.2,,ARES
2017-01-04,14.1,12.3,17.6,0.0,,56.0,3.1,,1026.8,,ARES
2017-01-05,13.4,9.1,17.5,0.0,,160.0,2.9,,1027.8,,ARES
2017-01-06,9.6,6.5,14.6,0.0,,162.0,3.6,,1028.9,,ARES
2017-01-07,8.0,4.1,13.4,0.0,,174.0,4.2,,1030.8,,ARES
2017-01-08,8.4,4.9,14.2,0.0,,170.0,6.3,,1031.1,,ARES
2017-01-09,9.3,5.3,13.4,1.4,,179.0,5.4,,1029.8,,ARES
2017-01-10,11.7,10.7,12.3,2.2,,348.0,10.6,,1027.2,,ARES
2017-01-11,12.4,11.7,13.8,0.8,,332.0,4.0,,1028.5,,ARES
2017-01-12,11.3,9.6,13.9,2.6,,279.0,11.0,,1025.6,,ARES
2017-01-13,9.5,6.6,11.0,4.0,,347.0,15.2,,1029.8,,ARES
2017-01-14,8.7,5.7,11.8,3.8,,193.0,4.7,,1033.6,,ARES
2017-01-15,9.5,7.7,11.5,1.0,,148.0,5.2,,1035.1,,ARES
2017-01-16,10.1,8.6,12.3,0.4,,21.0,5.2,,1032.9,,ARES
2017-01-17,10.6,7.1,14.4,0.0,,32.0,7.0,,1028.0,,ARES
2017-01-18,7.0,5.8,9.7,0.0,,59.0,11.3,,1026.6,,ARES
2017-01-19,6.5,4.0,8.1,0.0,,45.0,4.5,,1024.4,,ARES
2017-01-20,6.2,2.2,11.3,0.0,,184.0,5.7,,1022.2,,ARES
2017-01-21,7.3,2.6,13.4,0.0,,179.0,6.5,,1021.8,,ARES
2017-01-22,7.8,4.1,12.5,0.0,,155.0,7.8,,1023.3,,ARES
2017-01-23,8.2,3.8,12.5,0.0,,176.0,7.8,,1025.7,,ARES
2017-01-24,7.5,3.5,12.9,0.0,,164.0,6.1,,1026.9,,ARES
2017-01-25,8.6,4.2,14.4,1.4,,177.0,9.2,,1021.0,,ARES
2017-01-26,11.3,8.6,13.9,0.4,,164.0,14.5,,1007.0,,ARES
2017-01-27,9.2,8.1,11.3,16.6,,225.0,16.2,,1007.0,,ARES
2017-01-28,10.8,7.8,13.3,0.0,,205.0,14.3,,1020.0,,ARES
2017-01-29,13.9,12.3,16.6,0.6,,202.0,16.1,,1018.2,,ARES
2017-01-30,14.6,13.1,16.2,0.0,,183.0,25.5,,1015.5,,ARES
2017-01-31,12.2,10.8,13.3,12.0,,191.0,12.9,,1012.1,,ARES
2017-02-01,12.5,10.9,14.5,1.2,,186.0,20.6,,1010.6,,ARES
2017-02-02,11.6,8.1,15.6,24.0,,221.0,25.9,,1003.6,,ARES
2017-02-03,11.9,9.4,15.4,20.4,,234.0,30.2,,1003.6,,ARES
2017-02-04,12.3,8.5,14.8,17.0,,244.0,21.9,,1006.4,,ARES
2017-02-05,10.6,8.4,13.5,0.2,,273.0,22.5,,1019.3,,ARES
2017-02-06,14.2,11.1,15.7,6.0,,200.0,18.6,,1023.9,,ARES
2017-02-07,11.2,9.4,12.9,1.2,,294.0,16.5,,1027.5,,ARES
2017-02-08,9.0,5.1,11.4,0.0,,136.0,5.4,,1031.5,,ARES
2017-02-09,9.5,6.6,13.4,0.6,,162.0,11.8,,1014.7,,ARES
2017-02-10,9.7,6.9,13.5,0.0,,163.0,11.6,,1009.0,,ARES
2017-02-11,8.9,7.5,10.7,0.0,,27.0,8.6,,1013.2,,ARES
2017-02-12,9.9,7.8,11.9,4.6,,74.0,7.3,,999.8,,ARES
2017-02-13,11.3,8.4,14.5,5.6,,203.0,9.8,,1002.0,,ARES
2017-02-14,10.9,8.4,14.3,19.2,,196.0,9.6,,1016.0,,ARES
2017-02-15,12.8,10.4,16.3,0.6,,142.0,5.2,,1027.3,,ARES
2017-02-16,13.9,11.0,21.1,0.0,,175.0,7.1,,1029.6,,ARES
2017-02-17,13.1,9.2,19.2,3.2,,165.0,8.7,,1027.0,,ARES
2017-02-18,11.3,9.1,12.9,4.2,,313.0,5.6,,1023.5,,ARES
2017-02-19,11.2,8.4,14.3,0.0,,354.0,6.4,,1027.8,,ARES
2017-02-20,11.6,9.0,14.6,0.0,,0.0,6.7,,1028.7,,ARES
2017-02-21,12.8,11.1,15.6,0.0,,350.0,5.0,,1025.3,,ARES
2017-02-22,11.8,8.2,16.5,0.0,,358.0,3.7,,1020.8,,ARES
2017-02-23,11.7,10.1,14.1,0.4,,358.0,6.2,,1018.7,,ARES
2017-02-24,11.6,8.8,14.5,0.0,,33.0,10.5,,1021.0,,ARES
2017-02-25,10.7,7.3,15.6,0.0,,216.0,9.2,,1020.7,,ARES
2017-02-26,12.4,10.8,14.5,1.7,,196.0,13.1,,1020.7,,ARES
2017-02-27,11.7,9.8,14.2,9.2,,239.0,23.5,,1014.2,,ARES
2017-02-28,11.1,10.0,13.0,6.4,,269.0,17.2,,1015.1,,ARES
2017-03-01,13.1,11.2,15.9,22.2,,217.0,18.1,,1017.5,,ARES
2017-03-02,13.2,11.8,15.7,10.0,,195.0,18.2,,1015.5,,ARES
2017-03-03,9.1,6.9,12.6,15.6,,223.0,17.8,,1003.2,,ARES
2017-03-04,10.0,6.6,13.4,1.2,,239.0,16.6,,1006.8,,ARES
2017-03-05,14.1,12.6,15.9,5.0,,241.0,18.1,,1014.6,,ARES
2017-03-06,13.4,11.2,15.6,0.4,,309.0,12.4,,1025.2,,ARES
2017-03-07,13.9,12.6,16.2,0.6,,259.0,9.0,,1029.3,,ARES
2017-03-08,13.5,10.2,15.9,0.0,,237.0,5.6,,1028.5,,ARES
2017-03-09,13.3,7.5,21.7,0.0,,168.0,7.3,,1025.0,,ARES
2017-03-10,18.1,11.5,27.6,0.0,,185.0,10.6,,1020.0,,ARES
2017-03-11,13.9,11.0,16.9,1.8,,240.0,15.4,,1020.9,,ARES
2017-03-12,11.7,9.4,13.4,5.4,,326.0,22.4,,1027.5,,ARES
2017-03-13,11.6,10.1,14.7,0.0,,30.0,16.6,,1032.3,,ARES
2017-03-14,13.1,10.3,17.1,0.0,,23.0,9.1,,1031.1,,ARES
2017-03-15,13.9,9.3,19.2,0.0,,12.0,4.6,,1024.6,,ARES
2017-03-16,13.9,10.8,22.1,0.0,,332.0,10.4,,1019.9,,ARES
2017-03-17,12.8,10.5,16.9,0.0,,17.0,7.6,,1023.4,,ARES
2017-03-18,11.5,8.0,15.0,0.0,,350.0,5.7,,1024.6,,ARES
2017-03-19,11.0,8.7,13.8,0.0,,2.0,8.9,,1022.7,,ARES
2017-03-20,12.5,10.6,15.9,12.0,,290.0,6.6,,1019.7,,ARES
2017-03-21,11.0,9.1,14.1,10.2,,315.0,10.6,,1020.5,,ARES
2017-03-22,7.3,4.1,9.6,16.0,,256.0,17.1,,1012.6,,ARES
2017-03-23,7.5,4.3,9.9,14.0,,352.0,14.1,,1011.6,,ARES
2017-03-24,8.6,5.5,12.6,0.2,,149.0,8.3,,1014.9,,ARES
2017-03-25,9.1,7.5,11.7,4.6,,347.0,2.2,,1014.9,,ARES
2017-03-26,10.6,7.4,15.5,1.2,,173.0,13.2,,1007.8,,ARES
2017-03-27,12.7,9.6,16.3,0.0,,196.0,16.3,,1013.1,,ARES
2017-03-28,14.9,11.6,19.0,0.0,,187.0,19.5,,1022.6,,ARES
2017-03-29,16.9,13.9,21.2,0.0,,177.0,19.7,,1023.2,,ARES
2017-03-30,15.7,12.3,22.1,5.8,,178.0,17.4,,1018.4,,ARES
2017-03-31,12.8,10.9,16.3,4.2,,222.0,16.8,,1018.9,,ARES
2017-04-01,12.7,10.7,15.7,0.0,,284.0,15.2,,1024.5,,ARES
2017-04-02,12.6,9.9,15.6,0.0,,354.0,7.6,,1025.6,,ARES
2017-04-03,12.3,7.5,17.5,0.0,,355.0,6.4,,1025.1,,ARES
2017-04-04,12.6,9.7,15.4,0.0,,2.0,11.3,,1028.7,,ARES
2017-04-05,13.4,10.8,17.8,0.0,,45.0,15.7,,1026.6,,ARES
2017-04-06,15.2,10.3,21.5,0.0,,50.0,5.7,,1022.8,,ARES
2017-04-07,15.6,10.6,21.1,0.0,,352.0,5.5,,1018.3,,ARES
2017-04-08,14.1,11.7,19.9,0.0,,105.0,8.1,,1017.8,,ARES
2017-04-09,14.7,10.0,20.0,0.0,,0.0,4.2,,1019.8,,ARES
2017-04-10,15.4,11.9,20.7,0.0,,352.0,5.7,,1023.2,,ARES
2017-04-11,14.2,10.3,17.8,0.0,,356.0,3.9,,1023.9,,ARES
2017-04-12,14.7,10.2,19.7,0.0,,2.0,5.0,,1020.3,,ARES
2017-04-13,13.7,9.9,17.5,0.0,,335.0,7.6,,1019.1,,ARES
2017-04-14,14.3,12.0,18.0,0.0,,275.0,8.2,,1021.8,,ARES
2017-04-15,12.6,10.9,15.4,0.0,,12.0,7.5,,1024.5,,ARES
2017-04-16,15.0,9.6,21.1,0.0,,44.0,5.9,,1021.6,,ARES
2017-04-17,15.5,11.7,19.5,0.0,,25.0,6.6,,1019.1,,ARES
2017-04-18,15.1,11.7,19.4,0.0,,29.0,6.2,,1018.6,,ARES
2017-04-19,15.1,12.2,20.3,0.0,,71.0,18.6,,1018.0,,ARES
2017-04-20,14.6,11.7,18.8,0.0,,88.0,14.9,,1018.3,,ARES
2017-04-21,15.6,10.4,20.2,0.0,,22.0,6.3,,1020.1,,ARES
2017-04-22,16.4,11.8,22.4,0.0,,65.0,6.2,,1020.1,,ARES
2017-04-23,15.8,10.4,20.5,0.0,,28.0,5.7,,1017.2,,ARES
2017-04-24,14.2,11.5,21.5,0.0,,0.0,7.3,,1014.5,,ARES
2017-04-25,12.5,9.2,15.8,0.8,,354.0,9.0,,1013.2,,ARES
2017-04-26,10.3,8.0,16.0,0.2,,38.0,15.3,,1017.8,,ARES
2017-04-27,10.2,6.4,14.8,0.0,,36.0,12.5,,1020.3,,ARES
2017-04-28,12.0,8.1,17.0,0.0,,48.0,10.0,,1017.3,,ARES
2017-04-29,13.2,7.2,20.2,7.6,,196.0,19.8,,1008.8,,ARES
2017-04-30,10.7,7.1,13.2,6.8,,262.0,24.2,,1008.2,,ARES
2017-05-01,12.9,9.2,16.7,0.0,,216.0,15.5,,1020.9,,ARES
2017-05-02,14.0,11.0,17.6,0.0,,85.0,8.0,,1020.8,,ARES
2017-05-03,16.1,10.5,21.6,0.0,,84.0,5.6,,1014.3,,ARES
2017-05-04,17.7,13.3,23.8,2.0,,173.0,8.3,,1006.6,,ARES
2017-05-05,15.3,13.0,19.6,3.2,,195.0,15.4,,1004.7,,ARES
2017-05-06,16.6,12.7,21.4,0.0,,208.0,16.7,,1014.7,,ARES
2017-05-07,18.2,14.9,23.4,0.0,,102.0,8.4,,1020.4,,ARES
2017-05-08,19.6,15.6,24.6,0.0,,32.0,6.8,,1016.3,,ARES
2017-05-09,16.4,13.9,22.0,3.0,,358.0,5.5,,1007.4,,ARES
2017-05-10,16.5,13.0,20.0,13.2,,195.0,8.5,,999.8,,ARES
2017-05-11,15.8,12.0,20.0,0.6,,201.0,16.7,,994.1,,ARES
2017-05-12,15.1,13.2,17.9,5.4,,230.0,12.4,,1002.4,,ARES
2017-05-13,15.4,12.0,19.5,6.8,,198.0,18.5,,1013.1,,ARES
2017-05-14,17.8,13.4,22.1,0.0,,195.0,13.8,,1021.3,,ARES
2017-05-15,19.3,17.3,25.6,0.0,,194.0,11.6,,1025.2,,ARES
2017-05-16,18.4,14.9,24.2,2.0,,14.0,5.6,,1024.8,,ARES
2017-05-17,14.8,12.8,17.6,1.6,,347.0,9.6,,1021.7,,ARES
2017-05-18,13.9,11.7,16.9,1.4,,327.0,12.4,,1022.6,,ARES
2017-05-19,14.5,11.7,17.5,0.0,,287.0,13.8,,1024.3,,ARES
2017-05-20,15.7,12.7,17.5,0.0,,,7.6,,1023.4,,ARES
2017-05-21,18.5,14.0,27.1,0.0,,188.0,8.7,,1013.7,,ARES
2017-05-22,15.8,13.7,18.5,0.0,,344.0,10.3,,1019.2,,ARES
2017-05-23,18.6,12.3,25.5,0.0,,355.0,4.5,,1020.1,,ARES
2017-05-24,21.7,15.8,28.1,0.0,,17.0,6.1,,1015.6,,ARES
2017-05-25,20.3,15.7,27.3,5.2,,98.0,8.2,,1013.3,,ARES
2017-05-26,15.9,14.9,19.0,11.2,,351.0,7.3,,1013.6,,ARES
2017-05-27,17.2,15.5,20.2,0.8,,16.0,5.3,,1014.1,,ARES
2017-05-28,17.4,15.8,20.2,4.4,,1.0,4.2,,1014.6,,ARES
2017-05-29,17.4,15.8,19.6,0.0,,211.0,6.9,,1016.3,,ARES
2017-05-30,17.3,15.7,19.9,0.0,,349.0,7.2,,1019.4,,ARES
2017-05-31,17.6,15.2,21.1,0.0,,292.0,7.0,,1019.6,,ARES
2017-06-01,16.9,15.3,19.9,0.0,,7.0,6.9,,1019.9,,ARES
2017-06-02,16.6,14.6,20.9,0.4,,354.0,8.0,,1020.4,,ARES
2017-06-03,16.0,14.6,18.3,0.0,,352.0,16.0,,1022.7,,ARES
2017-06-04,16.0,13.5,18.9,0.0,,5.0,8.3,,1022.9,,ARES
2017-06-05,17.0,12.8,21.1,3.4,,198.0,17.7,,1018.3,,ARES
2017-06-06,16.2,14.3,18.9,0.2,,345.0,10.9,,1020.7,,ARES
2017-06-07,16.1,12.0,19.4,0.0,,51.0,7.3,,1021.2,,ARES
2017-06-08,17.4,13.7,22.0,0.6,,325.0,6.1,,1015.9,,ARES
2017-06-09,18.1,15.5,21.4,0.0,,,5.7,,1017.0,,ARES
2017-06-10,19.7,15.4,23.6,0.0,,,7.3,,1018.7,,ARES
2017-06-11,17.6,16.3,19.4,0.8,,,9.6,,1020.8,,ARES
2017-06-12,18.3,16.1,21.5,0.0,,10.0,12.2,,1018.3,,ARES
2017-06-13,18.2,16.0,23.3,0.0,,,4.6,,1014.2,,ARES
2017-06-14,16.9,15.6,19.1,0.0,,352.0,6.8,,1016.6,,ARES
2017-06-15,17.0,14.6,20.2,0.0,,354.0,11.2,,1021.8,,ARES
2017-06-16,20.4,15.8,26.1,0.0,,354.0,7.0,,1021.0,,ARES
2017-06-17,23.3,17.4,29.9,0.0,,15.0,5.3,,1017.2,,ARES
2017-06-18,24.1,19.1,29.5,0.0,,29.0,5.6,,1012.9,,ARES
2017-06-19,19.3,15.6,26.1,0.0,,13.0,4.7,,1014.0,,ARES
2017-06-20,23.1,17.1,27.3,0.0,,59.0,6.5,,1015.2,,ARES
2017-06-21,20.0,17.3,23.0,0.4,,10.0,7.6,,1015.5,,ARES
2017-06-22,19.0,17.4,22.5,0.0,,13.0,4.9,,1020.1,,ARES
2017-06-23,18.6,16.4,21.7,0.0,,5.0,7.7,,1024.5,,ARES
2017-06-24,18.4,15.7,21.7,0.0,,3.0,8.4,,1023.8,,ARES
2017-06-25,19.3,15.0,23.2,0.0,,2.0,7.9,,1017.1,,ARES
2017-06-26,18.4,17.1,19.8,0.0,,329.0,6.3,,1013.0,,ARES
2017-06-27,19.1,16.8,22.2,8.0,,297.0,9.4,,1011.7,,ARES
2017-06-28,17.2,13.9,19.4,6.6,,274.0,20.2,,1011.0,,ARES
2017-06-29,15.6,13.7,19.0,7.2,,287.0,18.3,,1015.8,,ARES
2017-06-30,16.1,13.8,18.6,0.8,,335.0,19.3,,1022.6,,ARES
2017-07-01,16.7,14.8,20.2,0.0,,354.0,7.2,,1028.7,,ARES
2017-07-02,18.0,15.9,20.7,0.0,,355.0,8.3,,1027.5,,ARES
2017-07-03,20.8,15.7,26.0,0.0,,17.0,5.7,,1021.5,,ARES
2017-07-04,23.4,17.5,31.9,0.0,,115.0,9.2,,1012.8,,ARES
2017-07-05,19.2,17.2,21.7,0.0,,312.0,6.3,,1014.7,,ARES
2017-07-06,18.3,16.5,21.7,0.0,,358.0,7.4,,1016.3,,ARES
2017-07-07,18.1,17.3,20.2,0.0,,346.0,6.7,,1019.2,,ARES
2017-07-08,17.9,16.7,20.1,0.0,,352.0,14.1,,1019.7,,ARES
2017-07-09,18.6,16.7,21.8,0.8,,345.0,6.4,,1017.9,,ARES
2017-07-10,17.8,15.6,20.6,0.0,,347.0,9.1,,1018.8,,ARES
2017-07-11,19.3,14.5,24.5,1.6,,198.0,8.6,,1018.4,,ARES
2017-07-12,18.7,17.2,21.1,0.0,,336.0,10.0,,1021.6,,ARES
2017-07-13,18.2,17.2,20.4,0.0,,11.0,12.2,,1023.3,,ARES
2017-07-14,20.2,17.8,24.4,0.0,,27.0,15.8,,1022.1,,ARES
2017-07-15,19.9,17.6,25.4,0.0,,8.0,10.5,,1020.2,,ARES
2017-07-16,22.1,17.2,27.6,0.0,,3.0,6.4,,1018.0,,ARES
2017-07-17,20.9,17.9,25.7,0.0,,7.0,5.3,,1014.1,,ARES
2017-07-18,20.7,17.1,25.1,0.0,,220.0,14.6,,1011.7,,ARES
2017-07-19,19.3,16.3,22.1,2.0,,261.0,16.8,,1014.4,,ARES
2017-07-20,18.1,15.7,21.1,0.0,,351.0,9.8,,1019.3,,ARES
2017-07-21,19.1,15.4,23.0,1.4,,225.0,10.9,,1016.1,,ARES
2017-07-22,18.8,16.3,22.0,0.0,,291.0,12.1,,1018.1,,ARES
2017-07-23,18.9,16.1,23.5,1.6,,251.0,8.7,,1023.3,,ARES
2017-07-24,18.1,16.5,21.3,0.2,,351.0,9.0,,1025.8,,ARES
2017-07-25,18.4,16.8,21.7,0.0,,5.0,12.3,,1023.5,,ARES
2017-07-26,19.6,17.2,23.3,0.0,,11.0,7.0,,1019.2,,ARES
2017-07-27,19.4,18.0,21.9,5.2,,175.0,7.2,,1017.6,,ARES
2017-07-28,21.2,16.9,24.8,0.0,,259.0,7.7,,1018.6,,ARES
2017-07-29,22.9,17.9,27.7,0.2,,204.0,18.4,,1016.4,,ARES
2017-07-30,19.4,17.4,22.6,0.0,,277.0,12.0,,1016.5,,ARES
2017-07-31,18.9,16.8,21.9,0.0,,3.0,9.5,,1015.1,,ARES
2017-08-01,18.8,15.1,22.0,0.0,,13.0,8.0,,1017.9,,ARES
2017-08-02,21.8,16.4,28.1,0.6,,192.0,14.9,,1019.4,,ARES
2017-08-03,22.1,18.4,24.5,0.0,,298.0,10.9,,1019.3,,ARES
2017-08-04,21.1,16.5,25.4,4.6,,228.0,18.9,,1018.5,,ARES
2017-08-05,18.1,16.4,20.0,0.0,,13.0,12.9,,1023.0,,ARES
2017-08-06,19.2,16.9,23.3,0.0,,28.0,15.7,,1022.1,,ARES
2017-08-07,17.3,16.2,19.8,0.6,,359.0,11.6,,1018.7,,ARES
2017-08-08,18.4,15.9,22.2,5.2,,,,,1022.1,,ARES
2017-08-09,17.4,14.9,20.3,0.0,,0.0,13.9,,1024.9,,ARES
2017-08-10,17.4,15.3,20.5,0.0,,20.0,11.2,,1028.3,,ARES
2017-08-11,17.6,14.5,21.4,0.0,,358.0,9.3,,1025.3,,ARES
2017-08-12,17.7,14.3,21.1,0.0,,351.0,8.4,,1023.1,,ARES
2017-08-13,20.2,15.5,24.6,0.0,,355.0,5.5,,1018.0,,ARES
2017-08-14,20.2,17.7,24.2,0.2,,318.0,8.3,,1014.7,,ARES
2017-08-15,18.7,16.7,21.9,0.2,,351.0,6.3,,1020.4,,ARES
2017-08-16,20.4,15.3,24.7,0.0,,221.0,10.2,,1022.6,,ARES
2017-08-17,22.1,20.2,25.2,4.6,,262.0,9.3,,1021.2,,ARES
2017-08-18,20.2,17.2,24.2,0.0,,27.0,9.4,,1021.4,,ARES
2017-08-19,18.7,16.8,22.4,0.0,,5.0,12.2,,1023.5,,ARES
2017-08-20,20.8,16.6,24.4,0.0,,359.0,5.7,,1021.3,,ARES
2017-08-21,24.3,17.8,33.2,0.0,,72.0,7.7,,1014.7,,ARES
2017-08-22,20.2,17.8,23.3,0.0,,28.0,9.4,,1017.8,,ARES
2017-08-23,18.9,17.4,21.9,0.4,,1.0,7.1,,1018.3,,ARES
2017-08-24,18.7,16.7,22.7,0.0,,340.0,9.2,,1017.7,,ARES
2017-08-25,19.7,17.0,23.2,0.0,,331.0,6.6,,1016.4,,ARES
2017-08-26,20.3,17.8,23.5,0.1,,162.0,6.7,,1013.4,,ARES
2017-08-27,19.4,16.4,23.0,9.4,,215.0,7.4,,1012.4,,ARES
2017-08-28,19.7,16.9,23.0,0.0,,34.0,8.4,,1014.4,,ARES
2017-08-29,18.7,17.4,19.9,3.0,,355.0,8.0,,1015.3,,ARES
2017-08-30,17.3,15.9,18.6,0.4,,352.0,8.0,,1017.6,,ARES
2017-08-31,17.2,15.0,20.5,0.0,,358.0,10.2,,1022.9,,ARES
2017-09-01,17.3,13.4,21.5,0.0,,8.0,10.1,,1025.3,,ARES
2017-09-02,17.9,13.4,22.5,0.0,,2.0,6.1,,1024.0,,ARES
2017-09-03,19.4,15.8,22.9,2.4,,191.0,8.6,,1017.2,,ARES
2017-09-04,19.4,17.9,22.5,0.2,,330.0,6.8,,1017.9,,ARES
2017-09-05,19.4,17.1,23.5,0.6,,333.0,8.3,,1023.7,,ARES
2017-09-06,17.8,15.5,20.7,0.0,,0.0,10.4,,1027.2,,ARES
2017-09-07,17.3,14.7,19.8,0.0,,,9.0,,1023.5,,ARES
2017-09-08,17.7,12.8,23.2,1.3,,,9.7,,1017.9,,ARES
2017-09-09,17.7,15.9,20.4,2.4,,317.0,13.2,,1015.5,,ARES
2017-09-10,17.9,15.3,20.2,2.3,,223.0,8.6,,1018.1,,ARES
2017-09-11,18.4,16.1,22.0,2.0,,289.0,13.8,,1018.0,,ARES
2017-09-12,19.4,16.5,23.6,0.0,,256.0,10.8,,1020.1,,ARES
2017-09-13,20.2,18.6,22.6,6.2,,243.0,8.7,,1022.5,,ARES
2017-09-14,17.3,15.0,19.5,3.6,,354.0,12.1,,1024.4,,ARES
2017-09-15,15.9,13.5,19.0,0.8,,347.0,8.4,,1022.1,,ARES
2017-09-16,15.4,12.0,19.4,0.0,,327.0,6.8,,1020.2,,ARES
2017-09-17,16.6,14.1,20.2,6.6,,246.0,9.9,,1019.9,,ARES
2017-09-18,17.4,15.9,21.7,0.6,,264.0,13.6,,1020.3,,ARES
2017-09-19,17.1,14.8,20.6,0.0,,356.0,5.3,,1024.9,,ARES
2017-09-20,17.0,12.9,21.5,2.4,,80.0,6.8,,1020.9,,ARES
2017-09-21,16.5,14.7,18.0,6.8,,4.0,9.8,,1020.0,,ARES
2017-09-22,17.2,14.9,19.8,0.0,,357.0,7.0,,1021.5,,ARES
2017-09-23,17.8,13.6,21.7,0.0,,185.0,8.4,,1018.2,,ARES
2017-09-24,17.4,15.6,19.9,2.8,,187.0,10.7,,1019.6,,ARES
2017-09-25,17.7,15.4,20.3,0.0,,241.0,7.5,,1023.4,,ARES
2017-09-26,17.0,12.4,21.8,0.0,,124.0,4.9,,1021.6,,ARES
2017-09-27,20.3,17.2,24.9,0.0,,185.0,15.8,,1018.6,,ARES
2017-09-28,20.6,17.9,25.4,0.0,,192.0,12.5,,1020.7,,ARES
2017-09-29,16.3,14.6,21.4,1.0,,235.0,9.7,,1022.9,,ARES
2017-09-30,17.3,14.3,20.8,1.0,,196.0,4.8,,1024.2,,ARES
2017-10-01,19.3,17.9,21.9,0.0,,242.0,6.5,,1024.9,,ARES
2017-10-02,19.1,17.6,23.3,1.0,,26.0,5.7,,1025.7,,ARES
2017-10-03,18.7,16.8,21.9,0.0,,2.0,6.2,,1023.6,,ARES
2017-10-04,18.9,15.1,24.1,0.0,,318.0,5.6,,1021.6,,ARES
2017-10-05,18.2,16.0,21.1,0.0,,357.0,5.5,,1023.3,,ARES
2017-10-06,18.6,15.4,23.1,0.0,,1.0,6.3,,1023.7,,ARES
2017-10-07,17.9,13.9,23.1,0.0,,3.0,3.6,,1021.8,,ARES
2017-10-08,17.0,12.4,21.5,0.0,,56.0,5.0,,1020.9,,ARES
2017-10-09,15.9,11.4,20.9,0.0,,106.0,5.1,,1021.3,,ARES
2017-10-10,16.0,11.5,21.2,0.0,,149.0,5.9,,1019.9,,ARES
2017-10-11,16.9,14.0,21.4,0.0,,167.0,7.9,,1021.5,,ARES
2017-10-12,15.7,11.8,19.6,0.0,,158.0,6.2,,1024.0,,ARES
2017-10-13,16.9,13.6,20.8,0.0,,116.0,5.9,,1024.9,,ARES
2017-10-14,16.3,11.8,21.9,0.0,,157.0,5.6,,1021.7,,ARES
2017-10-15,25.8,20.1,31.0,0.4,,181.0,15.3,,1015.6,,ARES
2017-10-16,17.6,14.2,23.2,4.8,,229.0,13.6,,1019.6,,ARES
2017-10-17,16.1,13.8,20.9,3.0,,194.0,13.8,,1016.0,,ARES
2017-10-18,15.3,13.4,18.7,0.0,,202.0,12.8,,1011.1,,ARES
2017-10-19,15.9,13.2,19.6,2.2,,196.0,14.7,,1011.2,,ARES
2017-10-20,18.0,14.4,22.9,6.2,,206.0,16.4,,1015.3,,ARES
2017-10-21,15.3,13.2,18.2,0.8,,261.0,13.3,,1025.5,,ARES
2017-10-22,13.5,11.1,17.4,0.0,,171.0,6.2,,1030.2,,ARES
2017-10-23,13.8,9.1,19.5,0.0,,153.0,6.4,,1027.0,,ARES
2017-10-24,16.3,11.0,26.1,0.0,,164.0,9.1,,1022.9,,ARES
2017-10-25,18.1,12.5,26.6,0.0,,185.0,8.3,,1021.3,,ARES
2017-10-26,18.6,15.2,23.7,0.0,,163.0,10.9,,1025.0,,ARES
2017-10-27,18.9,15.6,24.6,0.0,,169.0,6.1,,1030.3,,ARES
2017-10-28,16.3,14.0,19.7,0.0,,325.0,4.4,,1029.2,,ARES
2017-10-29,15.8,12.7,19.7,0.0,,67.0,8.2,,1026.9,,ARES
2017-10-30,15.7,14.3,18.1,0.0,,42.0,13.1,,1023.5,,ARES
2017-10-31,14.9,11.1,20.6,0.0,,142.0,7.8,,1019.0,,ARES
2017-11-01,16.9,13.3,19.8,0.6,,175.0,14.9,,1015.3,,ARES
2017-11-02,16.4,13.7,20.2,13.4,,177.0,10.6,,1012.9,,ARES
2017-11-03,15.7,14.1,18.2,0.2,,154.0,6.5,,1010.5,,ARES
2017-11-04,14.4,13.3,17.4,0.4,,354.0,9.4,,1015.1,,ARES
2017-11-05,13.3,11.8,15.6,0.4,,355.0,8.7,,1028.2,,ARES
2017-11-06,11.9,8.7,15.2,0.0,,182.0,5.2,,1028.3,,ARES
2017-11-07,11.3,7.8,14.2,2.8,,125.0,9.1,,1024.7,,ARES
2017-11-08,12.0,9.0,14.1,4.2,,26.0,6.2,,1030.0,,ARES
2017-11-09,12.1,10.7,13.4,3.4,,336.0,3.9,,1032.2,,ARES
2017-11-10,13.7,12.5,14.8,0.8,,353.0,7.4,,1034.6,,ARES
2017-11-11,13.9,12.9,16.2,0.4,,14.0,3.0,,1032.0,,ARES
2017-11-12,14.0,13.2,15.6,2.6,,276.0,6.8,,1026.5,,ARES
2017-11-13,12.5,9.5,15.1,0.0,,31.0,7.6,,1026.9,,ARES
2017-11-14,11.4,8.0,15.8,0.0,,348.0,3.7,,1023.2,,ARES
2017-11-15,11.9,8.6,17.1,0.0,,170.0,7.1,,1020.0,,ARES
2017-11-16,11.1,7.1,15.6,0.0,,201.0,6.8,,1021.8,,ARES
2017-11-17,11.6,8.1,16.5,0.0,,163.0,3.3,,1022.6,,ARES
2017-11-18,12.4,8.7,17.8,0.0,,152.0,4.1,,1022.0,,ARES
2017-11-19,12.3,9.1,18.5,0.0,,161.0,6.9,,1022.0,,ARES
2017-11-20,13.0,8.3,19.3,0.0,,169.0,9.2,,1022.0,,ARES
2017-11-21,15.2,10.7,20.7,0.0,,179.0,13.0,,1018.0,,ARES
2017-11-22,16.8,14.6,20.3,6.4,,195.0,27.8,,1006.0,,ARES
2017-11-23,16.2,13.4,19.0,0.8,,207.0,15.6,,1009.9,,ARES
2017-11-24,12.9,11.5,13.8,20.0,,,4.9,,1016.4,,ARES
2017-11-25,11.2,8.7,13.5,0.0,,20.0,6.4,,1026.2,,ARES
2017-11-26,9.5,6.1,14.5,0.0,,170.0,4.1,,1031.1,,ARES
2017-11-27,8.8,5.6,13.3,0.0,,172.0,6.1,,1027.8,,ARES
2017-11-28,9.1,4.7,13.8,4.6,,130.0,5.8,,1020.2,,ARES
2017-11-29,8.8,6.7,11.7,1.2,,124.0,5.6,,1016.3,,ARES
2017-11-30,7.8,4.6,11.5,3.2,,198.0,5.6,,1023.0,,ARES
2017-12-01,10.1,7.3,11.8,1.6,,16.0,12.5,,1025.9,,ARES
2017-12-02,8.6,6.0,11.8,0.2,,152.0,5.7,,1030.1,,ARES
2017-12-03,9.2,5.4,12.1,0.0,,133.0,5.6,,1032.9,,ARES
2017-12-04,9.9,7.5,14.3,0.0,,167.0,6.5,,1035.4,,ARES
2017-12-05,8.7,5.4,14.2,0.0,,171.0,7.5,,1035.3,,ARES
2017-12-06,9.4,5.0,13.1,0.4,,173.0,9.7,,1032.1,,ARES
2017-12-07,12.8,10.1,15.0,7.6,,205.0,24.5,,1027.2,,ARES
2017-12-08,12.4,10.6,14.5,7.8,,341.0,3.8,,1028.3,,ARES
2017-12-09,13.4,10.6,15.7,6.6,,239.0,11.3,,1024.4,,ARES
2017-12-10,14.2,9.3,16.2,52.6,,253.0,24.4,,1003.2,,ARES
2017-12-11,9.9,7.8,11.5,2.4,,323.0,20.2,,997.8,,ARES
2017-12-12,10.8,9.1,12.1,1.6,,200.0,12.0,,1018.2,,ARES
2017-12-13,13.3,11.0,15.3,11.4,,220.0,18.7,,1021.8,,ARES
2017-12-14,12.6,11.7,13.8,2.2,,271.0,10.7,,1019.2,,ARES
2017-12-15,11.3,10.1,12.6,0.6,,320.0,11.3,,1017.5,,ARES
2017-12-16,9.4,6.7,12.4,1.2,,183.0,4.8,,1026.8,,ARES
2017-12-17,8.2,4.9,12.7,0.0,,168.0,6.7,,1033.8,,ARES
2017-12-18,9.8,5.6,13.7,5.0,,163.0,6.2,,1035.2,,ARES
2017-12-19,12.3,7.8,13.6,0.0,,350.0,6.4,,1033.8,,ARES
2017-12-20,8.9,6.0,13.4,0.0,,184.0,4.7,,1035.2,,ARES
2017-12-21,10.2,6.9,15.9,0.0,,179.0,3.9,,1037.9,,ARES
2017-12-22,10.0,7.0,13.6,0.0,,175.0,7.3,,1040.0,,ARES
2017-12-23,10.3,8.0,13.6,0.0,,254.0,5.1,,1036.2,,ARES
2017-12-24,10.7,7.0,15.7,0.0,,182.0,7.9,,1030.2,,ARES
2017-12-25,10.8,8.2,13.4,5.4,,207.0,17.1,,1019.3,,ARES
2017-12-26,11.2,8.9,14.3,9.2,,240.0,23.2,,1013.6,,ARES
2017-12-27,10.5,9.2,11.9,12.2,,288.0,16.1,,1012.3,,ARES
2017-12-28,12.4,9.4,14.3,4.2,,251.0,13.6,,1014.4,,ARES
2017-12-29,15.4,13.0,18.0,0.0,,229.0,16.5,,1019.1,,ARES
2017-12-30,15.9,15.1,17.8,0.0,,214.0,26.8,,1022.0,,ARES
2017-12-31,13.1,9.0,15.8,17.0,,239.0,25.6,,1019.9,,ARES
2018-01-01,13.8,12.0,15.3,2.8,,237.0,21.7,,1027.8,,ARES
2018-01-02,15.6,14.2,16.8,3.0,,239.0,17.4,,1028.1,,ARES
2018-01-03,15.9,15.1,17.1,2.0,,247.0,16.5,,1029.2,,ARES
2018-01-04,15.7,14.5,16.6,23.4,,218.0,22.8,,1022.1,,ARES
2018-01-05,10.2,6.5,14.7,4.2,20.0,249.0,15.2,,1010.0,,ARES
2018-01-06,7.1,4.1,10.5,6.0,,173.0,6.7,,1007.3,,ARES
2018-01-07,9.4,6.7,11.6,4.4,,351.0,10.9,,1008.5,,ARES
2018-01-08,10.9,9.2,12.7,0.0,,203.0,6.8,,1011.7,,ARES
2018-01-09,11.1,9.3,14.5,2.4,,211.0,20.2,,1009.6,,ARES
2018-01-10,10.4,7.1,13.2,20.2,,239.0,21.0,,1014.5,,ARES
2018-01-11,10.2,8.5,12.3,0.0,20.0,302.0,16.6,,1025.1,,ARES
2018-01-12,9.6,6.5,12.5,3.8,,163.0,17.8,,1022.9,,ARES
2018-01-13,9.7,7.8,11.5,14.4,,191.0,11.3,,1015.7,,ARES
2018-01-14,8.2,5.1,12.2,0.0,,171.0,7.5,,1021.0,,ARES
2018-01-15,10.4,5.9,13.4,3.0,,188.0,18.0,,1025.7,,ARES
2018-01-16,13.1,12.3,14.5,0.8,,246.0,11.7,,1027.3,,ARES
2018-01-17,12.0,10.9,13.5,0.0,,318.0,8.2,,1030.3,,ARES
2018-01-18,11.5,10.0,13.0,3.0,,185.0,9.7,,1026.4,,ARES
2018-01-19,12.3,10.9,14.3,0.0,,264.0,7.8,,1026.5,,ARES
2018-01-20,13.1,10.7,15.2,0.0,,206.0,13.2,,1028.0,,ARES
2018-01-21,13.7,12.3,14.7,1.8,,,3.7,,1030.2,,ARES
2018-01-22,13.8,12.2,16.2,0.0,,,9.9,,1030.1,,ARES
2018-01-23,14.3,13.4,16.4,0.0,,204.0,13.8,,1029.1,,ARES
2018-01-24,12.9,10.5,14.6,15.0,,197.0,21.0,,1023.2,,ARES
2018-01-25,10.4,8.7,12.4,5.0,,284.0,13.2,,1020.9,,ARES
2018-01-26,10.6,9.4,11.8,0.4,,343.0,16.0,,1030.0,,ARES
2018-01-27,10.2,8.3,12.3,0.8,,190.0,4.0,,1036.0,,ARES
2018-01-28,12.0,9.1,14.9,0.0,,357.0,5.8,,1036.5,,ARES
2018-01-29,10.6,7.2,16.5,0.0,,166.0,6.9,,1034.8,,ARES
2018-01-30,9.3,5.7,13.4,0.0,,192.0,5.1,,1029.8,,ARES
2018-01-31,8.6,5.7,11.3,1.8,,172.0,3.9,,1025.4,,ARES
2018-02-01,9.7,7.5,11.2,7.4,,352.0,19.1,,1020.1,,ARES
2018-02-02,8.4,6.0,10.3,2.8,,38.0,7.6,,1021.6,,ARES
2018-02-03,9.2,7.7,11.3,8.4,,288.0,16.8,,1021.3,,ARES
2018-02-04,7.6,5.3,9.5,12.0,,6.0,10.5,,1018.0,,ARES
2018-02-05,7.3,5.6,9.2,0.6,,42.0,16.3,,1018.4,,ARES
2018-02-06,6.9,4.7,9.4,12.6,,357.0,7.4,,1019.8,,ARES
2018-02-07,6.2,4.0,8.1,4.4,,62.0,9.7,,1024.2,,ARES
2018-02-08,6.8,3.6,10.6,4.0,,178.0,9.5,,1024.2,,ARES
2018-02-09,9.2,6.9,11.5,1.4,,26.0,10.7,,1024.0,,ARES
2018-02-10,9.5,7.2,12.0,2.6,,180.0,8.5,,1027.3,,ARES
2018-02-11,11.1,8.8,12.7,7.8,,297.0,12.4,,1023.5,,ARES
2018-02-12,7.4,5.5,10.0,6.0,,210.0,9.4,,1025.1,,ARES
2018-02-13,9.9,6.5,12.6,8.4,,233.0,14.9,,1016.1,,ARES
2018-02-14,14.6,12.6,16.3,0.2,,211.0,17.7,,1013.9,,ARES
2018-02-15,14.8,11.6,16.8,18.0,,206.0,10.2,,1019.4,,ARES
2018-02-16,11.4,9.4,13.4,30.8,,345.0,4.4,,1022.5,,ARES
2018-02-17,10.1,7.5,13.2,0.0,,343.0,6.6,,1028.7,,ARES
2018-02-18,9.8,5.7,13.9,0.0,,186.0,6.3,,1028.6,,ARES
2018-02-19,11.2,9.8,13.5,0.0,,357.0,7.0,,1025.1,,ARES
2018-02-20,11.4,10.2,14.3,0.0,,24.0,9.7,,1025.0,,ARES
2018-02-21,10.4,9.1,12.9,0.0,,53.0,15.6,,1019.6,,ARES
2018-02-22,8.9,5.3,13.3,0.0,,78.0,8.1,,1013.2,,ARES
2018-02-23,8.4,4.4,13.7,0.0,,177.0,8.8,,1007.8,,ARES
2018-02-24,8.3,3.8,13.6,0.0,,145.0,8.6,,1007.0,,ARES
2018-02-25,9.6,4.6,16.4,0.0,,166.0,9.4,,1011.4,,ARES
2018-02-26,9.3,5.8,14.5,0.0,,124.0,12.6,,1008.7,,ARES
2018-02-27,6.2,4.2,8.9,0.0,,91.0,15.4,,1006.0,,ARES
2018-02-28,4.5,1.9,6.9,23.2,,86.0,6.1,,990.8,,ARES
2018-03-01,7.8,5.0,11.5,14.6,,306.0,13.4,,981.1,,ARES
2018-03-02,7.6,3.7,12.4,6.6,,188.0,14.2,,989.5,,ARES
2018-03-03,10.7,8.0,14.5,1.0,,207.0,18.1,,991.3,,ARES
2018-03-04,10.2,6.8,13.3,8.4,,183.0,18.1,,993.0,,ARES
2018-03-05,9.6,7.3,12.8,11.2,,220.0,13.2,,992.0,,ARES
2018-03-06,9.5,8.2,11.8,3.4,,264.0,17.8,,999.4,,ARES
2018-03-07,10.1,7.3,13.1,5.6,,204.0,16.7,,1007.0,,ARES
2018-03-08,12.5,8.6,15.9,1.8,,175.0,27.4,,1001.9,,ARES
2018-03-09,16.0,13.2,18.7,6.8,,178.0,23.1,,997.8,,ARES
2018-03-10,12.7,10.3,15.6,14.2,,195.0,27.3,,993.5,,ARES
2018-03-11,11.4,10.3,13.3,3.2,,237.0,28.6,,991.8,,ARES
2018-03-12,11.3,7.9,14.0,4.0,,251.0,17.1,,1012.7,,ARES
2018-03-13,12.6,7.4,17.0,0.8,,178.0,20.3,,1011.3,,ARES
2018-03-14,12.6,9.1,15.3,19.6,,201.0,27.5,,995.7,,ARES
2018-03-15,9.8,7.3,12.7,6.8,,220.0,15.1,,996.7,,ARES
2018-03-16,8.8,7.1,12.3,19.8,,221.0,17.1,,1003.1,,ARES
2018-03-17,9.5,6.8,12.8,0.2,,263.0,11.8,,1002.6,,ARES
2018-03-18,9.9,8.4,12.6,7.4,,252.0,11.4,,1007.8,,ARES
2018-03-19,8.7,7.0,10.1,4.0,,322.0,22.8,,1013.0,,ARES
2018-03-20,8.3,6.2,10.6,0.2,,27.0,19.2,,1025.6,,ARES
2018-03-21,8.8,6.6,12.4,0.0,,41.0,10.1,,1033.1,,ARES
2018-03-22,8.1,2.6,11.5,1.0,,176.0,8.8,,1027.1,,ARES
2018-03-23,11.6,8.2,15.8,10.8,,232.0,25.7,,1011.8,,ARES
2018-03-24,9.7,7.3,11.8,11.2,,314.0,31.3,,1008.1,,ARES
2018-03-25,9.9,6.8,12.5,0.8,,335.0,12.7,,1016.6,,ARES
2018-03-26,11.4,9.2,14.0,1.4,,188.0,8.6,,1026.4,,ARES
2018-03-27,12.7,11.4,16.1,0.0,,242.0,9.7,,1027.8,,ARES
2018-03-28,11.5,8.3,13.6,10.0,,243.0,18.0,,1020.2,,ARES
2018-03-29,9.3,6.5,13.1,9.8,,226.0,18.8,,1009.8,,ARES
2018-03-30,8.5,6.3,12.0,9.0,,245.0,23.8,,1001.4,,ARES
2018-03-31,10.8,8.0,13.8,0.4,,287.0,16.8,,1012.9,,ARES
2018-04-01,13.9,10.8,18.4,9.8,,177.0,22.3,,1009.5,,ARES
2018-04-02,13.9,11.8,17.5,3.2,,192.0,21.9,,1000.5,,ARES
2018-04-03,12.1,10.3,15.6,6.2,,217.0,24.1,,998.1,,ARES
2018-04-04,12.1,9.9,14.1,7.2,,252.0,16.8,,1008.6,,ARES
2018-04-05,13.2,8.7,18.2,3.8,,169.0,18.2,,1014.5,,ARES
2018-04-06,11.5,9.0,13.9,4.0,,165.0,14.8,,1005.3,,ARES
2018-04-07,12.3,9.2,16.2,2.2,,188.0,17.8,,1004.4,,ARES
2018-04-08,11.7,9.1,15.4,3.6,,214.0,14.9,,1006.2,,ARES
2018-04-09,11.8,9.2,14.8,22.2,,332.0,9.7,,1009.0,,ARES
2018-04-10,9.6,6.4,12.0,1.8,,279.0,14.1,,999.5,,ARES
2018-04-11,11.0,8.8,14.1,2.0,,247.0,9.8,,1006.0,,ARES
2018-04-12,11.4,9.4,15.1,4.4,,138.0,8.9,,1000.5,,ARES
2018-04-13,12.1,10.6,14.5,0.2,,358.0,7.1,,1007.4,,ARES
2018-04-14,12.7,9.3,17.6,1.2,,196.0,16.3,,1015.5,,ARES
2018-04-15,12.6,10.5,14.6,0.8,,237.0,15.4,,1015.2,,ARES
2018-04-16,13.3,9.0,17.7,0.0,,195.0,21.3,,1017.1,,ARES
2018-04-17,17.2,12.9,21.6,0.0,,191.0,22.8,,1020.0,,ARES
2018-04-18,16.3,11.4,24.7,0.0,,184.0,13.1,,1020.9,,ARES
2018-04-19,14.1,12.4,16.2,0.0,,336.0,9.6,,1021.4,,ARES
2018-04-20,13.6,12.5,16.1,0.0,,343.0,11.1,,1018.8,,ARES
2018-04-21,15.5,11.4,21.1,0.0,,107.0,6.7,,1015.2,,ARES
2018-04-22,13.3,11.9,14.8,0.0,,10.0,8.9,,1017.4,,ARES
2018-04-23,13.4,11.3,15.9,0.0,,358.0,8.3,,1020.0,,ARES
2018-04-24,13.8,11.9,17.2,0.0,,346.0,10.3,,1019.9,,ARES
2018-04-25,12.8,11.6,14.4,0.8,,357.0,13.7,,1024.2,,ARES
2018-04-26,12.8,10.7,15.5,0.2,,4.0,10.8,,1022.0,,ARES
2018-04-27,13.0,11.1,15.7,0.0,,300.0,14.1,,1017.4,,ARES
2018-04-28,11.9,9.0,14.8,0.8,,172.0,10.0,,1012.3,,ARES
2018-04-29,10.3,8.7,13.0,5.8,,211.0,13.7,,1008.9,,ARES
2018-04-30,10.8,7.9,13.9,0.0,,59.0,11.5,,1016.3,,ARES
2018-05-01,11.9,7.7,15.9,1.8,,199.0,12.0,,1017.7,,ARES
2018-05-02,12.8,10.8,16.4,6.2,,214.0,18.3,,1015.4,,ARES
2018-05-03,12.1,10.2,14.0,0.0,,9.0,12.5,,1022.8,,ARES
2018-05-04,12.9,10.4,16.3,0.0,,13.0,13.5,,1021.4,,ARES
2018-05-05,14.2,10.4,19.2,0.0,,3.0,9.7,,1018.8,,ARES
2018-05-06,16.6,11.4,21.8,0.0,,9.0,8.3,,1016.1,,ARES
2018-05-07,14.7,12.9,17.9,0.0,,317.0,10.9,,1016.5,,ARES
2018-05-08,13.3,11.9,17.0,0.0,,353.0,11.6,,1018.3,,ARES
2018-05-09,13.7,12.3,15.9,0.6,,341.0,12.3,,1017.2,,ARES
2018-05-10,13.6,11.0,16.4,0.0,,5.0,11.7,,1019.5,,ARES
2018-05-11,13.1,10.8,16.3,3.4,,224.0,13.9,,1016.6,,ARES
2018-05-12,11.7,9.5,14.3,5.6,,272.0,18.5,,1021.1,,ARES
2018-05-13,11.8,9.6,14.1,6.0,,261.0,13.3,,1024.6,,ARES
2018-05-14,13.5,12.6,15.9,0.8,,336.0,17.1,,1024.6,,ARES
2018-05-15,13.3,12.3,14.9,0.0,,7.0,11.7,,1024.8,,ARES
2018-05-16,14.3,12.3,17.7,0.0,,21.0,15.2,,1021.0,,ARES
2018-05-17,13.9,12.2,16.8,0.0,,2.0,14.0,,1017.8,,ARES
2018-05-18,15.4,13.4,19.2,0.0,,1.0,10.9,,1017.8,,ARES
2018-05-19,17.9,13.7,23.9,0.0,,10.0,8.9,,1017.5,,ARES
2018-05-20,16.1,11.5,19.7,0.0,,354.0,9.0,,1014.9,,ARES
2018-05-21,15.1,11.9,17.8,0.0,,3.0,10.0,,1012.0,,ARES
2018-05-22,16.1,12.8,19.6,0.0,,2.0,7.9,,1014.3,,ARES
2018-05-23,17.6,13.1,21.9,0.0,,10.0,6.8,,1015.5,,ARES
2018-05-24,17.1,14.4,21.7,0.0,,0.0,7.4,,1014.8,,ARES
2018-05-25,14.4,13.8,15.0,3.0,,1.0,12.7,,1015.3,,ARES
2018-05-26,13.9,13.2,15.0,0.2,,356.0,11.3,,1015.0,,ARES
2018-05-27,14.9,13.6,17.2,0.2,,317.0,8.1,,1016.6,,ARES
2018-05-28,15.3,13.4,17.8,0.0,,349.0,9.8,,1017.3,,ARES
2018-05-29,15.2,13.8,17.6,0.0,,349.0,8.3,,1015.8,,ARES
2018-05-30,14.8,13.8,16.1,0.0,,272.0,9.6,,1015.7,,ARES
2018-05-31,15.5,13.9,17.9,1.6,,225.0,11.6,,1017.9,,ARES
2018-06-01,15.4,13.1,18.7,0.0,,176.0,10.7,,1020.9,,ARES
2018-06-02,15.6,13.5,19.1,2.2,,342.0,7.7,,1019.3,,ARES
2018-06-03,15.3,11.8,18.4,3.6,,211.0,16.6,,1015.5,,ARES
2018-06-04,14.4,13.0,17.1,13.2,,211.0,10.8,,1013.6,,ARES
2018-06-05,14.8,13.4,16.5,6.8,,220.0,8.2,,1014.5,,ARES
2018-06-06,15.3,14.4,17.1,1.2,,335.0,8.4,,1016.8,,ARES
2018-06-07,15.6,14.1,20.3,5.8,,208.0,11.0,,1015.2,,ARES
2018-06-08,14.6,13.3,17.0,15.8,,314.0,7.9,,1013.0,,ARES
2018-06-09,14.8,13.6,17.6,24.0,,191.0,14.7,,1011.5,,ARES
2018-06-10,16.2,13.4,19.7,0.0,,91.0,10.4,,1011.6,,ARES
2018-06-11,15.3,14.3,16.5,4.6,,312.0,10.1,,1016.0,,ARES
2018-06-12,15.8,14.5,18.2,0.0,,346.0,11.8,,1021.3,,ARES
2018-06-13,16.0,14.6,18.4,0.0,,0.0,12.9,,1024.0,,ARES
2018-06-14,17.2,14.4,20.7,1.4,,24.0,9.2,,1021.5,,ARES
2018-06-15,15.3,13.6,16.6,0.0,,354.0,14.1,,1020.9,,ARES
2018-06-16,16.2,12.9,19.9,0.0,,354.0,9.1,,1021.8,,ARES
2018-06-17,17.0,14.1,19.8,0.0,,356.0,9.2,,1025.6,,ARES
2018-06-18,17.4,15.5,20.1,0.0,,355.0,13.4,,1026.0,,ARES
2018-06-19,20.1,16.1,24.6,0.0,,354.0,9.7,,1020.3,,ARES
2018-06-20,19.1,16.1,22.7,0.0,,356.0,5.9,,1017.9,,ARES
2018-06-21,18.0,15.7,20.5,0.0,,352.0,10.4,,1020.1,,ARES
2018-06-22,20.7,17.8,25.2,0.0,,,10.7,,1019.3,,ARES
2018-06-23,22.8,17.2,29.0,0.0,,13.0,5.8,,1016.2,,ARES
2018-06-24,22.1,15.9,28.1,0.0,,39.0,9.1,,1014.5,,ARES
2018-06-25,16.5,15.4,17.6,0.1,,6.0,6.8,,1017.1,,ARES
2018-06-26,17.1,15.9,18.8,0.0,,329.0,5.7,,1019.7,,ARES
2018-06-27,18.0,15.7,20.9,0.0,,,7.2,,1020.1,,ARES
2018-06-28,16.9,15.8,18.5,1.0,,358.0,7.0,,1016.3,,ARES
2018-06-29,19.9,16.2,23.8,6.8,,350.0,7.1,,1009.7,,ARES
2018-06-30,17.5,16.1,19.7,28.8,,48.0,7.2,,1007.6,,ARES
2018-07-01,18.6,16.6,21.6,12.8,,170.0,7.3,,1009.9,,ARES
2018-07-02,18.2,16.7,20.8,3.0,,,4.7,,1013.4,,ARES
2018-07-03,18.5,16.6,21.4,0.4,,,8.0,,1017.1,,ARES
2018-07-04,18.9,16.9,21.8,0.0,,,9.0,,1018.5,,ARES
2018-07-05,18.2,16.8,20.3,0.0,,,6.7,,1023.2,,ARES
2018-07-06,18.5,15.5,21.6,0.0,,,7.2,,1022.0,,ARES
2018-07-07,19.8,16.0,23.0,0.0,,,7.2,,1019.6,,ARES
2018-07-08,18.9,17.1,21.0,0.0,,350.0,9.3,,1020.2,,ARES
2018-07-09,21.2,17.4,25.9,0.0,,359.0,8.7,,1020.2,,ARES
2018-07-10,19.5,17.7,22.2,0.0,,355.0,9.2,,1019.1,,ARES
2018-07-11,18.0,16.8,19.8,0.0,,353.0,13.8,,1018.7,,ARES
2018-07-12,19.7,17.2,22.6,0.0,,9.0,10.1,,1017.5,,ARES
2018-07-13,20.9,17.3,24.6,0.0,,350.0,8.3,,1015.9,,ARES
2018-07-14,20.6,17.8,24.3,2.0,,338.0,7.7,,1017.2,,ARES
2018-07-15,18.8,17.5,19.8,0.4,,303.0,6.5,,1018.4,,ARES
2018-07-16,18.9,17.0,22.4,0.0,,324.0,7.8,,1021.7,,ARES
2018-07-17,18.1,16.3,20.8,0.0,,351.0,10.0,,1020.0,,ARES
2018-07-18,19.7,16.8,22.9,0.0,,348.0,7.8,,1015.3,,ARES
2018-07-19,18.6,17.0,20.8,0.0,,357.0,11.1,,1018.3,,ARES
2018-07-20,18.8,16.6,22.1,0.0,,354.0,13.4,,1020.7,,ARES
2018-07-21,18.4,15.8,22.2,0.0,,269.0,8.0,,1019.3,,ARES
2018-07-22,19.3,17.1,21.1,0.0,,357.0,10.5,,1017.6,,ARES
2018-07-23,20.3,17.6,24.7,0.0,,2.0,8.7,,1015.4,,ARES
2018-07-24,19.9,18.2,23.1,0.0,,296.0,8.2,,1017.0,,ARES
2018-07-25,20.1,17.8,23.7,0.0,,349.0,8.3,,1016.4,,ARES
2018-07-26,20.8,19.1,23.8,0.0,,266.0,10.5,,1015.8,,ARES
2018-07-27,20.4,18.0,23.7,0.6,,234.0,12.3,,1015.0,,ARES
2018-07-28,18.3,16.4,22.1,0.0,,275.0,9.9,,1017.1,,ARES
2018-07-29,19.0,15.6,22.6,0.0,,194.0,15.2,,1016.2,,ARES
2018-07-30,19.3,17.7,21.8,3.6,,218.0,11.9,,1017.1,,ARES
2018-07-31,18.7,17.0,21.3,0.0,,295.0,10.1,,1021.0,,ARES
2018-08-01,19.5,15.8,22.5,0.0,,25.0,11.8,,1019.9,,ARES
2018-08-02,23.6,18.2,28.9,0.0,,29.0,7.1,,1016.2,,ARES
2018-08-03,22.4,19.5,27.6,0.0,,296.0,6.8,,1017.6,,ARES
2018-08-04,20.4,18.6,22.3,0.0,,352.0,7.9,,1020.2,,ARES
2018-08-05,24.3,19.0,29.8,0.0,,5.0,5.9,,1017.2,,ARES
2018-08-06,21.2,16.6,24.4,0.2,,257.0,8.3,,1014.6,,ARES
2018-08-07,19.3,16.4,22.8,0.0,,293.0,11.0,,1017.2,,ARES
2018-08-08,18.0,15.6,22.3,24.6,,295.0,7.7,,1016.4,,ARES
2018-08-09,18.1,15.6,21.0,0.4,,329.0,10.2,,1022.2,,ARES
2018-08-10,17.7,13.7,20.8,0.0,,20.0,9.4,,1025.3,,ARES
2018-08-11,19.3,14.9,23.2,0.0,,346.0,7.1,,1022.6,,ARES
2018-08-12,19.3,17.2,24.5,3.4,,241.0,10.8,,1017.7,,ARES
2018-08-13,18.8,16.9,21.8,0.2,,268.0,11.5,,1018.9,,ARES
2018-08-14,20.1,18.3,22.7,0.0,,25.0,11.6,,1021.1,,ARES
2018-08-15,20.4,17.2,25.3,0.0,,26.0,9.9,,1018.0,,ARES
2018-08-16,19.3,17.3,22.3,0.0,,0.0,13.5,,1020.0,,ARES
2018-08-17,18.9,16.8,22.5,0.0,,28.0,19.1,,1023.7,,ARES
2018-08-18,20.0,17.3,24.5,0.0,,43.0,14.9,,1021.8,,ARES
2018-08-19,20.7,16.9,27.1,0.0,,43.0,9.4,,1021.1,,ARES
2018-08-20,20.6,17.2,24.6,0.0,,27.0,7.8,,1020.3,,ARES
2018-08-21,22.4,17.4,27.7,0.0,,35.0,6.0,,1016.5,,ARES
2018-08-22,21.4,18.9,25.3,0.0,,351.0,6.3,,1016.3,,ARES
2018-08-23,19.2,17.5,21.5,0.0,,358.0,9.3,,1020.3,,ARES
2018-08-24,18.2,16.3,20.6,0.0,,12.0,14.3,,1023.4,,ARES
2018-08-25,17.9,14.7,21.5,0.0,,18.0,9.2,,1021.9,,ARES
2018-08-26,18.9,14.8,22.4,0.0,,345.0,6.6,,1018.1,,ARES
2018-08-27,19.7,18.0,21.8,0.8,,14.0,8.0,,1016.0,,ARES
2018-08-28,20.8,17.1,27.9,3.4,,235.0,8.6,,1014.4,,ARES
2018-08-29,18.1,16.1,21.4,0.0,,291.0,9.9,,1022.4,,ARES
2018-08-30,18.4,15.4,21.2,0.0,,10.0,10.8,,1023.1,,ARES
2018-08-31,19.1,16.2,22.1,0.0,,19.0,10.0,,1021.1,,ARES
2018-09-01,22.7,17.8,28.8,0.0,,46.0,7.4,,1017.6,,ARES
2018-09-02,23.6,19.5,31.9,0.6,,123.0,5.8,,1013.6,,ARES
2018-09-03,21.5,18.9,26.4,0.0,,53.0,11.7,,1013.2,,ARES
2018-09-04,18.0,16.4,20.3,0.4,,30.0,15.7,,1015.3,,ARES
2018-09-05,17.3,15.7,20.4,0.6,,22.0,15.8,,1017.3,,ARES
2018-09-06,18.1,16.0,21.6,0.0,,27.0,17.3,,1019.5,,ARES
2018-09-07,19.6,16.2,24.8,0.0,,46.0,14.1,,1017.5,,ARES
2018-09-08,20.6,16.2,26.4,0.0,,88.0,7.1,,1015.8,,ARES
2018-09-09,18.1,15.5,22.8,0.0,,315.0,7.2,,1021.1,,ARES
2018-09-10,18.0,14.6,22.9,0.0,,6.0,6.0,,1024.3,,ARES
2018-09-11,18.0,14.1,24.2,0.0,,338.0,5.7,,1022.5,,ARES
2018-09-12,17.8,16.3,21.3,0.0,,335.0,7.4,,1022.7,,ARES
2018-09-13,17.8,15.7,21.2,0.0,,16.0,9.2,,1023.0,,ARES
2018-09-14,17.1,15.8,18.9,0.0,,20.0,13.3,,1021.4,,ARES
2018-09-15,19.3,16.0,23.7,0.0,,12.0,8.4,,1019.8,,ARES
2018-09-16,17.9,15.6,21.7,0.0,,326.0,6.5,,1021.1,,ARES
2018-09-17,19.0,15.0,26.9,0.0,,198.0,8.1,,1015.9,,ARES
2018-09-18,20.5,17.9,23.6,0.0,,232.0,8.8,,1017.5,,ARES
2018-09-19,18.8,15.1,23.7,0.0,,208.0,7.6,,1021.4,,ARES
2018-09-20,19.2,14.3,23.7,0.8,,204.0,8.4,,1020.5,,ARES
2018-09-21,18.6,16.7,20.7,2.6,,226.0,9.1,,1021.1,,ARES
2018-09-22,19.7,16.1,23.5,0.0,,214.0,7.5,,1023.6,,ARES
2018-09-23,19.7,17.6,22.9,0.2,,279.0,5.9,,1025.9,,ARES
2018-09-24,17.8,15.1,21.2,0.0,,42.0,19.4,,1027.2,,ARES
2018-09-25,17.7,14.3,23.2,0.0,,66.0,14.7,,1023.8,,ARES
2018-09-26,20.7,14.1,26.6,0.0,,93.0,7.3,,1022.3,,ARES
2018-09-27,19.2,17.7,22.1,0.0,,186.0,6.1,,1025.1,,ARES
2018-09-28,17.2,15.5,18.7,0.0,,10.0,5.8,18.5,1022.6,,ARES
2018-09-29,17.9,15.9,21.9,0.0,,117.0,5.7,16.7,1017.7,,ARES
2018-09-30,17.0,15.2,20.1,0.0,,52.0,9.3,27.8,1020.0,,ARES
2018-10-01,17.1,14.9,20.8,0.0,,45.0,17.9,40.8,1025.8,,ARES
2018-10-02,16.7,13.5,21.8,0.0,,58.0,12.6,31.5,1025.4,,ARES
2018-10-03,18.3,12.9,23.5,0.0,,105.0,6.7,20.4,1022.9,,ARES
2018-10-04,18.8,15.0,25.8,0.0,,204.0,5.9,16.7,1019.4,,ARES
2018-10-05,16.2,13.5,19.1,0.0,,228.0,6.9,20.4,1016.8,,ARES
2018-10-06,15.2,13.1,17.3,3.0,,264.0,13.8,31.5,1019.4,,ARES
2018-10-07,14.2,10.9,18.1,0.0,,41.0,13.6,37.0,1024.6,,ARES
2018-10-08,14.8,10.1,19.8,0.0,,73.0,9.1,24.1,1019.4,,ARES
2018-10-09,16.4,12.7,22.7,0.0,,138.0,6.9,18.5,1011.7,,ARES
2018-10-10,18.8,13.8,24.1,7.8,,173.0,9.6,25.9,1003.5,,ARES
2018-10-11,17.7,15.0,20.5,0.0,,204.0,14.5,31.5,1006.0,,ARES
2018-10-12,20.2,17.7,22.6,0.0,,177.0,22.4,48.2,1012.0,,ARES
2018-10-13,19.6,12.5,26.1,23.2,,199.0,20.0,42.6,1011.1,,ARES
2018-10-14,14.1,11.8,17.1,4.4,,276.0,12.3,29.6,1011.5,,ARES
2018-10-15,15.4,12.9,20.2,0.8,,139.0,13.2,38.9,1005.7,,ARES
2018-10-16,15.3,11.8,19.1,0.0,,121.0,6.0,16.7,1016.4,,ARES
2018-10-17,14.4,13.3,16.1,10.2,,234.0,8.6,24.1,1017.5,,ARES
2018-10-18,15.6,14.2,17.3,0.0,,29.0,18.2,37.0,1016.7,,ARES
2018-10-19,16.9,15.0,19.8,0.0,,33.0,17.7,37.0,1019.6,,ARES
2018-10-20,17.4,14.9,21.5,0.0,,44.0,15.8,33.3,1022.0,,ARES
2018-10-21,17.6,14.9,21.1,0.0,,65.0,9.3,25.9,1021.3,,ARES
2018-10-22,17.2,14.7,20.3,0.0,,51.0,16.3,38.9,1025.7,,ARES
2018-10-23,17.8,14.2,21.5,0.0,,64.0,14.7,33.3,1027.2,,ARES
2018-10-24,15.9,12.6,21.0,0.0,,98.0,6.8,18.5,1026.4,,ARES
2018-10-25,15.2,11.5,21.1,0.0,,131.0,5.5,16.7,1020.0,,ARES
2018-10-26,14.3,12.7,17.8,0.8,,66.0,11.6,35.2,1017.5,,ARES
2018-10-27,10.6,7.1,13.3,11.0,,8.0,20.3,37.0,1018.5,,ARES
2018-10-28,10.3,7.0,12.0,11.2,,19.0,22.1,38.9,1013.7,,ARES
2018-10-29,10.3,7.6,13.4,8.2,,272.0,13.7,29.6,1009.1,,ARES
2018-10-30,11.5,9.8,13.3,11.6,,260.0,16.4,31.5,999.6,,ARES
2018-10-31,11.6,8.4,14.7,0.4,,245.0,9.9,33.3,1005.4,,ARES
2018-11-01,13.0,10.0,15.3,2.0,,211.0,13.1,35.2,1015.6,,ARES
2018-11-02,14.2,13.5,15.4,0.0,,260.0,11.3,35.2,1023.5,,ARES
2018-11-03,13.6,12.8,14.2,1.8,,193.0,6.3,14.8,1024.0,,ARES
2018-11-04,13.5,11.9,15.5,36.2,,179.0,14.0,35.2,1008.1,,ARES
2018-11-05,12.2,10.2,14.4,1.0,,286.0,23.8,40.8,1003.5,,ARES
2018-11-06,13.3,10.9,15.8,27.0,,200.0,19.7,48.2,1003.5,,ARES
2018-11-07,12.4,10.1,15.1,2.2,,226.0,18.1,46.3,1009.6,,ARES
2018-11-08,11.4,10.0,13.1,12.0,,180.0,15.9,33.3,1010.4,,ARES
2018-11-09,13.1,9.6,16.6,36.6,,195.0,20.8,50.0,1011.3,,ARES
2018-11-10,15.1,13.1,17.5,1.4,,222.0,22.4,48.2,1006.0,,ARES
2018-11-11,13.7,10.7,15.2,0.0,,219.0,14.7,37.0,1007.1,,ARES
2018-11-12,12.1,9.5,16.6,0.0,,196.0,8.1,18.5,1016.2,,ARES
2018-11-13,11.0,7.1,15.5,0.0,,139.0,5.6,14.8,1024.8,,ARES
2018-11-14,14.2,9.4,21.3,0.0,,153.0,6.0,16.7,1019.1,,ARES
2018-11-15,15.9,12.6,21.4,0.0,,128.0,6.5,16.7,1016.1,,ARES
2018-11-16,16.9,13.9,21.9,0.0,,150.0,7.1,18.5,1015.7,,ARES
2018-11-17,16.8,12.9,21.1,0.0,,130.0,8.9,20.4,1010.6,,ARES
2018-11-18,14.7,12.2,17.3,0.0,,86.0,8.5,25.9,1004.2,,ARES
2018-11-19,13.5,10.5,17.8,13.0,,106.0,5.5,16.7,1003.1,,ARES
2018-11-20,10.9,9.0,13.2,1.8,,69.0,10.0,27.8,1001.8,,ARES
2018-11-21,10.4,8.3,13.9,8.6,,163.0,11.5,33.3,1005.5,,ARES
2018-11-22,10.3,8.6,13.5,9.8,,169.0,15.2,33.3,1009.3,,ARES
2018-11-23,10.6,8.1,13.5,3.6,,195.0,12.3,27.8,1011.6,,ARES
2018-11-24,10.8,9.2,11.7,48.4,,153.0,9.8,25.9,1010.2,,ARES
2018-11-25,9.2,6.5,11.3,18.2,,154.0,7.3,22.2,1010.1,,ARES
2018-11-26,11.4,9.3,13.5,0.0,,264.0,14.0,38.9,1017.7,,ARES
2018-11-27,12.5,10.1,14.4,0.0,,177.0,14.6,35.2,1020.4,,ARES
2018-11-28,14.0,13.0,15.7,5.6,,181.0,21.3,53.7,1016.5,,ARES
2018-11-29,13.8,11.7,16.0,2.2,,208.0,18.7,59.3,1014.0,,ARES
2018-11-30,12.6,11.3,14.9,0.2,,214.0,11.7,24.1,1021.7,,ARES
2018-12-01,15.2,13.3,16.5,0.0,,205.0,18.8,38.9,1020.3,,ARES
2018-12-02,16.3,15.7,17.6,17.4,,202.0,20.2,44.5,1018.6,,ARES
2018-12-03,16.3,15.4,17.1,9.4,,210.0,13.8,38.9,1019.7,,ARES
2018-12-04,15.2,12.3,18.3,0.0,,178.0,6.4,16.7,1021.3,,ARES
2018-12-05,14.3,12.0,17.1,0.2,,188.0,13.9,35.2,1023.5,,ARES
2018-12-06,13.6,11.8,16.8,0.0,,205.0,9.6,20.4,1029.8,,ARES
2018-12-07,13.4,11.0,15.2,2.0,,231.0,15.6,37.0,1028.8,,ARES
2018-12-08,12.7,10.2,15.5,0.8,,205.0,10.3,25.9,1031.4,,ARES
2018-12-09,12.9,9.3,14.5,0.0,,262.0,7.5,22.2,1033.2,,ARES
2018-12-10,11.2,7.7,15.4,0.0,,115.0,6.0,16.7,1029.2,,ARES
2018-12-11,12.9,10.1,17.3,1.2,,206.0,9.8,22.2,1022.5,,ARES
2018-12-12,11.1,7.9,14.1,5.0,,174.0,11.3,44.5,1018.3,,ARES
2018-12-13,11.4,10.2,14.0,1.6,,268.0,24.0,46.3,1012.8,,ARES
2018-12-14,11.8,9.7,14.3,1.8,,203.0,12.8,38.9,1022.2,,ARES
2018-12-15,14.6,12.0,17.8,11.6,,209.0,19.8,48.2,1017.8,,ARES
2018-12-16,11.1,10.1,12.4,5.8,,218.0,14.9,37.0,1019.3,,ARES
2018-12-17,11.7,10.0,13.0,0.0,,175.0,14.9,37.0,1024.1,,ARES
2018-12-18,11.8,9.7,13.6,31.2,,192.0,21.2,51.8,1013.5,,ARES
2018-12-19,11.3,9.5,13.6,3.8,,224.0,18.2,40.8,1019.8,,ARES
2018-12-20,13.6,11.9,15.2,0.0,,207.0,15.1,40.8,1023.0,,ARES
2018-12-21,16.1,14.2,18.0,0.0,,206.0,19.7,44.5,1025.0,,ARES
2018-12-22,15.4,12.6,16.7,0.0,,189.0,12.4,33.3,1028.8,,ARES
2018-12-23,14.2,12.0,17.6,0.0,,165.0,7.4,18.5,1028.1,,ARES
2018-12-24,12.3,10.5,16.0,0.0,,161.0,6.1,14.8,1029.1,,ARES
2018-12-25,11.8,9.4,16.7,0.0,,173.0,5.9,14.8,1026.9,,ARES
2018-12-26,12.9,8.6,18.1,0.6,,166.0,7.3,16.7,1026.7,,ARES
2018-12-27,13.6,11.9,15.5,0.2,,169.0,7.6,16.7,1026.8,,ARES
2018-12-28,13.2,11.9,14.4,0.2,,64.0,7.5,20.4,1031.6,,ARES
2018-12-29,11.3,7.9,14.3,0.0,,57.0,9.9,22.2,1032.6,,ARES
2018-12-30,9.5,6.0,14.8,0.0,,121.0,5.7,18.5,1031.0,,ARES
2018-12-31,10.2,6.7,16.4,0.0,,160.0,6.4,18.5,1031.2,,ARES
2019-01-01,8.9,5.1,13.9,0.0,,165.0,5.2,14.8,1033.2,,ARES
2019-01-02,8.7,6.0,12.3,0.0,,83.0,10.2,27.8,1033.4,,ARES
2019-01-03,8.3,4.6,13.6,0.0,,110.0,6.9,20.4,1029.1,,ARES
2019-01-04,7.9,3.3,14.4,0.0,,153.0,6.6,16.7,1031.3,,ARES
2019-01-05,7.3,3.6,12.8,0.0,,164.0,5.3,14.8,1035.2,,ARES
2019-01-06,7.8,3.7,13.9,0.0,,109.0,7.1,18.5,1034.5,,ARES
2019-01-07,7.7,4.4,12.2,0.0,,85.0,9.2,24.1,1034.2,,ARES
2019-01-08,8.4,4.7,12.6,0.0,,73.0,11.1,25.9,1033.5,,ARES
2019-01-09,9.8,7.4,13.1,0.0,,62.0,12.6,29.6,1029.3,,ARES
2019-01-10,9.9,8.1,12.1,0.0,,65.0,17.9,37.0,1026.0,,ARES
2019-01-11,9.1,7.1,12.1,0.0,,72.0,15.9,33.3,1030.4,,ARES
2019-01-12,9.4,7.3,11.2,0.0,,70.0,12.8,29.6,1034.3,,ARES
2019-01-13,10.8,9.1,12.1,0.0,,65.0,9.8,20.4,1033.1,,ARES
2019-01-14,10.9,7.8,12.9,0.0,,72.0,9.0,22.2,1027.8,,ARES
2019-01-15,9.4,6.3,14.3,0.2,,141.0,6.7,18.5,1021.3,,ARES
2019-01-16,11.1,10.1,13.1,5.2,,239.0,11.1,24.1,1018.5,,ARES
2019-01-17,9.9,7.7,12.4,6.8,,316.0,8.6,20.4,1023.2,,ARES
2019-01-18,9.2,7.6,11.8,4.8,,184.0,10.2,29.6,1019.6,,ARES
2019-01-19,11.2,9.6,13.6,20.6,,199.0,14.7,37.0,1011.0,,ARES
2019-01-20,11.3,10.1,12.6,1.6,,347.0,18.5,33.3,1020.3,,ARES
2019-01-21,10.6,8.8,12.6,1.6,,359.0,10.5,24.1,1026.3,,ARES
2019-01-22,10.6,9.4,11.4,10.2,,281.0,20.0,44.5,1021.7,,ARES
2019-01-23,12.1,11.3,12.8,8.0,,303.0,28.0,53.7,1017.7,,ARES
2019-01-24,12.0,11.4,12.7,1.6,,346.0,19.9,35.2,1020.5,,ARES
2019-01-25,11.3,9.0,12.6,0.0,,34.0,12.3,24.1,1025.0,,ARES
2019-01-26,9.7,6.1,13.2,3.8,,169.0,8.8,29.6,1022.3,,ARES
2019-01-27,11.1,9.8,12.7,3.2,,296.0,21.2,38.9,1022.3,,ARES
2019-01-28,11.4,10.5,13.1,1.4,,287.0,18.7,42.6,1023.5,,ARES
2019-01-29,10.6,8.4,12.3,4.6,,258.0,23.4,53.7,1017.1,,ARES
2019-01-30,10.5,8.2,13.2,20.0,,224.0,17.7,42.6,1009.2,,ARES
2019-01-31,12.1,8.9,13.7,15.6,,248.0,26.8,50.0,996.7,,ARES
2019-02-01,8.4,6.2,10.7,16.2,,263.0,31.2,57.4,991.6,,ARES
2019-02-02,8.7,6.2,10.9,0.6,,325.0,20.5,48.2,1017.7,,ARES
2019-02-03,7.9,4.2,12.1,0.0,,158.0,7.2,20.4,1029.1,,ARES
2019-02-04,10.9,7.8,13.6,0.0,,180.0,12.8,29.6,1028.7,,ARES
2019-02-05,12.8,11.2,15.3,0.0,,185.0,8.9,22.2,1029.2,,ARES
2019-02-06,12.2,10.0,13.8,2.8,,182.0,11.0,27.8,1025.6,,ARES
2019-02-07,11.3,9.6,14.2,0.0,,231.0,9.8,25.9,1025.7,,ARES
2019-02-08,11.8,9.2,13.9,0.4,,195.0,17.6,44.5,1020.4,,ARES
2019-02-09,13.4,12.2,14.7,9.0,,198.0,17.3,48.2,1017.9,,ARES
2019-02-10,11.8,9.6,14.4,0.0,,262.0,19.3,53.7,1019.8,,ARES
2019-02-11,9.9,6.6,13.1,0.0,,113.0,6.8,20.4,1031.2,,ARES
2019-02-12,9.8,6.0,15.4,0.0,,166.0,6.4,16.7,1031.0,,ARES
2019-02-13,11.9,6.9,18.0,0.0,,185.0,6.6,16.7,1028.9,,ARES
2019-02-14,15.1,9.6,22.1,0.0,,153.0,8.0,20.4,1025.0,,ARES
2019-02-15,15.4,12.3,20.6,0.0,,172.0,7.7,20.4,1024.9,,ARES
2019-02-16,13.5,8.4,19.9,0.0,,182.0,7.6,18.5,1022.8,,ARES
2019-02-17,11.3,9.0,13.7,18.6,,195.0,8.7,22.2,1019.0,,ARES
2019-02-18,10.1,8.5,12.7,0.4,,341.0,6.9,20.4,1020.4,,ARES
2019-02-19,9.1,5.3,12.7,0.0,,129.0,6.1,16.7,1021.9,,ARES
2019-02-20,11.1,7.1,16.1,0.0,,164.0,8.6,22.2,1021.2,,ARES
2019-02-21,14.4,9.5,19.8,0.0,,148.0,9.2,24.1,1023.1,,ARES
2019-02-22,16.8,12.0,23.4,0.0,,153.0,8.1,20.4,1026.5,,ARES
2019-02-23,15.2,12.8,18.8,0.0,,168.0,6.9,16.7,1029.5,,ARES
2019-02-24,15.6,11.1,22.0,0.0,,175.0,6.5,16.7,1029.5,,ARES
2019-02-25,15.8,11.3,23.0,0.0,,198.0,6.4,18.5,1029.6,,ARES
2019-02-26,15.8,10.8,24.2,0.0,,177.0,6.5,18.5,1025.4,,ARES
2019-02-27,14.7,11.2,17.2,0.0,,177.0,10.6,29.6,1026.1,,ARES
2019-02-28,12.6,9.4,16.6,0.0,,210.0,8.0,20.4,1031.0,,ARES
2019-03-01,14.1,11.9,17.5,0.0,,207.0,8.9,25.9,1027.3,,ARES
2019-03-02,14.6,11.5,18.7,0.0,,210.0,12.1,31.5,1026.1,,ARES
2019-03-03,14.7,12.0,17.7,8.6,,200.0,22.9,55.5,1016.4,,ARES
2019-03-04,11.7,9.6,14.6,0.0,,230.0,20.6,50.0,1018.1,,ARES
2019-03-05,13.3,10.3,16.6,15.2,,174.0,17.1,44.5,1008.6,,ARES
2019-03-06,11.6,9.4,14.2,4.6,,234.0,22.4,48.2,1000.2,,ARES
2019-03-07,10.9,8.9,13.3,2.4,,221.0,15.2,37.0,1012.6,,ARES
2019-03-08,12.2,9.0,14.8,0.0,,249.0,10.4,25.9,1024.3,,ARES
2019-03-09,14.3,12.7,16.6,0.0,,214.0,11.1,25.9,1030.3,,ARES
2019-03-10,13.2,11.4,15.6,0.8,,265.0,11.7,25.9,1032.6,,ARES
2019-03-11,11.7,8.6,14.8,0.0,,26.0,8.6,22.2,1033.2,,ARES
2019-03-12,10.6,7.7,15.9,6.0,,239.0,13.1,33.3,1028.1,,ARES
2019-03-13,10.4,9.3,12.8,0.6,,322.0,14.4,29.6,1034.3,,ARES
2019-03-14,11.2,9.4,13.1,0.0,,293.0,7.8,22.2,1034.6,,ARES
2019-03-15,11.8,8.8,14.6,0.0,,273.0,7.5,22.2,1030.0,,ARES
2019-03-16,10.5,5.8,14.0,8.6,,222.0,11.9,31.5,1021.5,,ARES
2019-03-17,10.8,8.4,12.5,0.0,,334.0,16.4,33.3,1024.2,,ARES
2019-03-18,10.1,7.3,13.1,0.1,,36.0,12.3,31.5,1030.6,,ARES
2019-03-19,10.8,8.5,13.2,0.0,,43.0,14.5,33.3,1031.4,,ARES
2019-03-20,12.6,10.2,16.5,0.0,,52.0,16.4,35.2,1031.1,,ARES
2019-03-21,12.2,7.8,17.4,0.0,,68.0,10.7,27.8,1028.0,,ARES
2019-03-22,12.3,8.6,17.6,0.0,,184.0,7.5,20.4,1026.5,,ARES
2019-03-23,13.1,8.2,18.2,0.0,,88.0,7.2,20.4,1025.7,,ARES
2019-03-24,13.9,10.0,20.3,0.0,,53.0,12.4,35.2,1025.3,,ARES
2019-03-25,13.4,10.7,17.6,0.0,,57.0,20.3,44.5,1025.0,,ARES
2019-03-26,13.5,10.6,18.2,0.0,,67.0,22.0,46.3,1022.2,,ARES
2019-03-27,14.0,9.3,20.0,0.0,,76.0,16.0,37.0,1024.6,,ARES
2019-03-28,13.8,9.2,18.9,0.0,,67.0,13.3,33.3,1026.7,,ARES
2019-03-29,14.1,9.7,18.9,0.0,,63.0,7.6,20.4,1022.0,,ARES
2019-03-30,12.4,9.4,15.8,0.0,,244.0,7.6,22.2,1018.5,,ARES
2019-03-31,12.6,7.9,18.5,0.0,,63.0,8.8,25.9,1014.5,,ARES
2019-04-01,13.4,10.5,18.4,0.0,,42.0,12.3,33.3,1014.3,,ARES
2019-04-02,12.2,10.1,14.2,1.0,,353.0,12.9,29.6,1019.5,,ARES
2019-04-03,10.1,8.4,12.1,2.2,,318.0,18.4,37.0,1015.5,,ARES
2019-04-04,9.2,7.0,11.8,7.4,,234.0,16.6,40.8,1003.8,,ARES
2019-04-05,8.4,5.8,11.0,15.0,,211.0,15.6,33.3,997.4,,ARES
2019-04-06,9.3,7.1,12.9,8.4,,243.0,17.9,35.2,999.9,,ARES
2019-04-07,10.4,7.9,14.1,15.8,,189.0,12.6,31.5,1007.6,,ARES
2019-04-08,12.1,9.8,16.2,9.4,,208.0,17.3,40.8,1009.8,,ARES
2019-04-09,11.4,8.7,15.4,8.4,,226.0,19.3,38.9,1010.8,,ARES
2019-04-10,12.4,10.5,14.9,0.0,,314.0,18.2,40.8,1018.4,,ARES
2019-04-11,11.4,7.1,14.6,0.0,,49.0,9.3,27.8,1022.9,,ARES
2019-04-12,12.1,7.5,16.3,0.0,,86.0,7.8,20.4,1020.9,,ARES
2019-04-13,15.9,11.9,20.9,0.0,,163.0,7.6,24.1,1018.4,,ARES
2019-04-14,18.1,14.7,22.5,0.8,,194.0,9.5,25.9,1015.7,,ARES
2019-04-15,14.9,11.5,18.2,1.2,,212.0,13.0,31.5,1011.7,,ARES
2019-04-16,14.2,9.8,19.8,0.0,,172.0,8.8,20.4,1015.7,,ARES
2019-04-17,14.6,12.6,18.7,7.2,,156.0,7.6,22.2,1007.4,,ARES
2019-04-18,14.1,11.6,16.9,0.0,,73.0,10.1,25.9,1012.9,,ARES
2019-04-19,14.9,12.5,18.6,0.0,,34.0,17.9,35.2,1019.1,,ARES
2019-04-20,14.5,11.8,18.7,0.0,,29.0,16.2,37.0,1022.1,,ARES
2019-04-21,14.3,11.4,17.6,0.0,,19.0,12.5,31.5,1016.6,,ARES
2019-04-22,13.6,10.4,17.7,0.4,,196.0,9.3,24.1,1002.0,,ARES
2019-04-23,10.6,8.0,14.2,13.4,,218.0,14.3,29.6,996.2,,ARES
2019-04-24,10.0,7.9,13.6,11.6,,195.0,17.1,42.6,995.6,,ARES
2019-04-25,10.9,8.1,14.0,8.2,,230.0,24.1,50.0,1004.4,,ARES
2019-04-26,12.5,10.1,15.2,0.0,,257.0,18.9,42.6,1024.1,,ARES
2019-04-27,12.7,10.6,14.6,1.8,,270.0,10.2,22.2,1029.2,,ARES
2019-04-28,13.8,8.2,18.8,0.0,,40.0,8.1,22.2,1024.5,,ARES
2019-04-29,14.2,11.4,17.5,0.0,,222.0,8.0,24.1,1019.2,,ARES
2019-04-30,13.6,12.7,15.3,0.0,,298.0,9.7,27.8,1020.4,,ARES
2019-05-01,13.1,11.9,14.3,0.0,,17.0,21.2,40.8,1019.7,,ARES
2019-05-02,13.1,11.0,16.1,0.0,,39.0,22.7,40.8,1020.6,,ARES
2019-05-03,12.8,10.6,15.4,0.0,,30.0,16.3,33.3,1018.5,,ARES
2019-05-04,13.2,9.7,16.6,0.0,,38.0,15.9,37.0,1017.8,,ARES
2019-05-05,15.4,10.8,21.0,0.0,,59.0,11.2,27.8,1017.6,,ARES
2019-05-06,15.0,12.3,18.0,0.4,,218.0,8.1,24.1,1018.1,,ARES
2019-05-07,15.8,13.9,18.7,1.8,,181.0,13.6,40.8,1013.4,,ARES
2019-05-08,14.6,12.7,17.6,1.2,,228.0,25.9,55.5,1008.5,,ARES
2019-05-09,14.2,12.0,17.0,32.4,,205.0,14.3,40.8,1010.3,,ARES
2019-05-10,15.3,12.3,18.3,0.2,,235.0,15.0,33.3,1013.3,,ARES
2019-05-11,14.2,11.9,16.3,0.0,,300.0,11.3,31.5,1025.1,,ARES
2019-05-12,16.8,10.6,22.9,0.0,,62.0,9.0,24.1,1024.3,,ARES
2019-05-13,18.9,13.2,26.2,0.0,,77.0,8.6,24.1,1020.7,,ARES
2019-05-14,20.1,13.5,26.2,0.0,,94.0,7.2,18.5,1016.2,,ARES
2019-05-15,14.9,13.0,17.8,0.8,,260.0,9.2,24.1,1015.1,,ARES
2019-05-16,13.7,12.7,14.5,1.6,,277.0,17.6,42.6,1014.7,,ARES
2019-05-17,13.2,11.4,15.4,2.6,,300.0,23.6,44.5,1016.2,,ARES
2019-05-18,13.4,10.3,16.3,0.0,,286.0,17.2,33.3,1016.2,,ARES
2019-05-19,12.9,10.4,15.5,0.0,,286.0,9.2,27.8,1017.0,,ARES
2019-05-20,13.6,9.0,16.7,0.0,,42.0,7.1,20.4,1016.1,,ARES
2019-05-21,16.2,13.0,18.7,0.0,,50.0,8.1,25.9,1017.5,,ARES
2019-05-22,16.2,12.0,21.2,0.0,,231.0,8.5,22.2,1018.5,,ARES
2019-05-23,15.5,13.7,18.3,0.0,,254.0,10.7,25.9,1020.6,,ARES
2019-05-24,14.5,13.1,16.8,0.0,,8.0,13.9,35.2,1023.8,,ARES
2019-05-25,14.7,13.1,16.8,0.0,,17.0,15.8,35.2,1025.7,,ARES
2019-05-26,15.1,13.7,17.2,0.6,,1.0,11.0,27.8,1024.9,,ARES
2019-05-27,14.3,13.2,16.1,0.2,,340.0,14.1,37.0,1021.6,,ARES
2019-05-28,14.3,12.1,16.8,0.0,,22.0,15.5,37.0,1023.8,,ARES
2019-05-29,15.5,11.3,18.9,0.0,,25.0,10.5,29.6,1025.7,,ARES
2019-05-30,20.4,13.9,26.4,0.0,,18.0,6.5,20.4,1023.9,,ARES
2019-05-31,23.8,16.4,33.5,0.0,,157.0,7.1,22.2,1020.4,,ARES
2019-06-01,20.7,15.1,26.5,0.0,,254.0,8.0,24.1,1018.8,,ARES
2019-06-02,17.4,14.2,21.2,6.8,,261.0,9.4,24.1,1018.0,,ARES
2019-06-03,15.8,14.7,17.6,3.8,,319.0,9.5,22.2,1017.5,,ARES
2019-06-04,16.2,12.8,19.2,8.2,,250.0,16.2,33.3,1012.8,,ARES
2019-06-05,14.3,11.8,17.6,0.8,,267.0,15.5,31.5,1015.7,,ARES
2019-06-06,12.7,10.3,16.8,25.6,,177.0,17.2,48.2,1007.3,,ARES
2019-06-07,14.4,10.8,17.6,0.0,,264.0,22.0,50.0,1015.9,,ARES
2019-06-08,13.3,10.4,15.8,0.6,,24.0,8.9,25.9,1023.5,,ARES
2019-06-09,14.2,11.9,17.2,0.0,,22.0,8.6,27.8,1021.9,,ARES
2019-06-10,14.6,10.8,17.7,3.4,,325.0,8.3,25.9,1022.1,,ARES
2019-06-11,14.4,11.9,16.7,0.2,,351.0,15.6,35.2,1021.2,,ARES
2019-06-12,14.6,12.8,17.9,0.0,,311.0,11.0,25.9,1017.7,,ARES
2019-06-13,14.3,11.2,16.7,0.0,,305.0,7.6,25.9,1013.8,,ARES
2019-06-14,14.9,10.3,18.8,0.8,,247.0,8.9,25.9,1015.5,,ARES
2019-06-15,15.6,12.7,18.2,0.0,,248.0,13.1,29.6,1020.8,,ARES
2019-06-16,15.8,12.0,18.4,0.0,,358.0,8.6,27.8,1021.1,,ARES
2019-06-17,15.9,13.5,18.1,9.4,,17.0,7.1,20.4,1017.1,,ARES
2019-06-18,17.5,14.4,20.0,1.8,,144.0,9.7,25.9,1010.6,,ARES
2019-06-19,16.9,15.5,18.9,0.0,,265.0,10.6,24.1,1014.5,,ARES
2019-06-20,16.1,14.6,17.9,0.0,,6.0,13.1,35.2,1018.5,,ARES
2019-06-21,17.0,13.1,19.8,0.0,,19.0,11.8,33.3,1019.7,,ARES
2019-06-22,19.1,15.0,22.8,0.0,,151.0,8.5,24.1,1013.9,,ARES
2019-06-23,20.1,16.7,23.7,0.0,,192.0,10.6,25.9,1011.5,,ARES
2019-06-24,18.1,16.4,20.5,0.0,,9.0,7.2,22.2,1014.6,,ARES
2019-06-25,19.1,15.9,23.2,0.4,,30.0,7.0,24.1,1016.9,,ARES
2019-06-26,18.6,16.8,22.3,0.0,,340.0,9.3,22.2,1015.8,,ARES
2019-06-27,18.5,16.4,22.4,0.0,,331.0,7.8,22.2,1017.5,,ARES
2019-06-28,18.2,14.5,21.5,0.0,,26.0,8.5,25.9,1019.4,,ARES
2019-06-29,18.1,16.6,20.8,0.0,,312.0,8.9,24.1,1018.6,,ARES
2019-06-30,16.9,16.5,17.6,0.0,,9.0,12.7,31.5,1020.8,,ARES
2019-07-01,17.3,16.4,18.7,0.0,,18.0,17.1,38.9,1022.5,,ARES
2019-07-02,16.8,15.8,18.4,0.0,,25.0,21.4,40.8,1019.9,,ARES
2019-07-03,19.3,15.8,23.2,0.0,,19.0,14.1,31.5,1014.6,,ARES
2019-07-04,19.4,17.1,22.9,0.0,,0.0,7.6,22.2,1014.2,,ARES
2019-07-05,18.5,16.0,21.7,0.0,,282.0,7.8,24.1,1017.2,,ARES
2019-07-06,19.2,17.2,21.5,0.0,,357.0,6.8,24.1,1016.5,,ARES
2019-07-07,18.1,16.5,20.1,0.0,,5.0,10.3,31.5,1016.8,,ARES
2019-07-08,17.5,16.5,19.6,0.0,,10.0,15.7,35.2,1016.7,,ARES
2019-07-09,17.8,16.1,20.3,0.0,,2.0,12.9,31.5,1019.1,,ARES
2019-07-10,19.2,15.3,25.1,0.0,,357.0,8.7,25.9,1017.8,,ARES
2019-07-11,18.7,16.3,22.1,0.0,,337.0,8.4,25.9,1017.3,,ARES
2019-07-12,19.5,16.2,24.0,0.0,,8.0,8.3,27.8,1017.3,,ARES
2019-07-13,21.4,19.0,26.2,0.6,,35.0,12.4,25.9,1016.0,,ARES
2019-07-14,19.1,17.2,21.5,0.0,,4.0,10.4,29.6,1017.0,,ARES
2019-07-15,17.9,16.5,20.6,0.0,,347.0,11.2,31.5,1017.5,,ARES
2019-07-16,17.3,16.1,19.1,0.0,,8.0,19.8,38.9,1018.6,,ARES
2019-07-17,17.4,15.5,20.2,0.0,,7.0,16.9,37.0,1019.7,,ARES
2019-07-18,18.8,14.9,23.3,0.0,,331.0,7.1,25.9,1020.1,,ARES
2019-07-19,19.3,16.9,22.5,0.0,,336.0,7.6,24.1,1017.0,,ARES
2019-07-20,20.2,17.7,23.4,0.0,,266.0,10.0,25.9,1018.0,,ARES
2019-07-21,19.1,16.5,22.3,0.0,,11.0,10.7,33.3,1022.3,,ARES
2019-07-22,20.9,17.3,24.9,0.0,,357.0,9.8,24.1,1019.8,,ARES
2019-07-23,19.9,17.7,23.8,0.0,,267.0,9.1,25.9,1016.2,,ARES
2019-07-24,21.4,17.3,25.1,0.0,,193.0,7.5,24.1,1014.6,,ARES
2019-07-25,20.9,18.4,23.4,0.2,,211.0,12.7,31.5,1012.9,,ARES
2019-07-26,19.5,17.5,23.0,4.8,,256.0,11.9,27.8,1017.1,,ARES
2019-07-27,17.3,14.4,20.4,4.0,,48.0,10.6,31.5,1012.9,,ARES
2019-07-28,18.8,14.1,22.9,0.0,,28.0,7.9,22.2,1013.7,,ARES
2019-07-29,19.1,16.8,22.2,1.4,,236.0,20.1,42.6,1014.0,,ARES
2019-07-30,18.4,16.3,21.4,0.0,,283.0,12.2,27.8,1021.7,,ARES
2019-07-31,17.8,14.0,21.6,0.0,,40.0,10.8,33.3,1019.7,,ARES
2019-08-01,18.9,17.3,21.1,0.0,,18.0,14.6,37.0,1016.9,,ARES
2019-08-02,19.8,16.2,23.7,0.0,,350.0,7.7,24.1,1018.0,,ARES
2019-08-03,20.3,18.5,22.8,0.0,,260.0,8.3,24.1,1017.0,,ARES
2019-08-04,20.2,18.3,23.2,0.0,,290.0,9.1,24.1,1017.8,,ARES
2019-08-05,20.3,16.7,25.3,0.0,,231.0,8.4,24.1,1017.2,,ARES
2019-08-06,20.4,19.2,23.0,0.0,,243.0,7.3,24.1,1014.9,,ARES
2019-08-07,21.2,18.6,24.4,1.8,,177.0,10.7,29.6,1011.7,,ARES
2019-08-08,22.8,20.1,26.6,5.2,,181.0,16.0,38.9,1008.2,,ARES
2019-08-09,21.6,18.6,24.6,0.0,,214.0,21.2,44.5,1011.3,,ARES
2019-08-10,19.7,17.6,22.8,0.0,,245.0,13.3,29.6,1020.2,,ARES
2019-08-11,18.4,16.6,21.4,1.8,,245.0,11.9,31.5,1021.0,,ARES
2019-08-12,17.9,15.5,20.9,0.0,,299.0,11.1,25.9,1024.6,,ARES
2019-08-13,17.6,13.8,21.1,0.0,,18.0,8.4,29.6,1024.5,,ARES
2019-08-14,19.1,16.7,22.7,0.4,,240.0,9.1,25.9,1022.0,,ARES
2019-08-15,19.1,16.9,21.9,0.0,,336.0,7.7,25.9,1023.1,,ARES
2019-08-16,20.3,16.2,24.3,0.0,,232.0,9.8,27.8,1019.6,,ARES
2019-08-17,22.7,20.5,26.3,17.4,,204.0,14.2,33.3,1015.4,,ARES
2019-08-18,19.1,16.5,22.4,0.0,,305.0,11.6,27.8,1016.5,,ARES
2019-08-19,17.9,15.3,20.3,0.0,,22.0,12.7,37.0,1021.5,,ARES
2019-08-20,19.2,17.0,23.0,0.0,,32.0,18.6,38.9,1023.3,,ARES
2019-08-21,19.3,16.5,24.3,0.0,,35.0,15.7,38.9,1021.8,,ARES
2019-08-22,22.1,16.3,28.0,0.0,,41.0,8.1,25.9,1019.9,,ARES
2019-08-23,22.7,18.3,30.3,0.0,,193.0,8.1,22.2,1016.9,,ARES
2019-08-24,19.3,17.4,23.4,0.0,,275.0,8.6,24.1,1019.0,,ARES
2019-08-25,19.3,17.1,21.4,0.0,,23.0,10.0,31.5,1017.6,,ARES
2019-08-26,19.2,17.7,22.0,0.0,,16.0,11.9,31.5,1016.1,,ARES
2019-08-27,19.3,17.7,21.9,0.0,,348.0,9.0,24.1,1017.6,,ARES
2019-08-28,19.6,17.5,22.6,0.0,,309.0,7.3,24.1,1018.8,,ARES
2019-08-29,18.8,15.8,22.2,0.0,,24.0,8.1,29.6,1020.5,,ARES
2019-08-30,20.3,16.6,24.5,0.0,,5.0,6.9,22.2,1020.0,,ARES
2019-08-31,19.3,18.0,21.1,0.8,,300.0,9.2,25.9,1019.4,,ARES
2019-09-01,17.7,15.5,19.8,0.0,,27.0,17.3,42.6,1021.3,,ARES
2019-09-02,19.7,16.9,24.4,0.0,,46.0,21.3,40.8,1022.4,,ARES
2019-09-03,20.5,15.9,26.3,0.0,,52.0,9.0,29.6,1021.5,,ARES
2019-09-04,17.7,16.0,19.4,0.0,,24.0,15.8,38.9,1024.2,,ARES
2019-09-05,17.7,15.8,21.2,0.0,,41.0,22.0,44.5,1027.1,,ARES
2019-09-06,18.3,15.8,22.5,0.0,,46.0,21.7,42.6,1025.1,,ARES
2019-09-07,16.9,15.4,20.6,0.0,,34.0,19.6,38.9,1024.6,,ARES
2019-09-08,17.0,15.4,21.6,0.0,,27.0,16.5,37.0,1021.3,,ARES
2019-09-09,16.7,14.4,21.0,1.0,,348.0,9.6,24.1,1020.1,,ARES
2019-09-10,16.3,14.7,18.6,0.0,,357.0,14.9,35.2,1024.4,,ARES
2019-09-11,16.2,13.6,18.7,0.0,,29.0,12.8,35.2,1028.2,,ARES
2019-09-12,18.4,14.1,23.3,0.0,,44.0,9.0,25.9,1028.0,,ARES
2019-09-13,20.4,16.3,25.4,0.0,,55.0,12.5,33.3,1025.9,,ARES
2019-09-14,19.1,16.7,24.4,0.0,,41.0,11.2,29.6,1023.4,,ARES
2019-09-15,18.3,16.2,22.9,0.0,,21.0,9.2,27.8,1021.0,,ARES
2019-09-16,18.6,16.7,23.2,0.0,,12.0,9.0,27.8,1019.6,,ARES
2019-09-17,20.5,17.6,24.6,0.0,,54.0,5.9,18.5,1017.2,,ARES
2019-09-18,20.3,17.7,25.8,0.0,,66.0,6.2,20.4,1016.7,,ARES
2019-09-19,18.8,13.9,24.9,1.0,,68.0,6.6,20.4,1016.9,,ARES
2019-09-20,16.6,13.9,20.0,0.4,,215.0,5.7,18.5,1013.5,,ARES
2019-09-21,19.1,16.8,21.5,0.0,,174.0,12.9,31.5,1006.4,,ARES
2019-09-22,18.5,16.1,22.1,0.0,,223.0,15.3,33.3,1012.7,,ARES
2019-09-23,18.5,16.9,19.9,6.6,,184.0,17.1,38.9,1016.0,,ARES
2019-09-24,18.8,16.3,20.7,0.4,,233.0,19.0,38.9,1016.6,,ARES
2019-09-25,18.1,15.9,21.4,0.0,,230.0,13.8,31.5,1019.8,,ARES
2019-09-26,19.7,17.0,23.6,3.8,,212.0,13.6,33.3,1019.5,,ARES
2019-09-27,18.1,15.5,21.1,3.0,,238.0,12.2,27.8,1020.8,,ARES
2019-09-28,16.6,12.9,20.9,0.0,,207.0,7.3,20.4,1021.1,,ARES
2019-09-29,18.5,16.0,21.3,2.6,,205.0,14.1,33.3,1017.1,,ARES
2019-09-30,20.9,18.4,24.8,0.2,,204.0,10.3,27.8,1016.3,,ARES
2019-10-01,18.8,16.6,22.0,0.2,,235.0,15.5,37.0,1016.2,,ARES
2019-10-02,17.1,14.4,20.1,0.0,,266.0,9.6,22.2,1021.4,,ARES
2019-10-03,17.6,13.4,22.0,0.2,,182.0,8.7,25.9,1020.1,,ARES
2019-10-04,17.4,13.9,19.9,0.0,,267.0,8.0,20.4,1020.0,,ARES
2019-10-05,17.3,13.7,21.5,3.6,,212.0,6.6,20.4,1019.5,,ARES
2019-10-06,16.8,15.1,19.6,0.0,,299.0,6.6,20.4,1022.5,,ARES
2019-10-07,18.3,13.4,22.3,1.0,,198.0,6.1,18.5,1021.6,,ARES
2019-10-08,17.9,15.2,20.9,5.8,,252.0,8.3,24.1,1020.4,,ARES
2019-10-09,16.3,14.1,19.8,0.0,,268.0,8.7,22.2,1023.7,,ARES
2019-10-10,15.9,12.5,20.2,0.0,,176.0,6.2,20.4,1022.4,,ARES
2019-10-11,16.2,13.8,19.3,0.0,,210.0,6.3,20.4,1017.1,,ARES
2019-10-12,18.6,15.7,22.3,12.8,,177.0,11.0,31.5,1011.3,,ARES
2019-10-13,15.3,13.3,18.6,26.4,,198.0,12.2,35.2,1009.0,,ARES
2019-10-14,13.6,12.4,15.2,23.8,,214.0,13.9,33.3,1010.0,,ARES
2019-10-15,15.2,12.8,17.1,7.2,,205.0,16.2,37.0,1016.6,,ARES
2019-10-16,16.8,14.9,19.2,22.8,,196.0,18.5,42.6,1011.6,,ARES
2019-10-17,15.8,13.8,18.7,1.6,,228.0,12.1,31.5,1014.4,,ARES
2019-10-18,15.2,13.6,17.2,10.6,,212.0,12.1,29.6,1014.9,,ARES
2019-10-19,13.3,12.3,14.0,9.8,,283.0,8.4,22.2,1007.8,,ARES
2019-10-20,14.4,12.5,16.2,3.6,,339.0,11.0,22.2,1012.6,,ARES
2019-10-21,12.1,10.1,14.7,1.4,,23.0,7.4,18.5,1019.1,,ARES
2019-10-22,12.8,8.3,17.4,0.8,,65.0,10.7,27.8,1019.3,,ARES
2019-10-23,14.7,13.1,16.5,1.6,,5.0,11.1,22.2,1014.5,,ARES
2019-10-24,15.9,14.1,17.8,3.4,,208.0,13.0,29.6,1016.0,,ARES
2019-10-25,16.8,14.3,20.6,0.0,,173.0,12.0,29.6,1019.5,,ARES
2019-10-26,18.3,15.1,22.3,0.0,,174.0,11.8,31.5,1016.2,,ARES
2019-10-27,19.7,16.7,23.2,0.0,,171.0,7.1,22.2,1016.9,,ARES
2019-10-28,18.8,16.9,21.2,0.0,,160.0,9.9,25.9,1014.4,,ARES
2019-10-29,19.2,17.2,22.2,2.2,,179.0,10.0,24.1,1015.9,,ARES
2019-10-30,18.7,16.7,22.1,0.0,,196.0,12.7,27.8,1018.3,,ARES
2019-10-31,18.9,16.5,21.4,3.6,,187.0,9.0,25.9,1021.6,,ARES
2019-11-01,19.2,16.3,20.9,12.4,,227.0,18.6,42.6,1015.5,,ARES
2019-11-02,15.5,14.3,16.6,6.4,,238.0,22.5,55.5,1007.7,,ARES
2019-11-03,14.9,12.1,16.9,10.0,,251.0,28.1,59.3,1006.2,,ARES
2019-11-04,13.9,11.0,16.9,17.2,,243.0,26.8,51.8,1006.0,,ARES
2019-11-05,13.9,12.5,15.9,4.0,,281.0,23.0,48.2,1013.1,,ARES
2019-11-06,13.7,12.0,15.7,5.2,,253.0,15.8,35.2,1015.8,,ARES
2019-11-07,11.2,9.0,12.4,17.0,,276.0,24.1,44.5,1014.5,,ARES
2019-11-08,12.3,9.3,14.5,0.8,,286.0,21.7,44.5,1019.7,,ARES
2019-11-09,13.2,11.1,15.3,2.4,,253.0,17.5,37.0,1020.9,,ARES
2019-11-10,11.2,9.6,12.9,14.4,,287.0,16.7,40.8,1022.3,,ARES
2019-11-11,13.4,11.1,15.0,1.6,,318.0,13.9,31.5,1021.3,,ARES
2019-11-12,13.2,10.5,15.5,27.2,,236.0,16.5,42.6,1015.1,,ARES
2019-11-13,12.6,9.5,14.5,8.0,,305.0,18.3,46.3,1013.0,,ARES
2019-11-14,10.6,8.0,12.7,8.2,,292.0,34.0,59.3,1006.4,,ARES
2019-11-15,9.9,8.1,11.5,14.6,,334.0,25.1,46.3,1011.8,,ARES
2019-11-16,10.6,8.7,12.6,6.4,,267.0,12.9,31.5,1015.9,,ARES
2019-11-17,11.9,10.8,13.7,3.2,,281.0,18.8,40.8,1014.1,,ARES
2019-11-18,10.9,8.7,14.1,2.0,,6.0,8.3,25.9,1019.1,,ARES
2019-11-19,10.1,8.1,11.8,2.4,,160.0,9.3,24.1,1014.3,,ARES
2019-11-20,10.2,9.1,12.0,6.8,,175.0,11.6,27.8,1005.9,,ARES
2019-11-21,11.3,9.0,15.1,5.2,,207.0,12.7,29.6,1003.8,,ARES
2019-11-22,12.6,10.7,15.2,16.8,,213.0,24.2,61.1,987.9,,ARES
2019-11-23,12.4,10.8,14.7,0.2,,284.0,25.4,57.4,1004.8,,ARES
2019-11-24,13.5,10.9,16.3,3.4,,202.0,17.0,42.6,1009.8,,ARES
2019-11-25,14.8,12.9,16.7,0.0,,217.0,16.8,40.8,1010.4,,ARES
2019-11-26,15.4,12.6,17.7,10.2,,214.0,23.1,48.2,1003.9,,ARES
2019-11-27,13.4,12.3,14.8,0.6,10.0,230.0,20.3,46.3,1007.9,,ARES
2019-11-28,13.2,12.2,15.3,17.8,,216.0,12.1,29.6,1011.0,,ARES
2019-11-29,14.6,11.9,16.5,4.8,,186.0,7.7,22.2,1017.1,,ARES
2019-11-30,14.1,11.3,17.0,2.6,,221.0,17.6,35.2,1012.9,,ARES
2019-12-01,11.6,10.1,13.6,1.2,,58.0,19.9,42.6,1013.5,,ARES
2019-12-02,10.8,9.6,11.9,0.0,,48.0,26.5,44.5,1023.5,,ARES
2019-12-03,9.7,5.8,13.5,0.0,,84.0,12.1,31.5,1019.6,,ARES
2019-12-04,8.1,4.5,11.2,0.0,,97.0,9.2,22.2,1016.0,,ARES
2019-12-05,11.8,9.4,12.8,0.0,,48.0,15.6,33.3,1023.1,,ARES
2019-12-06,11.4,9.2,13.4,1.2,,178.0,6.2,16.7,1023.9,,ARES
2019-12-07,13.2,10.8,16.4,2.2,,179.0,8.8,20.4,1023.3,,ARES
2019-12-08,13.4,11.1,15.1,3.8,,245.0,10.4,24.1,1025.5,,ARES
2019-12-09,12.1,9.1,14.1,0.0,,238.0,7.9,22.2,1032.1,,ARES
2019-12-10,11.7,8.3,14.9,10.6,,185.0,10.6,29.6,1027.0,,ARES
2019-12-11,11.2,9.9,12.8,8.4,,270.0,18.4,35.2,1026.6,,ARES
2019-12-12,12.9,11.4,14.1,18.6,,246.0,27.9,51.8,1017.0,,ARES
2019-12-13,13.9,12.7,14.9,1.6,,247.0,27.9,50.0,1016.2,,ARES
2019-12-14,14.4,12.0,15.5,27.6,,219.0,22.1,42.6,1013.1,,ARES
2019-12-15,11.7,10.5,13.7,7.2,,215.0,12.9,40.8,1007.3,,ARES
2019-12-16,8.8,7.9,10.5,10.8,,80.0,8.3,22.2,999.9,,ARES
2019-12-17,9.2,5.9,12.3,0.0,,182.0,9.2,27.8,1005.8,,ARES
2019-12-18,13.5,10.8,15.9,50.0,,178.0,23.1,53.7,1002.8,,ARES
2019-12-19,11.9,9.4,14.9,20.0,,202.0,20.1,44.5,994.8,,ARES
2019-12-20,11.1,8.7,13.7,8.2,,225.0,18.4,38.9,994.6,,ARES
2019-12-21,13.9,11.4,16.9,10.6,,223.0,31.1,74.1,995.9,,ARES
2019-12-22,12.8,10.7,14.8,9.4,,240.0,26.7,68.5,1013.3,,ARES
2019-12-23,14.1,10.6,16.8,0.0,,197.0,16.3,38.9,1023.0,,ARES
2019-12-24,16.0,13.1,19.5,0.0,,194.0,10.2,31.5,1024.8,,ARES
2019-12-25,15.5,12.8,19.0,0.2,,160.0,12.5,37.0,1020.0,,ARES
2019-12-26,12.2,7.9,15.7,0.0,,192.0,8.6,35.2,1028.9,,ARES
2019-12-27,8.7,5.4,14.5,0.0,,157.0,5.5,16.7,1029.4,,ARES
2019-12-28,10.9,6.8,17.4,0.0,,168.0,6.4,16.7,1029.0,,ARES
2019-12-29,12.7,9.6,18.2,0.0,,182.0,6.8,18.5,1029.0,,ARES
2019-12-30,11.1,8.3,16.4,0.0,,196.0,7.3,16.7,1030.7,,ARES
2019-12-31,11.7,10.2,12.9,0.4,,225.0,6.9,16.7,1032.9,,ARES
2020-01-01,8.6,6.4,11.5,0.0,,191.0,5.8,14.8,1031.9,,ARES
2020-01-02,10.0,6.2,12.4,0.2,,183.0,11.3,27.8,1028.4,,ARES
2020-01-03,12.3,8.8,15.0,0.0,,202.0,7.2,29.6,1032.7,,ARES
2020-01-04,8.9,5.7,13.1,0.0,,97.0,6.6,16.7,1036.5,,ARES
2020-01-05,7.4,4.4,11.9,0.0,,162.0,5.8,16.7,1032.0,,ARES
2020-01-06,9.8,6.6,13.6,0.0,,175.0,8.9,22.2,1029.8,,ARES
2020-01-07,10.6,7.1,14.4,0.0,,173.0,8.9,18.5,1031.8,,ARES
2020-01-08,14.1,11.7,16.4,0.0,,180.0,8.4,22.2,1029.7,,ARES
2020-01-09,13.2,10.3,15.4,3.0,,229.0,18.2,38.9,1025.5,,ARES
2020-01-10,10.7,7.2,13.3,0.0,,355.0,9.2,27.8,1032.8,,ARES
2020-01-11,7.9,4.9,13.5,0.0,,178.0,6.3,16.7,1032.3,,ARES
2020-01-12,10.3,6.7,12.9,0.1,,173.0,8.7,22.2,1030.6,,ARES
2020-01-13,11.4,10.3,13.6,0.0,,187.0,18.1,50.0,1020.3,,ARES
2020-01-14,14.5,13.2,16.3,7.4,,192.0,25.5,55.5,1011.0,,ARES
2020-01-15,13.1,11.1,15.3,0.4,,211.0,13.2,55.5,1015.1,,ARES
2020-01-16,13.6,9.7,16.5,48.2,,191.0,20.4,46.3,1015.0,,ARES
2020-01-17,10.4,8.7,12.9,0.4,,222.0,12.7,37.0,1028.3,,ARES
2020-01-18,11.7,10.2,14.1,14.8,,212.0,14.4,35.2,1022.6,,ARES
2020-01-19,10.4,9.2,12.0,0.0,,44.0,26.4,50.0,1033.6,,ARES
2020-01-20,9.1,8.0,11.0,0.0,,58.0,30.1,55.5,1035.0,,ARES
2020-01-21,9.5,8.6,10.6,0.0,,59.0,27.2,51.8,1029.6,,ARES
2020-01-22,11.7,9.9,13.2,0.8,,50.0,23.4,44.5,1023.7,,ARES
2020-01-23,9.9,6.5,13.9,0.0,,95.0,6.8,29.6,1018.3,,ARES
2020-01-24,10.4,7.4,15.2,0.0,,178.0,5.8,14.8,1019.1,,ARES
2020-01-25,9.6,6.1,14.4,0.0,,188.0,6.1,14.8,1017.9,,ARES
2020-01-26,11.7,8.3,14.5,4.2,,186.0,14.0,35.2,1019.6,,ARES
2020-01-27,12.6,11.6,15.4,7.2,,222.0,17.8,40.8,1015.8,,ARES
2020-01-28,11.8,10.4,14.5,6.8,,223.0,10.8,29.6,1020.0,,ARES
2020-01-29,14.2,11.6,15.6,18.0,,194.0,13.7,38.9,1018.1,,ARES
2020-01-30,15.4,14.1,17.2,2.2,,212.0,16.5,40.8,1017.6,,ARES
2020-01-31,16.4,15.0,18.5,5.6,,192.0,13.0,35.2,1018.5,,ARES
2020-02-01,16.9,15.0,19.5,0.2,,214.0,16.6,35.2,1020.2,,ARES
2020-02-02,17.9,16.1,20.9,0.0,,201.0,20.5,42.6,1023.8,,ARES
2020-02-03,18.5,13.9,23.0,0.0,,206.0,14.5,35.2,1026.4,,ARES
2020-02-04,13.3,10.2,15.0,0.0,,64.0,8.8,24.1,1032.3,,ARES
2020-02-05,11.1,7.9,15.5,0.0,,78.0,8.9,20.4,1028.0,,ARES
2020-02-06,13.2,9.0,19.0,0.0,,163.0,8.1,20.4,1020.6,,ARES
2020-02-07,14.4,11.7,17.3,0.6,,187.0,11.2,29.6,1020.3,,ARES
2020-02-08,12.1,10.3,14.7,0.0,,246.0,10.5,25.9,1023.9,,ARES
2020-02-09,14.4,11.0,16.9,0.2,,201.0,19.9,42.6,1024.3,,ARES
2020-02-10,15.1,12.3,17.6,0.0,,235.0,17.4,37.0,1029.7,,ARES
2020-02-11,12.3,10.7,13.7,2.5,,273.0,9.0,22.2,1029.2,,ARES
2020-02-12,12.1,8.6,14.9,2.0,,164.0,6.1,24.1,1024.1,,ARES
2020-02-13,13.6,12.1,15.9,2.4,,232.0,15.3,33.3,1022.1,,ARES
2020-02-14,14.2,12.3,16.8,0.0,,183.0,8.6,25.9,1024.9,,ARES
2020-02-15,14.6,13.0,16.0,0.0,,188.0,16.5,46.3,1021.2,,ARES
2020-02-16,15.7,11.2,18.1,8.8,,213.0,24.7,51.8,1018.3,,ARES
2020-02-17,11.5,8.5,14.0,1.2,,272.0,15.9,33.3,1029.4,,ARES
2020-02-18,9.8,7.0,13.8,0.6,,217.0,6.4,20.4,1036.0,,ARES
2020-02-19,9.9,6.1,14.7,0.0,,194.0,7.1,18.5,1032.7,,ARES
2020-02-20,11.0,7.2,16.4,0.0,,181.0,11.6,25.9,1026.4,,ARES
2020-02-21,12.4,9.0,16.2,0.0,,34.0,8.7,25.9,1030.6,,ARES
2020-02-22,11.6,9.3,15.3,0.0,,267.0,6.0,18.5,1033.3,,ARES
2020-02-23,9.8,7.4,12.6,0.0,,245.0,6.3,18.5,1033.7,,ARES
2020-02-24,11.1,9.2,13.7,2.0,,229.0,9.7,25.9,1028.7,,ARES
2020-02-25,12.1,10.6,13.7,4.2,,256.0,15.9,29.6,1024.3,,ARES
2020-02-26,12.1,10.6,14.0,0.8,,257.0,15.7,33.3,1025.0,,ARES
2020-02-27,14.1,11.8,16.9,0.0,,233.0,20.4,40.8,1022.4,,ARES
2020-02-28,13.8,10.9,18.2,19.6,,194.0,14.0,40.8,1018.0,,ARES
2020-02-29,11.9,10.6,13.5,2.0,,228.0,24.1,50.0,1009.2,,ARES
2020-03-01,13.2,11.6,16.1,38.0,,225.0,22.4,46.3,1006.7,,ARES
2020-03-02,11.0,8.8,13.1,3.8,,266.0,26.4,53.7,1010.1,,ARES
2020-03-03,14.1,10.8,16.0,2.6,,236.0,20.7,50.0,1015.2,,ARES
2020-03-04,16.1,14.2,18.9,14.0,,220.0,19.7,40.8,1017.2,,ARES
2020-03-05,12.3,10.1,16.1,9.4,,255.0,26.5,50.0,1013.4,,ARES
2020-03-06,11.1,8.8,13.7,2.2,,291.0,23.0,48.2,1024.3,,ARES
2020-03-07,12.7,10.3,15.7,0.0,,245.0,11.4,25.9,1028.2,,ARES
2020-03-08,12.8,10.2,15.9,0.2,,227.0,16.2,35.2,1025.6,,ARES
2020-03-09,12.4,10.0,15.9,0.0,,251.0,12.2,25.9,1029.9,,ARES
2020-03-10,13.7,10.4,17.0,0.0,,207.0,10.6,25.9,1027.0,,ARES
2020-03-11,13.8,12.5,16.6,0.2,,223.0,8.2,22.2,1024.5,,ARES
2020-03-12,12.2,10.1,13.6,0.0,,9.0,13.8,37.0,1024.8,,ARES
2020-03-13,11.1,9.8,13.2,0.0,,30.0,19.3,35.2,1025.3,,ARES
2020-03-14,11.9,9.4,15.7,0.0,,329.0,7.8,22.2,1023.2,,ARES
2020-03-15,9.8,8.3,12.5,12.2,,259.0,13.0,29.6,1017.1,,ARES
2020-03-16,10.8,8.9,12.5,0.0,,18.0,22.4,40.8,1023.9,,ARES
2020-03-17,12.7,9.6,17.1,0.0,,49.0,17.4,35.2,1027.2,,ARES
2020-03-18,12.8,9.8,17.2,0.4,,42.0,7.6,22.2,1025.0,,ARES
2020-03-19,12.1,10.7,14.0,10.0,,2.0,7.0,20.4,1019.3,,ARES
2020-03-20,13.1,12.1,15.7,14.6,,42.0,6.3,16.7,1013.1,,ARES
2020-03-21,12.7,12.0,14.7,0.0,,5.0,7.0,20.4,1011.3,,ARES
2020-03-22,12.9,11.9,15.0,0.0,,10.0,11.8,31.5,1014.5,,ARES
2020-03-23,11.7,10.5,13.2,0.0,,33.0,18.3,37.0,1018.2,,ARES
2020-03-24,13.6,9.0,17.7,0.0,,42.0,8.2,22.2,1016.9,,ARES
2020-03-25,12.3,9.9,15.1,0.0,,250.0,7.4,22.2,1017.0,,ARES
2020-03-26,11.0,7.9,13.3,0.0,,49.0,12.7,35.2,1016.2,,ARES
2020-03-27,11.3,8.1,15.2,0.0,,62.0,17.1,35.2,1013.9,,ARES
2020-03-28,12.5,7.9,19.3,0.0,,73.0,9.7,27.8,1017.9,,ARES
2020-03-29,11.8,8.0,16.1,0.0,,62.0,16.2,42.6,1021.1,,ARES
2020-03-30,8.6,6.0,10.2,0.0,,57.0,31.8,59.3,1020.9,,ARES
2020-03-31,8.9,5.6,11.0,6.4,,64.0,24.0,46.3,1012.0,,ARES
2020-04-01,11.6,9.0,13.9,0.0,,54.0,11.6,31.5,1012.1,,ARES
2020-04-02,11.6,9.5,14.4,0.0,,35.0,20.1,37.0,1017.7,,ARES
2020-04-03,12.1,6.9,16.3,0.0,,50.0,9.5,25.9,1016.8,,ARES
2020-04-04,17.1,10.8,22.9,0.0,,150.0,9.8,25.9,1010.8,,ARES
2020-04-05,15.6,12.7,18.5,12.6,,180.0,15.2,40.8,1008.3,,ARES
2020-04-06,13.9,11.5,17.3,0.0,,131.0,8.2,22.2,1018.3,,ARES
2020-04-07,15.6,13.0,19.2,1.0,,69.0,6.8,18.5,1020.9,,ARES
2020-04-08,14.7,12.4,18.0,1.0,,142.0,6.5,18.5,1021.6,,ARES
2020-04-09,16.1,13.8,19.0,5.2,,146.0,5.8,16.7,1017.4,,ARES
2020-04-10,14.8,13.3,16.1,7.4,,222.0,11.2,25.9,1018.9,,ARES
2020-04-11,13.9,12.6,15.9,0.0,,266.0,8.2,20.4,1021.2,,ARES
2020-04-12,12.6,9.3,14.6,3.8,,358.0,9.3,25.9,1017.9,,ARES
2020-04-13,12.6,8.6,17.0,0.0,,34.0,12.9,33.3,1009.6,,ARES
2020-04-14,16.3,12.5,22.1,0.6,,66.0,9.2,29.6,1010.5,,ARES
2020-04-15,14.6,12.3,19.1,4.4,,141.0,7.6,20.4,1007.9,,ARES
2020-04-16,13.7,12.2,17.8,7.0,,144.0,9.3,22.2,1009.0,,ARES
2020-04-17,15.3,12.7,18.6,1.4,,184.0,13.2,33.3,1009.5,,ARES
2020-04-18,14.0,12.4,17.4,10.8,,218.0,8.5,22.2,1015.2,,ARES
2020-04-19,13.6,11.4,16.3,0.0,,323.0,7.5,22.2,1014.8,,ARES
2020-04-20,13.6,10.2,17.6,0.0,,48.0,7.3,22.2,1010.7,,ARES
2020-04-21,13.9,12.7,15.8,2.2,,350.0,12.7,27.8,1012.8,,ARES
2020-04-22,13.3,11.7,14.9,0.8,,305.0,12.2,24.1,1018.8,,ARES
2020-04-23,13.4,9.7,16.6,0.0,,306.0,7.7,24.1,1019.5,,ARES
2020-04-24,14.3,12.7,16.3,0.0,,7.0,7.1,24.1,1014.8,,ARES
2020-04-25,14.7,13.6,15.9,0.0,,305.0,6.9,20.4,1011.6,,ARES
2020-04-26,15.4,13.1,19.2,0.0,,203.0,9.1,22.2,1012.0,,ARES
2020-04-27,13.8,11.6,16.5,1.0,,236.0,14.2,29.6,1012.3,,ARES
2020-04-28,14.1,11.1,17.3,3.2,,232.0,15.5,33.3,1014.4,,ARES
2020-04-29,13.7,12.2,15.2,8.2,,223.0,19.4,40.8,1013.1,,ARES
2020-04-30,15.3,12.3,18.1,2.4,,225.0,23.1,42.6,1013.1,,ARES
2020-05-01,17.4,16.0,19.7,0.8,,225.0,22.5,40.8,1015.8,,ARES
2020-05-02,18.9,15.8,23.2,0.0,,218.0,15.2,35.2,1019.0,,ARES
2020-05-03,18.2,13.1,22.7,0.0,,233.0,7.2,22.2,1016.3,,ARES
2020-05-04,19.8,16.1,24.1,2.2,,185.0,12.5,35.2,1007.1,,ARES
2020-05-05,17.9,14.7,22.6,0.2,,187.0,15.4,37.0,1013.3,,ARES
2020-05-06,17.6,14.6,22.3,0.0,,197.0,10.7,24.1,1018.5,,ARES
2020-05-07,15.5,14.1,17.5,0.0,,16.0,8.9,27.8,1017.4,,ARES
2020-05-08,15.0,13.6,18.3,0.0,,303.0,7.5,22.2,1013.7,,ARES
2020-05-09,16.4,14.4,21.0,3.8,,206.0,7.7,20.4,1009.8,,ARES
2020-05-10,15.3,13.6,17.8,0.0,,275.0,7.4,24.1,1008.3,,ARES
2020-05-11,15.3,11.8,18.4,0.0,,56.0,11.9,35.2,1008.6,,ARES
2020-05-12,15.1,13.1,17.8,0.6,,54.0,10.7,24.1,1009.7,,ARES
2020-05-13,15.3,12.1,19.9,0.0,,63.0,11.5,31.5,1005.4,,ARES
2020-05-14,14.2,12.7,15.7,0.0,,52.0,20.9,44.5,1007.7,,ARES
2020-05-15,14.2,12.6,16.5,0.0,,45.0,24.7,44.5,1018.0,,ARES
2020-05-16,14.9,11.7,19.7,0.0,,45.0,21.3,40.8,1022.8,,ARES
2020-05-17,16.5,10.7,22.1,0.0,,34.0,8.1,25.9,1024.0,,ARES
2020-05-18,17.1,12.7,21.6,0.0,,240.0,6.7,20.4,1025.0,,ARES
2020-05-19,18.1,11.3,23.2,0.0,,157.0,6.7,20.4,1021.6,,ARES
2020-05-20,15.8,13.7,17.9,0.0,,281.0,9.0,24.1,1020.5,,ARES
2020-05-21,17.2,13.0,21.6,0.0,,352.0,7.8,24.1,1021.0,,ARES
2020-05-22,17.2,15.1,19.2,0.8,,261.0,9.6,20.4,1025.2,,ARES
2020-05-23,15.8,14.3,17.4,0.0,,12.0,15.7,40.8,1031.3,,ARES
2020-05-24,18.1,14.6,22.9,0.0,,50.0,16.9,33.3,1028.0,,ARES
2020-05-25,17.2,14.3,20.5,0.0,,37.0,17.3,40.8,1027.5,,ARES
2020-05-26,20.2,16.0,25.9,0.0,,43.0,20.2,38.9,1027.0,,ARES
2020-05-27,22.8,16.7,29.0,0.0,,60.0,10.0,29.6,1022.5,,ARES
2020-05-28,23.6,18.8,29.7,0.0,,14.0,7.1,20.4,1019.7,,ARES
2020-05-29,19.1,17.1,22.6,0.0,,283.0,7.3,22.2,1017.1,,ARES
2020-05-30,17.5,15.5,20.5,0.0,,315.0,7.1,22.2,1013.4,,ARES
2020-05-31,17.0,15.0,20.3,0.0,,275.0,7.6,22.2,1011.5,,ARES
2020-06-01,18.2,15.8,22.8,0.8,,322.0,9.6,24.1,1014.4,,ARES
2020-06-02,19.2,16.3,23.6,0.0,,344.0,6.6,20.4,1014.8,,ARES
2020-06-03,17.4,15.9,19.7,0.4,,302.0,8.3,24.1,1012.9,,ARES
2020-06-04,16.1,14.2,18.9,0.4,,338.0,13.4,31.5,1013.4,,ARES
2020-06-05,16.4,14.5,20.0,0.0,,298.0,9.1,27.8,1016.6,,ARES
2020-06-06,16.2,14.3,20.0,1.0,,298.0,10.1,24.1,1014.0,,ARES
2020-06-07,15.2,14.0,17.1,0.0,,16.0,16.6,37.0,1016.4,,ARES
2020-06-08,15.8,13.9,18.5,0.0,,13.0,11.8,31.5,1021.4,,ARES
2020-06-09,15.8,13.7,18.8,0.0,,20.0,12.8,35.2,1023.0,,ARES
2020-06-10,15.8,12.5,18.7,2.8,,11.0,10.8,29.6,1020.3,,ARES
2020-06-11,15.2,13.5,17.6,7.6,,267.0,21.1,42.6,1011.6,,ARES
2020-06-12,15.0,13.5,18.8,14.6,,279.0,20.3,42.6,1006.3,,ARES
2020-06-13,15.9,13.4,19.0,0.6,,247.0,18.6,37.0,1014.2,,ARES
2020-06-14,16.6,14.3,19.0,0.0,,236.0,13.9,33.3,1020.7,,ARES
2020-06-15,16.7,15.1,19.2,1.8,,240.0,14.0,31.5,1023.0,,ARES
2020-06-16,16.3,14.7,19.5,0.4,,259.0,13.9,33.3,1022.0,,ARES
2020-06-17,16.1,14.0,18.8,0.0,,277.0,10.4,27.8,1020.5,,ARES
2020-06-18,16.5,12.4,20.3,0.0,,267.0,10.1,29.6,1018.5,,ARES
2020-06-19,17.6,13.9,21.4,0.0,,263.0,10.1,27.8,1020.9,,ARES
2020-06-20,19.6,15.4,23.9,0.0,,236.0,10.7,31.5,1023.2,,ARES
2020-06-21,19.1,16.5,21.8,1.2,,247.0,10.7,25.9,1025.7,,ARES
2020-06-22,18.7,14.6,22.4,0.0,,347.0,6.6,22.2,1023.6,,ARES
2020-06-23,18.1,16.4,21.7,0.0,,319.0,7.3,22.2,1016.6,,ARES
2020-06-24,17.9,16.8,20.2,0.0,,282.0,8.3,24.1,1016.9,,ARES
2020-06-25,17.6,16.4,19.6,0.0,,304.0,9.8,24.1,1018.0,,ARES
2020-06-26,19.2,16.6,22.1,0.0,,210.0,10.6,31.5,1016.0,,ARES
2020-06-27,18.9,17.1,21.5,5.0,,236.0,14.2,31.5,1016.9,,ARES
2020-06-28,18.3,16.4,21.3,1.4,,244.0,10.3,25.9,1020.7,,ARES
2020-06-29,17.6,15.7,19.5,0.0,,346.0,10.9,31.5,1021.9,,ARES
2020-06-30,19.1,16.0,22.9,1.4,,342.0,7.9,25.9,1016.4,,ARES
2020-07-01,18.2,16.3,20.4,0.8,,266.0,12.6,29.6,1016.8,,ARES
2020-07-02,17.1,15.4,19.8,0.0,,301.0,10.2,29.6,1021.9,,ARES
2020-07-03,16.8,13.2,20.2,0.0,,12.0,9.1,29.6,1025.6,,ARES
2020-07-04,19.0,14.4,23.2,0.0,,343.0,7.5,24.1,1025.4,,ARES
2020-07-05,18.0,17.1,19.9,0.0,,354.0,10.9,29.6,1024.2,,ARES
2020-07-06,18.4,16.1,21.3,0.0,,31.0,21.9,40.8,1023.3,,ARES
2020-07-07,20.3,16.6,25.4,0.0,,40.0,17.5,33.3,1017.6,,ARES
2020-07-08,18.7,16.2,23.2,0.0,,32.0,18.9,38.9,1016.3,,ARES
2020-07-09,17.6,15.6,20.7,0.6,,354.0,13.5,31.5,1020.5,,ARES
2020-07-10,17.3,15.4,19.8,0.0,,16.0,17.2,38.9,1021.5,,ARES
2020-07-11,20.4,16.2,25.1,0.0,,40.0,21.0,38.9,1019.1,,ARES
2020-07-12,20.9,17.8,26.5,0.0,,41.0,13.7,31.5,1018.4,,ARES
2020-07-13,18.1,15.5,20.6,0.0,,22.0,18.9,40.8,1023.7,,ARES
2020-07-14,17.3,15.1,20.6,0.0,,10.0,15.8,38.9,1023.2,,ARES
2020-07-15,17.4,16.0,21.2,0.0,,23.0,19.6,38.9,1022.8,,ARES
2020-07-16,18.2,15.5,23.2,0.0,,32.0,16.6,38.9,1022.1,,ARES
2020-07-17,20.4,16.7,24.2,0.0,,37.0,13.4,31.5,1018.8,,ARES
2020-07-18,22.8,17.0,30.3,0.0,,38.0,7.5,20.4,1014.6,,ARES
2020-07-19,17.9,16.3,20.0,0.0,,345.0,12.0,33.3,1015.9,,ARES
2020-07-20,17.6,16.1,19.2,0.0,,19.0,18.4,38.9,1018.9,,ARES
2020-07-21,18.9,16.5,23.2,0.0,,28.0,18.0,37.0,1018.9,,ARES
2020-07-22,18.8,15.8,23.4,0.0,,4.0,10.1,27.8,1019.2,,ARES
2020-07-23,18.6,16.0,22.4,0.0,,339.0,8.7,27.8,1020.3,,ARES
2020-07-24,18.5,15.5,21.9,0.0,,333.0,7.8,25.9,1020.8,,ARES
2020-07-25,20.4,17.7,24.3,0.0,,288.0,9.0,27.8,1018.6,,ARES
2020-07-26,19.6,17.3,21.7,0.0,,306.0,8.7,25.9,1017.9,,ARES
2020-07-27,20.6,17.0,25.7,0.0,,249.0,9.6,27.8,1017.2,,ARES
2020-07-28,18.6,17.5,20.2,0.0,,2.0,13.5,37.0,1020.1,,ARES
2020-07-29,21.3,17.5,25.1,0.0,,31.0,14.4,31.5,1016.6,,ARES
2020-07-30,20.6,18.0,26.1,0.0,,245.0,8.1,24.1,1012.3,,ARES
2020-07-31,20.0,16.7,25.9,0.0,,250.0,8.2,24.1,1017.0,,ARES
2020-08-01,19.1,16.7,22.5,0.0,,322.0,8.9,27.8,1022.7,,ARES
2020-08-02,18.4,16.6,21.2,0.0,,1.0,11.2,33.3,1023.3,,ARES
2020-08-03,18.9,16.3,22.9,0.0,,262.0,8.3,25.9,1020.5,,ARES
2020-08-04,20.0,17.5,23.2,0.0,,334.0,8.8,27.8,1019.0,,ARES
2020-08-05,19.9,16.3,24.2,0.0,,292.0,7.2,25.9,1015.4,,ARES
2020-08-06,20.8,17.6,24.3,0.0,,339.0,7.4,24.1,1014.1,,ARES
2020-08-07,21.2,18.9,24.4,0.0,,326.0,9.8,27.8,1018.3,,ARES
2020-08-08,20.0,18.0,22.9,0.0,,4.0,10.9,31.5,1020.2,,ARES
2020-08-09,20.4,18.1,23.2,0.0,,344.0,8.0,25.9,1017.3,,ARES
2020-08-10,19.9,18.4,23.0,0.4,,348.0,11.1,31.5,1015.0,,ARES
2020-08-11,18.9,18.2,20.4,62.2,,9.0,13.9,31.5,1013.4,,ARES
2020-08-12,18.3,16.6,21.2,8.2,,318.0,11.9,24.1,1016.1,,ARES
2020-08-13,19.6,17.5,22.9,0.0,,275.0,8.1,24.1,1018.6,,ARES
2020-08-14,19.2,16.0,22.4,0.0,,219.0,7.4,25.9,1017.6,,ARES
2020-08-15,19.1,16.5,22.1,3.8,,211.0,11.2,31.5,1015.7,,ARES
2020-08-16,19.3,17.8,23.6,13.6,,212.0,13.3,31.5,1015.1,,ARES
2020-08-17,20.8,19.3,23.3,4.4,,205.0,10.9,29.6,1013.3,,ARES
2020-08-18,22.3,19.6,26.1,0.0,,182.0,13.2,33.3,1012.4,,ARES
2020-08-19,21.6,17.5,25.7,8.0,,190.0,19.3,42.6,1005.9,,ARES
2020-08-20,20.3,16.4,24.8,0.6,,206.0,15.3,38.9,1006.7,,ARES
2020-08-21,20.6,18.0,24.3,0.0,,226.0,14.1,33.3,1014.4,,ARES
2020-08-22,19.7,16.8,23.5,0.0,,237.0,9.9,25.9,1024.2,,ARES
2020-08-23,19.4,16.8,22.5,0.0,,22.0,9.3,29.6,1024.8,,ARES
2020-08-24,20.1,15.5,24.0,0.0,,20.0,7.3,24.1,1019.6,,ARES
2020-08-25,21.4,17.8,25.5,1.0,,244.0,10.7,27.8,1016.9,,ARES
2020-08-26,21.4,19.6,24.7,0.0,,319.0,6.6,20.4,1020.4,,ARES
2020-08-27,21.4,18.3,26.2,1.6,,245.0,11.1,29.6,1020.3,,ARES
2020-08-28,18.5,16.8,21.0,3.8,,280.0,13.9,33.3,1017.1,,ARES
2020-08-29,17.7,15.7,19.8,0.4,,336.0,15.2,31.5,1016.4,,ARES
2020-08-30,17.4,15.0,20.3,0.0,,28.0,12.4,35.2,1020.0,,ARES
2020-08-31,17.0,12.9,21.3,0.0,,70.0,6.9,20.4,1019.4,,ARES
2020-09-01,18.6,15.9,21.9,0.0,,341.0,9.4,31.5,1017.7,,ARES
2020-09-02,18.6,15.6,21.6,0.0,,32.0,10.6,29.6,1019.4,,ARES
2020-09-03,19.8,14.9,24.4,0.0,,25.0,6.2,20.4,1020.2,,ARES
2020-09-04,20.9,17.6,26.4,0.0,,9.0,6.4,22.2,1021.0,,ARES
2020-09-05,18.9,17.5,21.2,0.0,,29.0,18.6,42.6,1024.0,,ARES
2020-09-06,18.6,17.0,21.7,0.0,,42.0,22.3,42.6,1023.0,,ARES
2020-09-07,19.3,16.5,23.2,0.0,,47.0,19.3,38.9,1022.9,,ARES
2020-09-08,20.1,15.9,25.2,0.0,,66.0,11.5,29.6,1022.1,,ARES
2020-09-09,19.8,16.5,25.0,0.0,,60.0,8.5,25.9,1021.2,,ARES
2020-09-10,19.9,16.5,25.5,0.0,,42.0,7.6,25.9,1020.2,,ARES
2020-09-11,20.2,16.3,25.5,0.0,,57.0,6.2,22.2,1015.8,,ARES
2020-09-12,21.9,16.8,26.9,0.0,,72.0,5.3,20.4,1016.9,,ARES
2020-09-13,24.7,18.9,35.4,0.4,,146.0,6.9,20.4,1016.8,,ARES
2020-09-14,21.4,19.5,25.1,0.0,,201.0,6.8,20.4,1018.0,,ARES
2020-09-15,21.5,18.7,26.7,0.0,,160.0,7.6,22.2,1019.4,,ARES
2020-09-16,20.2,17.7,23.3,0.0,,90.0,6.8,20.4,1018.0,,ARES
2020-09-17,19.6,16.2,24.1,18.0,,210.0,7.0,18.5,1011.9,,ARES
2020-09-18,19.2,17.3,24.5,0.0,,158.0,7.1,20.4,1009.6,,ARES
2020-09-19,18.8,17.3,22.5,0.0,,229.0,6.2,20.4,1012.6,,ARES
2020-09-20,18.4,16.0,21.7,2.2,,196.0,6.1,20.4,1017.2,,ARES
2020-09-21,18.8,17.0,22.6,0.0,,237.0,7.8,22.2,1019.3,,ARES
2020-09-22,18.9,15.8,23.2,3.4,,190.0,6.5,20.4,1015.8,,ARES
2020-09-23,18.2,15.0,22.0,2.6,,240.0,13.6,31.5,1012.4,,ARES
2020-09-24,16.0,14.0,19.9,1.8,,242.0,18.7,44.5,1016.5,,ARES
2020-09-25,15.3,13.3,18.4,0.8,,291.0,17.8,37.0,1025.8,,ARES
2020-09-26,16.0,14.6,17.2,3.8,,253.0,16.3,35.2,1024.1,,ARES
2020-09-27,15.6,12.9,17.9,0.0,,359.0,12.3,27.8,1021.1,,ARES
2020-09-28,14.6,11.1,18.1,0.0,,67.0,8.3,24.1,1020.9,,ARES
2020-09-29,15.5,11.7,19.2,0.0,,42.0,7.2,20.4,1019.8,,ARES
2020-09-30,17.0,13.9,20.3,6.0,,217.0,11.5,33.3,1017.2,,ARES
2020-10-01,16.5,14.3,19.2,12.8,,240.0,20.2,50.0,1011.8,,ARES
2020-10-02,13.8,11.2,16.1,14.8,,286.0,28.9,57.4,1002.4,,ARES
2020-10-03,15.1,13.5,17.4,3.8,,275.0,22.4,46.3,1009.4,,ARES
2020-10-04,14.9,13.6,17.6,5.2,,266.0,22.7,48.2,1011.3,,ARES
2020-10-05,16.9,14.0,19.8,0.8,,232.0,16.2,33.3,1017.2,,ARES
2020-10-06,18.3,17.1,20.0,2.4,,239.0,18.0,38.9,1022.1,,ARES
2020-10-07,18.5,15.3,20.7,0.0,,249.0,10.9,24.1,1025.3,,ARES
2020-10-08,15.8,12.9,20.4,0.0,,175.0,5.5,16.7,1023.8,,ARES
2020-10-09,16.7,13.6,20.8,0.0,,171.0,7.8,22.2,1024.7,,ARES
2020-10-10,15.4,13.9,17.9,0.0,,39.0,20.0,40.8,1030.2,,ARES
2020-10-11,14.6,12.9,17.5,0.0,,44.0,15.7,35.2,1032.0,,ARES
2020-10-12,14.9,12.4,17.1,4.4,,201.0,7.6,20.4,1029.1,,ARES
2020-10-13,14.9,12.5,16.2,1.8,,329.0,11.9,25.9,1022.7,,ARES
2020-10-14,14.5,12.8,16.5,1.4,,332.0,11.8,25.9,1020.1,,ARES
2020-10-15,14.1,11.0,17.0,0.0,,352.0,8.6,24.1,1022.0,,ARES
2020-10-16,12.9,8.8,18.5,0.0,,138.0,6.5,18.5,1020.0,,ARES
2020-10-17,15.1,12.0,19.2,0.0,,169.0,9.7,25.9,1015.9,,ARES
2020-10-18,17.4,13.4,22.9,0.0,,148.0,8.0,18.5,1017.4,,ARES
2020-10-19,17.8,15.6,20.5,3.2,,156.0,13.4,38.9,1007.6,,ARES
2020-10-20,17.2,15.0,19.9,10.0,,169.0,11.7,29.6,1001.0,,ARES
2020-10-21,15.1,13.3,17.3,2.8,,190.0,10.8,25.9,1001.8,,ARES
2020-10-22,15.2,13.3,18.5,6.8,,178.0,13.3,29.6,1009.6,,ARES
2020-10-23,15.2,12.8,18.1,0.0,,228.0,15.4,31.5,1019.4,,ARES
2020-10-24,17.1,14.9,19.7,26.6,,195.0,20.9,50.0,1017.3,,ARES
2020-10-25,12.9,10.0,16.5,19.8,,235.0,21.1,46.3,1010.9,,ARES
2020-10-26,12.7,9.6,15.8,0.4,,233.0,16.5,31.5,1018.4,,ARES
2020-10-27,15.4,13.1,18.2,5.6,,207.0,17.9,44.5,1015.3,,ARES
2020-10-28,15.4,13.4,18.5,0.0,,221.0,12.0,29.6,1021.0,,ARES
2020-10-29,15.6,13.5,18.6,0.0,,188.0,9.2,24.1,1025.1,,ARES
2020-10-30,16.4,11.6,21.7,0.0,,176.0,9.6,25.9,1023.7,,ARES
2020-10-31,19.1,16.7,21.4,0.4,,189.0,16.8,38.9,1020.9,,ARES
2020-11-01,20.2,19.2,22.2,4.0,,200.0,18.3,38.9,1019.6,,ARES
2020-11-02,16.6,13.0,20.4,4.4,,253.0,12.8,33.3,1022.7,,ARES
2020-11-03,12.8,10.2,14.7,0.6,,356.0,12.5,29.6,1033.0,,ARES
2020-11-04,11.1,8.9,13.5,1.2,,67.0,13.0,42.6,1026.6,,ARES
2020-11-05,13.7,12.6,15.5,0.0,,73.0,20.7,42.6,1018.7,,ARES
2020-11-06,15.8,13.7,19.1,0.8,,129.0,8.2,20.4,1010.6,,ARES
2020-11-07,15.8,13.0,18.4,2.7,,153.0,12.2,33.3,1011.4,,ARES
2020-11-08,16.0,13.9,19.7,3.6,,169.0,14.8,35.2,1013.9,,ARES
2020-11-09,14.6,13.2,16.5,1.2,,216.0,10.1,24.1,1020.6,,ARES
2020-11-10,15.1,12.4,18.2,0.0,,178.0,6.6,16.7,1026.5,,ARES
2020-11-11,14.3,11.5,17.2,6.8,,171.0,13.1,33.3,1020.8,,ARES
2020-11-12,16.0,12.4,21.3,0.0,,181.0,8.1,25.9,1019.4,,ARES
2020-11-13,16.4,13.1,20.6,0.0,,173.0,9.0,22.2,1017.5,,ARES
2020-11-14,17.1,15.4,19.0,0.6,,183.0,15.1,37.0,1013.9,,ARES
2020-11-15,15.7,13.2,18.9,7.6,,238.0,16.1,37.0,1016.3,,ARES
2020-11-16,13.6,10.6,17.0,0.0,,195.0,4.7,14.8,1025.4,,ARES
2020-11-17,14.9,9.6,21.6,0.0,,167.0,6.1,22.2,1023.2,,ARES
2020-11-18,18.2,13.1,22.0,8.4,,195.0,10.9,25.9,1023.9,,ARES
2020-11-19,13.5,12.3,15.9,0.0,,43.0,16.6,33.3,1035.6,,ARES
2020-11-20,13.2,10.2,17.1,0.0,,64.0,11.5,25.9,1033.6,,ARES
2020-11-21,13.2,9.6,19.0,0.0,,116.0,5.9,16.7,1027.2,,ARES
2020-11-22,12.7,9.5,17.8,0.0,,202.0,5.0,14.8,1027.5,,ARES
2020-11-23,11.5,7.8,17.3,0.0,,170.0,5.4,13.0,1026.8,,ARES
2020-11-24,13.0,10.1,15.6,18.8,,173.0,12.0,29.6,1018.4,,ARES
2020-11-25,11.3,10.5,12.5,4.2,,307.0,10.7,25.9,1012.0,,ARES
2020-11-26,12.5,11.1,15.2,0.0,,64.0,7.3,24.1,1010.0,,ARES
2020-11-27,11.9,9.9,16.3,0.0,,156.0,4.8,14.8,1010.4,,ARES
2020-11-28,13.3,9.8,18.4,0.2,,141.0,7.2,20.4,1005.0,,ARES
2020-11-29,13.0,11.3,14.7,0.0,,117.0,5.1,16.7,1013.7,,ARES
2020-11-30,13.0,10.3,17.3,0.0,,101.0,7.0,18.5,1022.7,,ARES
2020-12-01,11.8,8.4,15.0,0.0,,81.0,7.9,20.4,1025.9,,ARES
2020-12-02,12.0,10.1,13.8,0.0,,53.0,14.2,31.5,1023.8,,ARES
2020-12-03,10.8,8.5,12.8,14.6,,228.0,20.0,55.5,1012.1,,ARES
2020-12-04,8.3,5.9,9.9,9.8,,293.0,28.0,59.3,999.8,,ARES
2020-12-05,9.6,8.1,11.0,7.6,,299.0,26.3,48.2,1006.9,,ARES
2020-12-06,10.9,9.3,12.8,7.8,,267.0,19.3,42.6,1011.3,,ARES
2020-12-07,11.7,8.2,13.0,8.2,,274.0,30.8,55.5,1008.6,,ARES
2020-12-08,10.5,8.6,12.3,3.2,,296.0,21.1,51.8,1015.5,,ARES
2020-12-09,10.8,7.0,15.0,10.4,,202.0,13.0,40.8,1018.3,,ARES
2020-12-10,14.6,13.5,15.9,20.8,,239.0,20.2,46.3,1011.6,,ARES
2020-12-11,14.4,12.3,15.7,3.8,,254.0,25.8,44.5,1009.5,,ARES
2020-12-12,13.4,11.8,15.2,0.2,,228.0,14.3,37.0,1015.9,,ARES
2020-12-13,15.4,13.5,17.9,1.2,,203.0,16.5,40.8,1009.9,,ARES
2020-12-14,12.1,9.5,13.7,8.8,,210.0,13.6,31.5,1007.0,,ARES
2020-12-15,11.1,8.6,13.6,39.8,,181.0,16.3,46.3,1009.2,,ARES
2020-12-16,11.7,10.3,14.4,2.6,,217.0,12.2,46.3,1009.4,,ARES
2020-12-17,11.9,9.3,13.9,0.0,,172.0,12.2,31.5,1020.9,,ARES
2020-12-18,13.7,12.9,15.0,9.4,,182.0,19.1,44.5,1014.9,,ARES
2020-12-19,12.6,11.4,15.3,1.2,,211.0,11.8,35.2,1015.8,,ARES
2020-12-20,13.3,11.1,16.4,6.8,,184.0,13.5,42.6,1020.7,,ARES
2020-12-21,17.1,15.9,18.6,0.0,,208.0,16.0,42.6,1022.7,,ARES
2020-12-22,15.7,13.7,17.1,3.6,,184.0,17.3,38.9,1020.6,,ARES
2020-12-23,11.7,9.6,14.3,4.0,,257.0,17.2,37.0,1023.2,,ARES
2020-12-24,9.1,7.1,11.3,5.0,,20.0,11.2,33.3,1029.7,,ARES
2020-12-25,8.7,6.6,11.1,0.0,,64.0,16.9,37.0,1033.2,,ARES
2020-12-26,7.8,4.9,11.3,0.0,,102.0,7.3,20.4,1032.7,,ARES
2020-12-27,10.4,7.5,13.8,7.8,,232.0,28.2,64.8,1012.3,,ARES
2020-12-28,10.2,8.2,11.5,8.8,,283.0,33.3,64.8,1004.1,,ARES
2020-12-29,8.9,6.8,10.2,3.4,,299.0,25.7,50.0,1009.8,,ARES
2020-12-30,9.6,8.4,11.7,17.4,,262.0,17.0,33.3,1018.5,,ARES
2020-12-31,9.9,8.0,11.9,12.6,,287.0,20.4,40.8,1014.8,,ARES
2021-01-01,8.0,6.0,9.8,7.8,,319.0,15.6,31.5,1016.0,,ARES
2021-01-02,7.4,5.9,10.4,13.0,,45.0,7.4,20.4,1019.9,,ARES
2021-01-03,7.8,6.6,10.0,6.8,,307.0,11.1,25.9,1019.3,,ARES
2021-01-04,5.5,3.8,7.8,4.2,,11.0,9.6,25.9,1014.7,,ARES
2021-01-05,5.5,2.8,10.2,3.6,,107.0,7.7,18.5,1015.5,,ARES
2021-01-06,5.6,2.3,9.7,0.0,,97.0,8.4,20.4,1016.2,,ARES
2021-01-07,5.6,2.9,9.4,0.2,,92.0,8.6,25.9,1016.4,,ARES
2021-01-08,5.8,2.9,9.6,1.6,,77.0,11.9,33.3,1016.2,,ARES
2021-01-09,6.1,4.4,8.6,2.8,,55.0,20.6,46.3,1014.4,,ARES
2021-01-10,8.4,6.8,10.4,0.0,,50.0,27.0,46.3,1021.3,,ARES
2021-01-11,8.6,6.5,11.2,0.0,,61.0,14.9,33.3,1028.0,,ARES
2021-01-12,7.0,3.3,11.3,0.0,,167.0,5.9,14.8,1031.8,,ARES
2021-01-13,7.6,3.9,11.6,0.0,,185.0,6.4,14.8,1032.8,,ARES
2021-01-14,10.0,8.6,11.8,1.6,,169.0,7.6,20.4,1031.7,,ARES
2021-01-15,9.6,5.4,13.3,0.0,,137.0,5.8,14.8,1031.7,,ARES
2021-01-16,8.2,3.0,13.1,0.0,,178.0,7.0,16.7,1031.1,,ARES
2021-01-17,12.1,10.3,14.2,1.0,,209.0,7.2,16.7,1031.3,,ARES
2021-01-18,11.5,9.4,14.8,0.0,,152.0,5.6,14.8,1027.6,,ARES
2021-01-19,10.9,8.3,13.0,1.4,,172.0,17.3,53.7,1015.9,,ARES
2021-01-20,12.2,10.2,13.4,13.4,,205.0,23.9,51.8,999.0,,ARES
2021-01-21,13.2,11.0,15.3,14.2,,225.0,25.1,51.8,1003.5,,ARES
2021-01-22,10.5,9.1,12.8,5.6,,254.0,23.0,44.5,1007.9,,ARES
2021-01-23,12.2,9.9,14.6,16.0,,235.0,26.1,48.2,1007.3,,ARES
2021-01-24,11.4,9.6,13.7,20.8,,238.0,18.0,42.6,1012.3,,ARES
2021-01-25,12.3,10.6,13.7,4.8,,256.0,7.4,20.4,1011.3,,ARES
2021-01-26,14.8,12.5,17.2,1.2,,211.0,8.4,22.2,1020.7,,ARES
2021-01-27,15.1,13.1,17.4,0.0,,210.0,10.7,25.9,1025.0,,ARES
2021-01-28,15.4,14.3,16.9,0.4,,206.0,15.9,37.0,1021.0,,ARES
2021-01-29,15.4,13.6,17.5,5.0,,212.0,17.3,42.6,1017.0,,ARES
2021-01-30,12.1,10.5,13.9,17.4,,247.0,30.3,53.7,1011.7,,ARES
2021-01-31,14.1,11.6,17.3,0.4,,238.0,24.4,44.5,1012.4,,ARES
2021-02-01,14.4,13.7,15.7,1.8,,226.0,21.5,44.5,1014.1,,ARES
2021-02-02,14.8,13.9,15.5,12.6,,205.0,20.5,48.2,1009.1,,ARES
2021-02-03,12.9,10.9,15.3,0.0,,205.0,20.1,46.3,1007.0,,ARES
2021-02-04,11.2,8.5,16.1,10.8,,191.0,8.2,31.5,1011.0,,ARES
2021-02-05,10.2,8.8,11.8,1.4,,53.0,13.5,38.9,1011.9,,ARES
2021-02-06,9.8,7.6,11.1,0.4,,19.0,22.3,42.6,1010.4,,ARES
2021-02-07,9.1,6.7,11.8,20.4,,190.0,13.9,37.0,1006.5,,ARES
2021-02-08,10.8,9.6,12.6,10.0,,232.0,17.5,37.0,1000.2,,ARES
2021-02-09,10.3,8.3,12.3,11.8,,217.0,20.1,38.9,996.4,,ARES
2021-02-10,9.9,8.5,13.9,8.8,,237.0,14.8,37.0,1008.7,,ARES
2021-02-11,13.6,11.0,15.9,40.0,,189.0,10.2,27.8,1013.0,,ARES
2021-02-12,13.2,11.4,17.0,0.0,,222.0,12.0,25.9,1020.1,,ARES
2021-02-13,15.1,12.1,16.6,0.4,,176.0,12.8,33.3,1023.6,,ARES
2021-02-14,15.7,13.6,19.0,0.0,,177.0,15.9,40.8,1022.0,,ARES
2021-02-15,17.2,14.9,22.3,12.2,,183.0,18.0,38.9,1021.6,,ARES
2021-02-16,13.9,10.9,16.7,0.4,,209.0,16.9,37.0,1021.0,,ARES
2021-02-17,12.9,9.7,16.9,11.0,,180.0,14.8,38.9,1017.2,,ARES
2021-02-18,11.9,9.8,13.9,0.2,,224.0,14.6,37.0,1012.7,,ARES
2021-02-19,12.8,10.9,16.0,8.2,,179.0,19.7,51.8,1008.4,,ARES
2021-02-20,13.9,10.6,16.1,10.6,,186.0,20.3,51.8,1000.5,,ARES
2021-02-21,9.8,8.2,13.1,3.4,,205.0,8.7,22.2,1007.6,,ARES
2021-02-22,11.7,6.7,16.0,0.0,,174.0,11.0,27.8,1018.3,,ARES
2021-02-23,14.6,12.4,16.7,0.0,,164.0,16.5,37.0,1023.3,,ARES
2021-02-24,14.9,10.1,20.0,11.6,,175.0,15.9,42.6,1023.8,,ARES
2021-02-25,10.7,9.8,11.5,5.2,,19.0,13.1,33.3,1029.3,,ARES
2021-02-26,13.0,10.4,16.7,0.0,,56.0,14.4,29.6,1030.4,,ARES
2021-02-27,12.7,9.6,16.3,0.0,,65.0,14.9,35.2,1028.0,,ARES
2021-02-28,10.7,7.6,14.9,0.0,,70.0,14.3,33.3,1020.8,,ARES
2021-03-01,10.7,6.5,14.7,2.0,,154.0,8.0,22.2,1016.5,,ARES
2021-03-02,12.3,9.9,14.4,1.0,,205.0,8.9,27.8,1022.8,,ARES
2021-03-03,11.9,7.8,17.8,0.0,,123.0,6.3,18.5,1026.8,,ARES
2021-03-04,13.4,11.5,17.2,0.0,,81.0,8.6,18.5,1019.9,,ARES
2021-03-05,12.8,10.4,16.4,0.0,,61.0,14.1,37.0,1019.5,,ARES
2021-03-06,11.2,8.9,14.2,0.0,,49.0,20.2,38.9,1023.2,,ARES
2021-03-07,9.6,8.3,11.9,0.0,,46.0,17.6,37.0,1022.3,,ARES
2021-03-08,9.5,8.3,11.9,0.0,,42.0,20.4,38.9,1022.2,,ARES
2021-03-09,9.7,7.9,12.4,0.0,,45.0,11.7,27.8,1023.9,,ARES
2021-03-10,11.8,7.2,16.2,0.6,,188.0,12.2,33.3,1022.1,,ARES
2021-03-11,13.2,10.2,15.2,8.6,,238.0,18.4,37.0,1023.0,,ARES
2021-03-12,11.5,8.6,15.1,1.6,,244.0,15.2,33.3,1025.6,,ARES
2021-03-13,12.0,9.9,15.4,0.6,,240.0,19.3,35.2,1025.2,,ARES
2021-03-14,12.1,9.7,14.6,0.0,,316.0,12.0,29.6,1030.1,,ARES
2021-03-15,10.9,6.5,14.9,0.0,,57.0,10.9,33.3,1029.8,,ARES
2021-03-16,13.1,9.3,18.9,0.0,,59.0,16.3,38.9,1030.0,,ARES
2021-03-17,13.5,11.8,17.1,0.0,,51.0,19.8,40.8,1029.8,,ARES
2021-03-18,11.3,9.4,14.0,0.0,,47.0,19.3,40.8,1027.9,,ARES
2021-03-19,10.8,9.1,12.9,0.0,,40.0,20.7,38.9,1024.7,,ARES
2021-03-20,10.4,8.2,12.7,0.0,,51.0,26.6,48.2,1026.5,,ARES
2021-03-21,10.3,7.1,15.0,0.0,,51.0,18.6,38.9,1028.2,,ARES
2021-03-22,12.0,7.1,16.9,0.0,,58.0,9.6,25.9,1023.5,,ARES
2021-03-23,12.3,8.9,15.5,0.0,,237.0,9.6,25.9,1023.4,,ARES
2021-03-24,12.4,10.5,16.1,0.0,,248.0,8.0,22.2,1026.9,,ARES
2021-03-25,11.1,7.5,15.2,0.0,,240.0,7.7,22.2,1025.7,,ARES
2021-03-26,11.4,8.9,16.0,0.4,,249.0,11.6,27.8,1025.6,,ARES
2021-03-27,10.9,5.9,15.0,0.0,,64.0,8.4,25.9,1027.5,,ARES
2021-03-28,13.6,7.8,19.2,0.0,,84.0,7.0,20.4,1025.7,,ARES
2021-03-29,16.8,11.2,25.4,0.0,,178.0,6.9,20.4,1022.4,,ARES
2021-03-30,16.9,13.5,20.6,0.0,,277.0,6.1,20.4,1022.0,,ARES
2021-03-31,19.8,14.7,27.5,0.0,,129.0,6.7,20.4,1015.1,,ARES
2021-04-01,18.4,14.8,23.4,12.2,,148.0,7.4,20.4,1011.8,,ARES
2021-04-02,14.7,13.1,17.4,0.0,,310.0,7.6,22.2,1017.7,,ARES
2021-04-03,13.7,10.0,17.6,0.0,,43.0,15.4,40.8,1019.5,,ARES
2021-04-04,12.7,8.2,19.2,0.0,,53.0,16.3,37.0,1019.2,,ARES
2021-04-05,12.0,8.1,16.6,0.0,,37.0,13.3,37.0,1020.0,,ARES
2021-04-06,11.1,9.3,14.1,0.0,,54.0,19.5,42.6,1019.7,,ARES
2021-04-07,12.1,8.5,16.6,0.0,,68.0,19.5,38.9,1018.0,,ARES
2021-04-08,13.2,9.8,17.4,0.0,,160.0,8.5,24.1,1017.6,,ARES
2021-04-09,14.6,11.6,19.2,1.4,,187.0,7.5,22.2,1015.0,,ARES
2021-04-10,13.6,10.3,17.0,0.5,,254.0,9.9,31.5,1012.4,,ARES
2021-04-11,10.7,8.7,13.1,0.0,,34.0,24.5,40.8,1020.5,,ARES
2021-04-12,13.1,7.0,20.1,0.0,,80.0,14.0,33.3,1024.2,,ARES
2021-04-13,14.4,11.7,19.2,0.0,,96.0,8.1,20.4,1020.6,,ARES
2021-04-14,13.9,10.3,18.8,0.0,,82.0,12.9,38.9,1018.3,,ARES
2021-04-15,13.1,9.5,18.3,0.0,,67.0,18.7,46.3,1017.9,,ARES
2021-04-16,12.0,8.9,16.8,0.0,,58.0,20.7,44.5,1020.6,,ARES
2021-04-17,11.3,6.2,17.7,0.0,,68.0,13.3,35.2,1021.6,,ARES
2021-04-18,13.2,7.0,20.1,0.0,,95.0,7.5,20.4,1020.9,,ARES
2021-04-19,14.3,12.5,17.4,3.4,,249.0,8.0,25.9,1018.6,,ARES
2021-04-20,13.4,11.6,17.0,0.6,,253.0,8.5,24.1,1015.9,,ARES
2021-04-21,13.4,10.7,16.7,1.0,,90.0,5.8,18.5,1012.2,,ARES
2021-04-22,14.7,12.0,19.2,0.0,,128.0,7.5,20.4,1012.0,,ARES
2021-04-23,16.4,12.7,19.9,15.2,,142.0,8.3,24.1,1011.7,,ARES
2021-04-24,16.2,14.1,21.4,23.8,,94.0,7.7,22.2,1011.2,,ARES
2021-04-25,14.3,13.3,16.6,24.6,,99.0,7.4,18.5,1010.1,,ARES
2021-04-26,14.0,12.6,17.8,0.0,,325.0,8.0,31.5,1008.1,,ARES
2021-04-27,13.1,11.9,14.8,0.0,,27.0,13.9,35.2,1008.6,,ARES
2021-04-28,12.4,10.7,15.1,0.0,,18.0,17.4,40.8,1010.5,,ARES
2021-04-29,11.1,8.3,14.5,2.6,,36.0,11.2,31.5,1012.1,,ARES
2021-04-30,11.6,8.2,14.8,0.0,,19.0,12.9,35.2,1014.8,,ARES
2021-05-01,11.5,7.9,14.4,0.0,,24.0,10.7,33.3,1018.3,,ARES
2021-05-02,11.3,6.5,14.8,0.0,,59.0,12.6,42.6,1021.4,,ARES
2021-05-03,12.4,8.3,16.5,0.0,,33.0,11.3,33.3,1022.1,,ARES
2021-05-04,14.0,8.8,18.3,0.8,,252.0,11.7,29.6,1020.9,,ARES
2021-05-05,15.2,13.4,17.6,0.0,,249.0,12.9,35.2,1019.6,,ARES
2021-05-06,17.3,15.0,21.5,0.0,,225.0,16.2,42.6,1017.6,,ARES
2021-05-07,17.5,14.6,22.0,0.0,,230.0,12.1,31.5,1018.8,,ARES
2021-05-08,17.7,14.0,22.6,6.2,,194.0,15.4,42.6,1011.5,,ARES
2021-05-09,14.0,11.2,17.0,6.2,,218.0,15.8,40.8,1003.3,,ARES
2021-05-10,12.1,9.5,15.2,8.2,,233.0,14.9,37.0,1008.9,,ARES
2021-05-11,12.1,8.9,16.3,3.6,,222.0,16.6,40.8,1016.6,,ARES
2021-05-12,14.2,11.7,16.6,3.4,,248.0,22.8,55.5,1016.4,,ARES
2021-05-13,13.6,11.3,15.9,12.8,,257.0,14.7,35.2,1016.1,,ARES
2021-05-14,14.0,9.5,17.2,22.6,,213.0,12.8,37.0,1018.8,,ARES
2021-05-15,16.3,13.4,17.8,17.8,,226.0,17.8,44.5,1012.8,,ARES
2021-05-16,15.2,12.7,17.8,0.0,,258.0,19.8,42.6,1016.3,,ARES
2021-05-17,14.3,11.9,17.3,4.4,,273.0,10.6,29.6,1021.9,,ARES
2021-05-18,14.6,12.4,16.5,0.8,,285.0,12.2,31.5,1020.7,,ARES
2021-05-19,14.3,11.8,16.6,0.0,,341.0,10.4,27.8,1027.5,,ARES
2021-05-20,15.7,10.9,21.8,6.8,,239.0,11.0,37.0,1023.4,,ARES
2021-05-21,14.6,12.2,17.7,2.0,,272.0,14.6,37.0,1019.9,,ARES
2021-05-22,13.5,10.2,16.6,0.8,,257.0,15.6,38.9,1019.0,,ARES
2021-05-23,14.4,11.3,18.8,3.8,,236.0,14.5,38.9,1020.5,,ARES
2021-05-24,14.2,12.1,17.3,0.6,,277.0,18.8,44.5,1023.0,,ARES
2021-05-25,13.9,11.6,16.3,0.0,,356.0,13.2,38.9,1028.4,,ARES
2021-05-26,14.1,11.5,16.6,0.0,,19.0,11.1,29.6,1022.1,,ARES
2021-05-27,15.6,12.3,19.2,0.0,,358.0,7.2,27.8,1017.6,,ARES
2021-05-28,16.0,14.6,18.9,0.0,,329.0,8.9,31.5,1018.5,,ARES
2021-05-29,15.7,14.3,18.1,0.0,,357.0,15.0,35.2,1022.9,,ARES
2021-05-30,16.1,13.5,18.6,0.0,,19.0,15.5,42.6,1019.4,,ARES
2021-05-31,18.7,13.9,24.0,0.0,,358.0,7.7,22.2,1012.3,,ARES
2021-06-01,17.2,14.5,21.7,0.0,,237.0,11.6,33.3,1010.5,,ARES
2021-06-02,14.6,12.8,16.2,5.6,,265.0,9.8,25.9,1015.1,,ARES
2021-06-03,14.3,12.1,16.5,0.0,,342.0,12.3,31.5,1023.0,,ARES
2021-06-04,14.6,10.3,17.2,0.0,,31.0,9.9,33.3,1026.2,,ARES
2021-06-05,15.7,11.2,19.7,0.0,,20.0,10.3,33.3,1025.3,,ARES
2021-06-06,15.7,13.7,18.0,0.0,,11.0,15.8,44.5,1025.3,,ARES
2021-06-07,16.4,12.4,20.0,0.0,,11.0,10.3,31.5,1023.2,,ARES
2021-06-08,16.6,15.0,19.4,0.0,,349.0,9.0,27.8,1023.9,,ARES
2021-06-09,16.7,14.6,19.8,0.0,,4.0,9.4,29.6,1024.7,,ARES
2021-06-10,17.6,14.7,20.2,0.0,,14.0,12.0,35.2,1021.3,,ARES
2021-06-11,17.2,15.5,19.1,0.0,,23.0,18.8,40.8,1020.3,,ARES
2021-06-12,19.7,16.3,23.7,0.0,,43.0,16.7,38.9,1020.1,,ARES
2021-06-13,21.8,17.3,26.3,0.8,,13.0,7.2,24.1,1019.7,,ARES
2021-06-14,19.3,16.1,23.2,0.0,,315.0,7.8,31.5,1020.6,,ARES
2021-06-15,18.8,16.1,21.9,0.0,,359.0,9.4,29.6,1017.7,,ARES
2021-06-16,17.4,15.9,19.4,19.0,,325.0,7.7,22.2,1012.0,,ARES
2021-06-17,14.3,13.1,15.9,45.4,,354.0,15.6,46.3,1013.2,,ARES
2021-06-18,14.2,12.7,15.6,4.8,,21.0,18.9,40.8,1016.7,,ARES
2021-06-19,15.3,13.2,17.8,1.4,,321.0,10.7,31.5,1015.3,,ARES
2021-06-20,15.5,13.8,17.4,6.0,,201.0,17.0,40.8,1006.3,,ARES
2021-06-21,15.8,14.1,18.8,14.0,,262.0,17.7,42.6,1011.6,,ARES
2021-06-22,15.3,13.7,17.7,0.0,,345.0,16.5,38.9,1021.8,,ARES
2021-06-23,15.8,13.8,17.6,0.0,,18.0,15.8,40.8,1025.1,,ARES
2021-06-24,16.3,13.6,19.2,0.0,,33.0,15.4,40.8,1023.8,,ARES
2021-06-25,17.6,13.5,22.5,0.0,,34.0,10.5,33.3,1020.7,,ARES
2021-06-26,16.0,11.6,18.1,3.8,,346.0,9.0,24.1,1017.5,,ARES
2021-06-27,15.3,11.4,18.7,0.6,,267.0,15.7,37.0,1018.1,,ARES
2021-06-28,16.1,14.7,19.6,0.0,,273.0,17.9,38.9,1021.6,,ARES
2021-06-29,16.3,14.6,18.7,0.0,,297.0,9.8,25.9,1022.5,,ARES
2021-06-30,16.9,15.2,19.2,0.0,,3.0,10.4,31.5,1019.7,,ARES
2021-07-01,18.0,15.4,21.0,0.0,,284.0,7.4,24.1,1019.1,,ARES
2021-07-02,19.4,17.2,22.1,1.8,,187.0,9.0,31.5,1017.1,,ARES
2021-07-03,19.5,17.0,23.6,0.0,,238.0,10.8,33.3,1017.6,,ARES
2021-07-04,20.1,18.1,23.1,0.0,,207.0,14.6,38.9,1016.4,,ARES
2021-07-05,19.3,15.4,22.9,7.2,,216.0,17.4,44.5,1013.0,,ARES
2021-07-06,17.1,14.3,20.4,1.0,,240.0,16.2,38.9,1015.1,,ARES
2021-07-07,17.3,15.4,20.7,0.4,,266.0,14.2,29.6,1021.5,,ARES
2021-07-08,17.1,15.4,19.9,0.0,,340.0,9.5,31.5,1026.6,,ARES
2021-07-09,17.1,13.8,19.7,0.0,,12.0,9.2,29.6,1024.2,,ARES
2021-07-10,17.8,15.3,21.4,0.0,,302.0,7.6,25.9,1020.8,,ARES
2021-07-11,17.8,16.1,20.9,1.6,,311.0,9.3,27.8,1017.7,,ARES
2021-07-12,17.3,15.4,20.2,1.8,,276.0,16.8,40.8,1021.3,,ARES
2021-07-13,17.1,15.4,19.5,0.0,,290.0,10.7,25.9,1025.4,,ARES
2021-07-14,17.2,15.6,18.7,0.0,,20.0,13.9,40.8,1025.1,,ARES
2021-07-15,18.7,16.0,22.5,0.0,,35.0,17.1,37.0,1021.8,,ARES
2021-07-16,21.7,15.9,27.1,0.0,,55.0,9.8,33.3,1019.1,,ARES
2021-07-17,23.9,17.4,30.4,0.0,,56.0,6.6,20.4,1017.5,,ARES
2021-07-18,19.3,16.3,21.8,0.0,,256.0,6.7,27.8,1018.5,,ARES
2021-07-19,17.9,16.0,21.1,0.0,,298.0,7.6,29.6,1017.0,,ARES
2021-07-20,18.7,17.3,22.0,0.2,,277.0,8.3,27.8,1017.0,,ARES
2021-07-21,18.1,16.9,21.3,0.2,,285.0,8.5,27.8,1020.0,,ARES
2021-07-22,17.7,16.4,20.5,0.4,,292.0,7.7,24.1,1018.5,,ARES
2021-07-23,19.1,17.2,22.5,7.8,,222.0,11.2,40.8,1014.6,,ARES
2021-07-24,19.1,16.8,22.7,0.4,,248.0,15.1,37.0,1015.4,,ARES
2021-07-25,18.7,16.1,22.9,0.0,,274.0,8.1,25.9,1015.4,,ARES
2021-07-26,19.2,17.3,21.5,0.2,,307.0,7.4,29.6,1018.2,,ARES
2021-07-27,19.3,17.6,22.7,0.0,,290.0,9.6,27.8,1018.2,,ARES
2021-07-28,19.0,17.1,21.5,0.0,,5.0,11.2,31.5,1019.1,,ARES
2021-07-29,18.6,15.9,21.4,1.6,,0.0,9.7,27.8,1017.6,,ARES
2021-07-30,17.9,16.6,19.9,0.0,,304.0,10.6,37.0,1018.4,,ARES
2021-07-31,18.2,15.5,21.7,0.1,,310.0,11.4,35.2,1020.5,,ARES
2021-08-01,18.0,15.5,20.8,0.0,,227.0,9.0,22.2,1018.1,,ARES
2021-08-02,18.5,15.4,21.5,0.0,,21.0,9.9,31.5,1019.1,,ARES
2021-08-03,18.9,15.4,22.9,12.2,,237.0,10.4,27.8,1018.5,,ARES
2021-08-04,19.7,17.9,22.4,0.0,,262.0,14.6,31.5,1018.5,,ARES
2021-08-05,19.4,17.2,22.8,1.0,,227.0,15.4,38.9,1017.3,,ARES
2021-08-06,19.2,16.8,22.5,1.4,,235.0,13.2,31.5,1013.8,,ARES
2021-08-07,18.7,16.2,22.0,0.0,,259.0,15.5,33.3,1013.4,,ARES
2021-08-08,18.1,14.7,21.4,0.0,,280.0,9.1,31.5,1018.7,,ARES
2021-08-09,18.3,14.6,21.3,0.0,,23.0,6.8,24.1,1018.1,,ARES
2021-08-10,19.2,15.3,22.5,0.0,,10.0,7.1,25.9,1019.2,,ARES
2021-08-11,19.6,15.7,23.3,0.0,,4.0,8.2,27.8,1019.1,,ARES
2021-08-12,20.4,18.4,24.1,0.0,,338.0,7.3,25.9,1020.6,,ARES
2021-08-13,20.2,17.1,24.4,0.0,,17.0,6.7,25.9,1022.2,,ARES
2021-08-14,19.7,17.9,23.2,0.0,,335.0,7.5,24.1,1021.5,,ARES
2021-08-15,19.3,17.4,22.4,0.0,,8.0,10.1,29.6,1023.1,,ARES
2021-08-16,18.2,16.6,20.3,0.0,,23.0,14.4,38.9,1026.0,,ARES
2021-08-17,18.4,16.8,21.5,0.0,,30.0,18.4,42.6,1026.8,,ARES
2021-08-18,17.6,16.4,21.3,0.0,,29.0,17.7,44.5,1023.1,,ARES
2021-08-19,17.8,15.8,20.1,0.0,,18.0,15.3,40.8,1017.8,,ARES
2021-08-20,18.9,14.6,23.0,0.0,,262.0,7.6,27.8,1015.9,,ARES
2021-08-21,20.9,18.7,24.7,0.0,,229.0,9.6,35.2,1019.5,,ARES
2021-08-22,19.3,16.6,22.3,0.0,,347.0,11.5,38.9,1022.6,,ARES
2021-08-23,21.6,18.3,26.9,0.0,,50.0,14.7,35.2,1019.4,,ARES
2021-08-24,21.7,17.7,27.4,0.0,,58.0,16.5,40.8,1015.2,,ARES
2021-08-25,20.9,17.5,28.1,0.0,,67.0,7.9,27.8,1011.9,,ARES
2021-08-26,19.3,16.8,23.1,0.0,,207.0,6.3,24.1,1014.6,,ARES
2021-08-27,19.4,16.4,25.1,0.0,,269.0,5.5,22.2,1015.7,,ARES
2021-08-28,18.9,16.5,23.6,0.0,,337.0,6.8,24.1,1017.7,,ARES
2021-08-29,19.4,17.1,23.7,0.0,,67.0,5.5,22.2,1016.6,,ARES
2021-08-30,20.5,17.3,24.7,0.0,,68.0,6.0,24.1,1015.0,,ARES
2021-08-31,20.9,16.4,26.0,0.0,,74.0,6.9,22.2,1015.7,,ARES
2021-09-01,20.8,18.2,25.1,0.4,,74.0,6.9,22.2,1015.5,,ARES
2021-09-02,19.3,17.3,22.6,0.0,,347.0,6.1,24.1,1017.7,,ARES
2021-09-03,18.5,16.0,22.1,0.0,,265.0,5.9,22.2,1018.5,,ARES
2021-09-04,18.3,14.7,22.2,0.0,,277.0,5.6,20.4,1016.1,,ARES
2021-09-05,21.6,16.2,27.7,0.0,,150.0,5.4,18.5,1013.9,,ARES
2021-09-06,23.4,18.6,33.6,22.8,,149.0,7.2,22.2,1013.1,,ARES
2021-09-07,21.9,18.0,26.8,3.0,,160.0,10.2,35.2,1012.4,,ARES
2021-09-08,20.7,19.4,23.6,3.2,,211.0,10.4,29.6,1013.3,,ARES
2021-09-09,20.1,18.3,23.2,2.0,,228.0,12.3,37.0,1015.2,,ARES
2021-09-10,19.6,18.1,22.2,0.8,,242.0,7.5,22.2,1018.5,,ARES
2021-09-11,19.3,16.4,23.1,0.0,,78.0,5.6,20.4,1018.1,,ARES
2021-09-12,21.6,17.6,28.0,0.0,,154.0,6.8,27.8,1013.3,,ARES
2021-09-13,20.1,17.4,23.4,4.6,,198.0,6.6,20.4,1010.4,,ARES
2021-09-14,19.9,17.7,24.3,0.0,,197.0,7.0,20.4,1010.2,,ARES
2021-09-15,18.6,17.4,20.9,0.0,,354.0,10.2,31.5,1015.9,,ARES
2021-09-16,18.4,16.2,21.0,0.0,,347.0,7.5,24.1,1021.4,,ARES
2021-09-17,17.3,14.9,20.9,7.4,,228.0,8.7,27.8,1018.1,,ARES
2021-09-18,17.4,15.5,20.3,0.2,,266.0,10.3,25.9,1020.4,,ARES
2021-09-19,16.8,14.3,21.9,1.0,,238.0,8.0,22.2,1023.5,,ARES
2021-09-20,16.4,14.3,19.2,0.0,,26.0,10.9,37.0,1027.3,,ARES
2021-09-21,17.8,14.6,21.4,0.0,,50.0,14.3,42.6,1027.6,,ARES
2021-09-22,18.1,16.3,21.7,0.0,,47.0,15.8,38.9,1023.6,,ARES
2021-09-23,19.0,16.5,23.1,0.0,,44.0,15.6,44.5,1020.1,,ARES
2021-09-24,18.7,16.9,22.1,12.8,,44.0,11.6,29.6,1014.8,,ARES
2021-09-25,18.8,16.2,21.9,0.0,,196.0,8.0,24.1,1014.1,,ARES
2021-09-26,19.3,17.1,21.5,7.6,,193.0,12.6,35.2,1018.4,,ARES
2021-09-27,17.5,14.8,20.4,0.0,,286.0,11.4,38.9,1022.4,,ARES
2021-09-28,16.8,13.3,20.4,1.4,,237.0,8.0,29.6,1024.9,,ARES
2021-09-29,17.2,14.6,20.0,0.8,,284.0,9.9,25.9,1028.8,,ARES
2021-09-30,15.3,12.1,18.5,0.0,,33.0,5.9,24.1,1027.7,,ARES
2021-10-01,17.3,14.9,21.0,4.0,,218.0,8.4,25.9,1022.3,,ARES
2021-10-02,19.4,13.7,21.6,28.8,,212.0,16.7,48.2,1010.9,,ARES
2021-10-03,15.3,12.9,18.8,0.0,,258.0,19.0,57.4,1012.6,,ARES
2021-10-04,16.6,14.4,20.0,3.0,,218.0,14.5,42.6,1019.5,,ARES
2021-10-05,17.6,15.5,20.1,0.4,,255.0,13.9,38.9,1021.1,,ARES
2021-10-06,16.2,13.1,19.9,0.0,,123.0,5.7,20.4,1025.6,,ARES
2021-10-07,17.4,14.8,23.0,0.0,,182.0,6.7,20.4,1022.5,,ARES
2021-10-08,15.4,12.2,18.5,0.0,,83.0,5.0,14.8,1021.3,,ARES
2021-10-09,16.9,13.0,20.8,0.0,,65.0,11.3,40.8,1021.9,,ARES
2021-10-10,17.6,15.1,20.9,0.0,,52.0,17.5,42.6,1023.0,,ARES
2021-10-11,16.9,12.8,22.8,0.0,,82.0,10.9,35.2,1021.6,,ARES
2021-10-12,16.6,11.6,23.6,0.0,,92.0,8.7,25.9,1020.2,,ARES
2021-10-13,16.6,12.6,22.3,0.0,,91.0,7.0,20.4,1020.3,,ARES
2021-10-14,16.8,13.0,22.7,0.0,,174.0,6.7,20.4,1020.0,,ARES
2021-10-15,15.5,13.7,18.2,0.2,,230.0,7.8,22.2,1021.2,,ARES
2021-10-16,15.4,13.3,17.7,11.2,,151.0,6.9,24.1,1017.7,,ARES
2021-10-17,19.9,17.0,23.1,1.4,,187.0,8.1,27.8,1015.9,,ARES
2021-10-18,21.2,18.2,24.4,0.0,,188.0,8.9,27.8,1019.2,,ARES
2021-10-19,20.9,17.0,26.8,3.0,,180.0,12.0,38.9,1018.5,,ARES
2021-10-20,18.8,15.1,22.5,1.8,,224.0,17.4,48.2,1018.3,,ARES
2021-10-21,15.3,13.4,18.4,2.0,,256.0,10.5,27.8,1023.2,,ARES
2021-10-22,14.4,11.2,17.9,0.0,,90.0,8.8,29.6,1024.8,,ARES
2021-10-23,13.4,9.1,17.7,2.6,,168.0,7.3,18.5,1022.8,,ARES
2021-10-24,14.7,12.1,18.2,2.6,,172.0,9.4,22.2,1022.1,,ARES
2021-10-25,15.3,12.2,19.2,0.0,,208.0,7.0,16.7,1023.6,,ARES
2021-10-26,13.9,10.1,19.2,0.0,,148.0,5.8,14.8,1024.1,,ARES
2021-10-27,15.2,10.8,20.6,0.0,,187.0,6.1,18.5,1021.2,,ARES
2021-10-28,15.4,12.4,18.1,13.6,,174.0,14.0,42.6,1011.8,,ARES
2021-10-29,14.8,12.8,16.5,16.6,,200.0,11.9,29.6,1005.7,,ARES
2021-10-30,16.2,13.5,18.5,4.0,,217.0,11.1,29.6,1003.5,,ARES
2021-10-31,15.8,12.8,19.3,4.8,,226.0,16.2,38.9,1007.6,,ARES
2021-11-01,13.8,12.0,17.2,9.0,,244.0,18.5,42.6,1014.7,,ARES
2021-11-02,12.9,10.3,15.7,21.2,,249.0,21.1,46.3,1011.0,,ARES
2021-11-03,12.0,10.2,14.8,20.0,,286.0,13.2,33.3,1013.2,,ARES
2021-11-04,11.3,8.5,14.6,2.4,,5.0,9.5,27.8,1020.8,,ARES
2021-11-05,11.8,9.2,14.8,0.2,,35.0,11.7,29.6,1029.4,,ARES
2021-11-06,12.1,8.7,15.6,0.0,,65.0,9.7,27.8,1032.3,,ARES
2021-11-07,12.1,8.5,15.9,0.0,,63.0,10.4,29.6,1030.2,,ARES
2021-11-08,13.9,12.1,16.5,0.0,,47.0,9.2,24.1,1026.1,,ARES
2021-11-09,14.5,12.2,18.2,0.0,,44.0,12.5,29.6,1022.4,,ARES
2021-11-10,12.6,9.2,16.2,0.0,,67.0,7.1,20.4,1020.4,,ARES
2021-11-11,11.1,7.8,15.3,0.0,,83.0,6.4,16.7,1021.3,,ARES
2021-11-12,12.0,7.8,16.9,0.0,,95.0,5.6,14.8,1021.8,,ARES
2021-11-13,12.8,9.4,16.6,0.0,,82.0,5.6,16.7,1022.0,,ARES
2021-11-14,11.6,7.6,16.6,0.0,,78.0,8.5,25.9,1023.1,,ARES
2021-11-15,13.2,11.2,15.7,0.0,,51.0,12.8,31.5,1025.2,,ARES
2021-11-16,13.2,11.3,16.0,0.0,,52.0,12.5,27.8,1024.7,,ARES
2021-11-17,13.4,11.3,16.9,0.0,,59.0,12.4,31.5,1026.8,,ARES
2021-11-18,13.1,10.1,17.2,0.0,,69.0,13.8,31.5,1027.1,,ARES
2021-11-19,12.0,8.2,16.9,0.0,,109.0,7.4,18.5,1024.2,,ARES
2021-11-20,12.9,10.3,17.9,0.0,,99.0,7.0,18.5,1020.8,,ARES
2021-11-21,11.7,9.0,14.7,1.8,,78.0,8.4,31.5,1019.4,,ARES
2021-11-22,9.9,7.7,11.7,7.0,,39.0,22.2,46.3,1018.6,,ARES
2021-11-23,11.1,10.2,12.8,0.0,,43.0,26.1,48.2,1019.5,,ARES
2021-11-24,11.7,10.5,12.9,7.6,,29.0,20.3,40.8,1020.4,,ARES
2021-11-25,10.4,8.7,13.0,2.2,,20.0,15.5,37.0,1015.8,,ARES
2021-11-26,10.8,9.2,12.1,13.4,,345.0,16.7,40.8,1018.3,,ARES
2021-11-27,10.5,8.3,12.0,4.8,,335.0,25.6,46.3,1016.2,,ARES
2021-11-28,10.8,8.5,12.5,13.2,,307.0,17.2,38.9,1021.5,,ARES
2021-11-29,11.9,10.8,13.6,0.4,,269.0,14.6,38.9,1023.7,,ARES
2021-11-30,12.7,10.5,14.9,1.0,,182.0,7.6,20.4,1026.6,,ARES
2021-12-01,12.5,9.4,13.9,12.4,,274.0,19.2,44.5,1022.9,,ARES
2021-12-02,11.2,9.4,12.7,1.4,,348.0,18.4,46.3,1023.1,,ARES
2021-12-03,12.7,10.6,14.5,8.4,,232.0,14.7,37.0,1024.8,,ARES
2021-12-04,12.9,11.4,15.3,3.0,,273.0,20.0,44.5,1023.9,,ARES
2021-12-05,12.1,11.0,14.0,0.6,,295.0,20.5,46.3,1027.4,,ARES
2021-12-06,13.1,11.4,15.0,15.2,,232.0,11.7,29.6,1025.5,,ARES
2021-12-07,13.0,8.4,16.3,19.0,,232.0,21.8,57.4,1014.3,,ARES
2021-12-08,9.6,6.8,11.8,6.4,,272.0,28.7,68.5,1017.0,,ARES
2021-12-09,13.3,11.0,14.7,2.6,,261.0,25.0,55.5,1022.6,,ARES
2021-12-10,13.3,11.8,15.0,1.6,,264.0,19.5,59.3,1023.3,,ARES
2021-12-11,13.7,11.7,16.0,0.0,,240.0,9.3,25.9,1026.9,,ARES
2021-12-12,12.4,10.5,14.9,0.0,,176.0,5.4,14.8,1025.0,,ARES
2021-12-13,13.2,10.7,18.9,0.0,,156.0,6.5,16.7,1021.9,,ARES
2021-12-14,12.2,9.4,17.7,0.0,,145.0,6.1,16.7,1025.7,,ARES
2021-12-15,10.2,7.2,14.9,0.0,,136.0,5.6,14.8,1025.2,,ARES
2021-12-16,11.1,7.2,16.8,0.0,,121.0,6.1,16.7,1025.1,,ARES
2021-12-17,10.6,7.6,16.1,0.0,,153.0,5.6,18.5,1026.1,,ARES
2021-12-18,9.9,6.7,15.7,0.0,,150.0,6.1,16.7,1026.0,,ARES
2021-12-19,10.9,6.3,15.6,0.0,,133.0,8.1,20.4,1022.8,,ARES
2021-12-20,14.4,11.7,17.3,2.4,,134.0,11.0,22.2,1016.1,,ARES
2021-12-21,16.1,13.3,19.0,0.0,,142.0,11.0,24.1,1013.5,,ARES
2021-12-22,16.3,14.8,17.8,4.4,,163.0,12.6,31.5,1012.7,,ARES
2021-12-23,15.0,13.1,17.6,4.4,,182.0,11.9,33.3,1011.3,,ARES
2021-12-24,13.1,11.6,15.4,2.8,,176.0,14.9,40.8,1004.8,,ARES
2021-12-25,13.7,12.1,17.2,1.4,,192.0,9.2,24.1,1003.5,,ARES
2021-12-26,14.4,11.7,17.0,6.6,,183.0,12.6,48.2,1005.1,,ARES
2021-12-27,15.7,14.5,17.0,2.0,,222.0,24.9,51.8,1008.0,,ARES
2021-12-28,17.0,16.1,18.8,0.2,,217.0,21.9,50.0,1016.6,,ARES
2021-12-29,17.1,15.8,18.6,0.0,,199.0,15.3,37.0,1021.3,,ARES
2021-12-30,16.1,13.8,19.4,0.0,,173.0,9.9,25.9,1020.0,,ARES
2021-12-31,17.4,14.1,21.5,0.0,,167.0,13.4,38.9,1020.9,,ARES
2022-01-01,18.7,15.7,23.1,0.8,,173.0,16.2,40.8,1020.9,,ARES
2022-01-02,15.6,13.8,17.8,0.0,,199.0,11.8,29.6,1026.3,,ARES
2022-01-03,15.1,13.2,17.7,30.8,,185.0,16.7,51.8,1020.3,,ARES
2022-01-04,11.2,9.1,16.2,7.6,,279.0,16.9,48.2,1015.2,,ARES
2022-01-05,11.1,9.5,13.7,4.6,,249.0,14.5,42.6,1019.1,,ARES
2022-01-06,11.9,11.1,13.4,2.0,,226.0,9.2,22.2,1022.8,,ARES
2022-01-07,11.7,9.8,13.6,0.2,,317.0,10.6,24.1,1031.8,,ARES
2022-01-08,11.3,9.8,13.2,2.4,,222.0,17.7,44.5,1029.4,,ARES
2022-01-09,13.9,12.8,14.6,2.2,,248.0,20.5,46.3,1024.3,,ARES
2022-01-10,13.1,12.4,14.0,3.6,,260.0,9.4,31.5,1026.3,,ARES
2022-01-11,12.6,12.0,14.7,0.0,,62.0,9.7,29.6,1029.9,,ARES
2022-01-12,12.0,8.7,14.3,0.0,,60.0,17.1,37.0,1031.8,,ARES
2022-01-13,8.9,5.2,13.1,0.0,,119.0,6.9,24.1,1031.2,,ARES
2022-01-14,9.4,6.1,15.1,0.0,,147.0,7.7,20.4,1031.1,,ARES
2022-01-15,9.6,5.4,14.6,0.0,,151.0,9.0,20.4,1026.9,,ARES
2022-01-16,11.9,9.7,15.1,0.0,,131.0,9.1,24.1,1028.6,,ARES
2022-01-17,10.7,7.7,14.6,0.0,,115.0,6.5,14.8,1032.8,,ARES
2022-01-18,9.7,7.1,14.2,0.0,,107.0,6.6,16.7,1031.6,,ARES
2022-01-19,8.7,5.0,13.1,0.0,,87.0,6.8,18.5,1033.1,,ARES
2022-01-20,9.7,5.9,13.8,0.0,,77.0,11.7,37.0,1032.4,,ARES
2022-01-21,10.3,8.0,12.8,0.0,,69.0,19.6,44.5,1030.7,,ARES
2022-01-22,8.8,6.3,12.9,0.0,,91.0,11.7,38.9,1029.8,,ARES
2022-01-23,8.0,4.1,14.1,0.0,,160.0,7.2,18.5,1026.1,,ARES
2022-01-24,8.9,5.8,13.8,0.0,,186.0,7.0,16.7,1026.9,,ARES
2022-01-25,8.4,4.2,12.9,0.0,,115.0,6.5,20.4,1031.2,,ARES
2022-01-26,8.8,3.8,13.4,0.0,,100.0,7.7,22.2,1030.5,,ARES
2022-01-27,9.3,5.6,14.7,0.0,,90.0,8.8,24.1,1031.0,,ARES
2022-01-28,9.2,5.8,14.1,0.0,,84.0,9.8,25.9,1033.3,,ARES
2022-01-29,9.2,4.4,15.1,0.0,,102.0,6.9,18.5,1033.3,,ARES
2022-01-30,10.2,6.7,17.1,0.0,,114.0,6.9,18.5,1030.6,,ARES
2022-01-31,9.7,5.3,12.9,0.0,,58.0,12.6,35.2,1034.6,,ARES
2022-02-01,10.7,8.3,13.7,0.0,,54.0,12.8,31.5,1036.0,,ARES
2022-02-02,11.8,7.2,19.4,0.0,,173.0,7.5,18.5,1027.8,,ARES
2022-02-03,12.4,10.2,14.9,3.2,,196.0,9.3,22.2,1023.0,,ARES
2022-02-04,11.8,9.6,14.4,4.6,,267.0,10.3,25.9,1025.1,,ARES
2022-02-05,10.3,8.2,12.9,0.0,,53.0,13.4,31.5,1030.9,,ARES
2022-02-06,9.7,5.7,14.5,0.0,,94.0,5.9,16.7,1033.1,,ARES
2022-02-07,11.1,8.8,14.3,0.0,,89.0,8.2,24.1,1033.3,,ARES
2022-02-08,11.0,6.5,17.2,0.0,,129.0,6.6,18.5,1028.4,,ARES
2022-02-09,13.1,9.4,19.7,0.0,,183.0,8.7,20.4,1027.4,,ARES
2022-02-10,11.7,10.6,13.4,7.2,,204.0,7.9,22.2,1027.5,,ARES
2022-02-11,12.1,9.7,15.9,0.0,,56.0,11.2,24.1,1027.8,,ARES
2022-02-12,9.8,6.7,13.6,0.0,,173.0,6.4,18.5,1024.0,,ARES
2022-02-13,11.3,8.8,14.5,13.8,,206.0,20.6,53.7,1013.6,,ARES
2022-02-14,11.2,9.2,13.8,1.8,,270.0,19.6,46.3,1020.9,,ARES
2022-02-15,11.7,9.1,14.4,0.0,,215.0,14.6,35.2,1027.7,,ARES
2022-02-16,14.4,13.0,16.1,0.2,,228.0,19.2,40.8,1027.2,,ARES
2022-02-17,14.5,13.4,16.4,3.2,,207.0,11.6,27.8,1026.2,,ARES
2022-02-18,11.1,8.5,14.2,7.4,,267.0,16.2,35.2,1022.3,,ARES
2022-02-19,10.2,6.1,13.1,0.0,,267.0,8.6,35.2,1029.4,,ARES
2022-02-20,12.3,10.5,15.2,2.0,,243.0,9.3,27.8,1031.9,,ARES
2022-02-21,12.2,9.1,14.9,0.2,,296.0,8.7,20.4,1032.7,,ARES
2022-02-22,9.9,5.7,13.8,0.0,,72.0,7.3,27.8,1031.7,,ARES
2022-02-23,10.1,6.3,13.9,0.0,,34.0,8.6,24.1,1024.7,,ARES
2022-02-24,10.7,8.4,14.6,0.0,,35.0,14.1,37.0,1026.0,,ARES
2022-02-25,11.2,8.8,14.4,0.0,,60.0,21.4,44.5,1027.1,,ARES
2022-02-26,11.3,5.9,17.0,0.0,,178.0,8.2,24.1,1020.1,,ARES
2022-02-27,11.6,9.5,13.3,0.4,,212.0,7.5,22.2,1022.1,,ARES
2022-02-28,13.9,10.5,18.3,0.0,,175.0,8.6,24.1,1024.9,,ARES
2022-03-01,13.3,10.9,15.4,10.6,,182.0,12.9,35.2,1022.2,,ARES
2022-03-02,12.2,11.1,13.5,23.0,,223.0,15.8,37.0,1022.0,,ARES
2022-03-03,10.9,8.9,13.4,7.6,,319.0,18.5,40.8,1021.6,,ARES
2022-03-04,10.0,7.4,12.5,0.4,,15.0,13.6,38.9,1027.1,,ARES
2022-03-05,9.2,5.6,14.0,0.0,,89.0,14.0,38.9,1021.5,,ARES
2022-03-06,8.8,6.9,11.6,1.2,,47.0,19.1,38.9,1021.5,,ARES
2022-03-07,8.9,3.5,15.8,1.8,,145.0,9.2,27.8,1013.8,,ARES
2022-03-08,11.4,9.3,14.8,0.4,,214.0,13.7,33.3,1012.9,,ARES
2022-03-09,11.7,8.8,16.3,18.2,,209.0,16.0,42.6,1014.2,,ARES
2022-03-10,10.8,5.6,16.8,11.4,,175.0,12.1,42.6,1013.7,,ARES
2022-03-11,11.0,8.9,14.2,2.8,,228.0,18.5,46.3,1010.0,,ARES
2022-03-12,10.9,7.8,15.3,5.8,,197.0,17.7,55.5,1010.1,,ARES
2022-03-13,9.2,7.0,13.3,3.4,,192.0,13.6,38.9,1011.5,,ARES
2022-03-14,11.1,7.7,15.5,0.0,,68.0,13.8,44.5,1013.2,,ARES
2022-03-15,12.1,9.5,14.2,0.2,,31.0,11.7,33.3,1014.9,,ARES
2022-03-16,11.9,10.8,12.9,0.0,,10.0,20.1,42.6,1022.3,,ARES
2022-03-17,11.6,9.7,14.7,0.0,,48.0,25.3,50.0,1030.4,,ARES
2022-03-18,12.8,9.2,17.6,0.0,,72.0,14.6,38.9,1026.7,,ARES
2022-03-19,15.5,11.0,21.3,0.0,,146.0,7.5,20.4,1021.4,,ARES
2022-03-20,16.7,14.1,21.7,0.0,,113.0,6.8,20.4,1017.6,,ARES
2022-03-21,14.9,11.6,20.0,0.2,,148.0,7.4,24.1,1015.9,,ARES
2022-03-22,14.4,11.5,18.0,6.6,,158.0,8.8,27.8,1015.5,,ARES
2022-03-23,13.2,11.0,17.0,0.0,,75.0,7.6,25.9,1018.1,,ARES
2022-03-24,13.6,9.1,19.0,0.0,,69.0,12.4,40.8,1019.5,,ARES
2022-03-25,12.9,9.3,16.4,0.0,,57.0,8.6,29.6,1017.6,,ARES
2022-03-26,14.9,12.9,20.2,0.0,,84.0,6.4,20.4,1017.3,,ARES
2022-03-27,15.2,11.8,21.3,1.4,,237.0,6.5,24.1,1020.0,,ARES
2022-03-28,14.4,12.3,18.4,0.0,,293.0,6.3,20.4,1018.2,,ARES
2022-03-29,12.7,11.7,14.2,0.0,,356.0,10.6,27.8,1013.8,,ARES
2022-03-30,12.9,11.5,15.3,5.4,,332.0,10.7,29.6,1011.2,,ARES
2022-03-31,11.8,8.8,14.6,5.0,,296.0,14.5,38.9,1011.1,,ARES
2022-04-01,9.4,7.3,11.9,0.0,,38.0,17.9,40.8,1022.0,,ARES
2022-04-02,9.3,5.3,13.0,0.0,,61.0,14.0,38.9,1024.5,,ARES
2022-04-03,8.8,5.6,13.4,0.0,,62.0,17.5,44.5,1022.4,,ARES
2022-04-04,8.8,7.1,12.0,0.0,,61.0,23.1,48.2,1021.4,,ARES
2022-04-05,9.9,6.7,15.0,0.0,,46.0,17.7,40.8,1018.3,,ARES
2022-04-06,11.9,8.2,16.1,0.0,,274.0,12.0,35.2,1018.0,,ARES
2022-04-07,13.9,12.3,15.5,5.6,,215.0,22.2,53.7,1017.7,,ARES
2022-04-08,14.3,11.6,17.1,8.2,,237.0,21.0,50.0,1015.5,,ARES
2022-04-09,13.2,9.0,17.1,0.0,,210.0,7.1,20.4,1018.3,,ARES
2022-04-10,15.1,11.5,21.5,0.0,,165.0,9.2,25.9,1008.8,,ARES
2022-04-11,14.6,12.9,17.3,1.4,,176.0,13.9,33.3,1000.9,,ARES
2022-04-12,14.4,12.1,19.1,6.0,,201.0,14.5,40.8,1005.0,,ARES
2022-04-13,13.7,12.0,16.9,0.0,10.0,274.0,12.1,31.5,1016.8,,ARES
2022-04-14,13.3,10.5,16.1,0.0,,323.0,6.7,20.4,1021.9,,ARES
2022-04-15,13.8,9.8,17.0,0.0,,37.0,6.7,25.9,1024.0,,ARES
2022-04-16,13.1,10.9,15.6,0.0,,274.0,7.1,22.2,1024.6,,ARES
2022-04-17,13.4,12.4,15.7,0.2,,352.0,11.8,29.6,1024.0,,ARES
2022-04-18,12.7,11.2,13.5,0.2,,12.0,18.5,37.0,1022.4,,ARES
2022-04-19,11.7,9.8,13.8,4.6,,356.0,19.1,48.2,1022.1,,ARES
2022-04-20,11.5,9.1,14.4,0.8,,4.0,18.8,44.5,1019.5,,ARES
2022-04-21,12.2,9.4,16.6,3.0,,172.0,10.7,33.3,1009.8,,ARES
2022-04-22,11.3,8.9,15.2,1.6,,202.0,10.3,25.9,997.0,,ARES
2022-04-23,12.4,10.2,15.4,0.0,,261.0,16.9,42.6,1002.0,,ARES
2022-04-24,13.6,10.8,17.7,1.2,,227.0,10.6,25.9,1012.0,,ARES
2022-04-25,15.1,9.8,20.6,0.0,,152.0,8.2,24.1,1012.2,,ARES
2022-04-26,15.3,12.6,19.0,1.6,,154.0,7.9,24.1,1011.9,,ARES
2022-04-27,13.8,11.7,18.2,6.0,,209.0,7.3,22.2,1017.0,,ARES
2022-04-28,13.8,11.6,16.6,0.0,,36.0,11.7,40.8,1024.5,,ARES
2022-04-29,14.8,9.8,19.6,0.0,,22.0,8.1,24.1,1026.6,,ARES
2022-04-30,15.8,11.8,20.6,0.0,,4.0,6.5,24.1,1024.1,,ARES
2022-05-01,13.7,12.5,16.1,0.0,,309.0,8.5,25.9,1023.2,,ARES
2022-05-02,13.4,12.3,15.6,0.0,,16.0,12.6,35.2,1019.2,,ARES
2022-05-03,13.8,12.2,16.2,0.0,,31.0,20.1,42.6,1019.9,,ARES
2022-05-04,14.1,12.1,17.9,0.0,,32.0,19.2,44.5,1022.3,,ARES
2022-05-05,14.7,12.5,17.0,0.0,,33.0,16.1,44.5,1025.1,,ARES
2022-05-06,14.9,11.7,19.5,0.0,,43.0,13.4,37.0,1026.0,,ARES
2022-05-07,17.2,11.5,22.8,0.0,,45.0,7.7,25.9,1022.7,,ARES
2022-05-08,17.9,13.2,22.6,0.0,,39.0,6.9,24.1,1020.7,,ARES
2022-05-09,16.8,13.3,22.4,0.0,,233.0,7.7,24.1,1021.2,,ARES
2022-05-10,14.8,13.0,17.9,0.0,,299.0,7.7,24.1,1022.5,,ARES
2022-05-11,15.5,13.3,20.2,0.0,,276.0,8.8,24.1,1020.3,,ARES
2022-05-12,15.7,14.3,17.4,0.0,,24.0,15.4,35.2,1020.3,,ARES
2022-05-13,17.1,13.4,20.4,0.0,,22.0,9.4,29.6,1020.8,,ARES
2022-05-14,20.4,15.1,29.3,0.0,,102.0,6.3,24.1,1014.9,,ARES
2022-05-15,18.7,16.7,20.9,0.8,,178.0,13.7,42.6,1011.2,,ARES
2022-05-16,19.0,15.1,22.5,0.0,,190.0,15.2,42.6,1015.6,,ARES
2022-05-17,17.6,15.1,19.9,1.6,,214.0,13.0,35.2,1017.6,,ARES
2022-05-18,16.4,14.5,19.8,0.4,,258.0,8.3,29.6,1018.8,,ARES
2022-05-19,16.0,13.4,18.5,0.0,,336.0,8.2,25.9,1019.9,,ARES
2022-05-20,16.9,14.4,19.7,0.0,,342.0,12.2,42.6,1021.6,,ARES
2022-05-21,19.4,15.3,22.8,3.2,,16.0,8.3,29.6,1015.9,,ARES
2022-05-22,17.3,14.8,21.3,2.4,,271.0,9.5,31.5,1014.1,,ARES
2022-05-23,15.6,13.6,18.5,0.6,,264.0,14.1,33.3,1016.1,,ARES
2022-05-24,14.7,13.0,17.9,1.4,,288.0,12.6,29.6,1018.9,,ARES
2022-05-25,15.6,12.4,18.3,0.0,,345.0,9.7,25.9,1025.6,,ARES
2022-05-26,16.7,13.0,19.0,0.0,,32.0,12.7,33.3,1026.9,,ARES
2022-05-27,18.6,13.7,23.9,0.0,,38.0,10.1,31.5,1022.1,,ARES
2022-05-28,20.6,14.5,27.5,0.0,,60.0,7.6,29.6,1013.9,,ARES
2022-05-29,18.2,15.7,21.7,0.2,,257.0,9.8,25.9,1009.3,,ARES
2022-05-30,17.1,15.2,20.2,1.2,,331.0,4.6,27.8,1010.1,,ARES
2022-05-31,17.7,15.2,19.9,14.8,,113.0,5.8,27.8,1011.9,,ARES
2022-06-01,19.2,16.2,23.1,5.4,,175.0,8.9,31.5,1012.5,,ARES
2022-06-02,17.8,15.8,20.1,0.4,,121.0,6.7,,1013.4,,ARES
2022-06-03,17.4,15.3,21.0,0.0,,4.0,6.9,,1014.0,,ARES
2022-06-04,16.7,15.0,19.2,0.0,,355.0,7.9,,1016.9,,ARES
2022-06-05,17.8,15.1,20.0,0.0,,254.0,8.4,,1021.4,,ARES
2022-06-06,17.6,15.6,19.7,1.2,,231.0,16.6,,1020.2,,ARES
2022-06-07,19.2,13.8,24.8,1.8,,207.0,12.3,,1020.5,,ARES
2022-06-08,18.3,16.5,20.8,1.8,,258.0,13.8,,1019.0,,ARES
2022-06-09,17.9,16.3,21.2,0.0,,314.0,6.9,,1023.1,,ARES
2022-06-10,17.6,16.3,19.5,0.0,,344.0,12.2,,1023.0,,ARES
2022-06-11,17.3,16.4,18.8,0.0,,23.0,19.4,,1022.6,,ARES
2022-06-12,18.1,16.2,21.3,0.0,,33.0,22.9,,1021.6,,ARES
2022-06-13,20.6,17.3,25.3,0.0,,52.0,16.0,,1017.6,,ARES
2022-06-14,20.2,17.6,24.4,0.0,,2.0,7.9,29.6,1014.3,,ARES
2022-06-15,19.8,17.0,25.6,1.2,,332.0,5.8,20.4,1015.8,,ARES
2022-06-16,21.3,17.6,26.2,0.2,,101.0,8.2,24.1,1017.6,,ARES
2022-06-17,19.6,17.2,23.9,0.0,,313.0,7.4,24.1,1017.8,,ARES
2022-06-18,19.1,16.7,24.1,3.6,,262.0,11.0,35.2,1014.7,,ARES
2022-06-19,15.5,13.4,18.2,19.0,,272.0,15.7,38.9,1012.3,,ARES
2022-06-20,14.7,12.8,17.2,6.0,,270.0,12.7,31.5,1013.9,,ARES
2022-06-21,16.2,13.9,19.5,0.2,,67.0,8.3,25.9,1013.3,,ARES
2022-06-22,17.2,14.9,20.6,0.0,,307.0,8.2,27.8,1013.0,,ARES
2022-06-23,16.9,15.6,19.8,0.0,,256.0,12.7,35.2,1014.2,,ARES
2022-06-24,17.1,14.6,20.3,7.8,,229.0,15.5,35.2,1015.4,,ARES
2022-06-25,16.0,13.5,19.4,0.0,,255.0,16.8,40.8,1015.8,,ARES
2022-06-26,15.9,13.1,19.6,0.0,,261.0,11.6,27.8,1017.4,,ARES
2022-06-27,16.1,12.3,19.1,0.0,,323.0,8.7,29.6,1023.1,,ARES
2022-06-28,17.6,12.1,22.2,1.4,,251.0,10.0,37.0,1022.0,,ARES
2022-06-29,16.6,14.9,20.1,0.2,,284.0,12.8,35.2,1020.0,,ARES
2022-06-30,16.6,14.2,19.9,0.0,,293.0,10.7,27.8,1019.9,,ARES
2022-07-01,17.7,13.0,21.5,0.0,,44.0,8.8,29.6,1019.5,,ARES
2022-07-02,18.0,15.1,20.1,0.0,,29.0,14.4,46.3,1019.6,,ARES
2022-07-03,17.9,16.7,21.2,0.0,,34.0,20.4,38.9,1021.4,,ARES
2022-07-04,18.6,16.5,21.9,0.0,,35.0,20.0,42.6,1021.8,,ARES
2022-07-05,19.1,16.3,22.7,0.0,,39.0,22.7,44.5,1022.4,,ARES
2022-07-06,19.3,16.5,23.8,0.0,,37.0,22.2,46.3,1025.5,,ARES
2022-07-07,19.2,16.5,23.3,0.0,,35.0,18.5,38.9,1027.5,,ARES
2022-07-08,21.0,16.9,25.3,0.0,,36.0,11.0,35.2,1025.3,,ARES
2022-07-09,24.2,18.1,32.5,0.0,,66.0,6.7,22.2,1020.9,,ARES
2022-07-10,20.2,14.4,25.1,0.0,,219.0,7.4,24.1,1017.4,,ARES
2022-07-11,16.8,14.6,21.3,0.0,,293.0,6.7,22.2,1016.1,,ARES
2022-07-12,23.4,15.6,30.5,0.0,,349.0,5.6,20.4,1017.0,,ARES
2022-07-13,23.6,18.5,29.3,0.0,,12.0,5.4,20.4,1018.2,,ARES
2022-07-14,26.3,19.8,32.9,1.4,,67.0,6.1,24.1,1017.3,,ARES
2022-07-15,23.8,19.3,30.2,0.0,,11.0,9.3,27.8,1014.5,,ARES
2022-07-16,18.3,16.2,21.9,0.0,,279.0,6.9,20.4,1015.9,,ARES
2022-07-17,18.9,15.7,24.6,0.0,,286.0,6.1,20.4,1015.3,,ARES
2022-07-18,20.1,16.2,24.6,0.4,,269.0,9.0,29.6,1015.5,,ARES
2022-07-19,19.9,18.0,22.7,0.0,,220.0,15.1,37.0,1017.8,,ARES
2022-07-20,18.8,17.4,21.5,0.0,,319.0,13.5,42.6,1023.0,,ARES
2022-07-21,18.5,17.2,20.3,0.0,,15.0,17.1,44.5,1020.4,,ARES
2022-07-22,17.8,16.4,19.4,0.0,,17.0,18.6,40.8,1022.2,,ARES
2022-07-23,18.9,16.1,22.1,0.0,,8.0,11.8,29.6,1020.8,,ARES
2022-07-24,19.6,16.0,23.1,0.0,,271.0,9.4,29.6,1019.0,,ARES
2022-07-25,19.9,17.3,23.3,0.0,,296.0,9.4,29.6,1022.6,,ARES
2022-07-26,18.9,16.7,22.2,0.0,,11.0,12.6,37.0,1022.3,,ARES
2022-07-27,18.7,16.5,21.8,0.0,,5.0,12.3,33.3,1019.3,,ARES
2022-07-28,19.3,17.1,23.2,0.0,,258.0,8.1,33.3,1016.8,,ARES
2022-07-29,19.7,18.4,22.5,0.0,,332.0,9.8,35.2,1019.7,,ARES
2022-07-30,19.8,17.6,22.2,0.0,,24.0,17.1,42.6,1021.4,,ARES
2022-07-31,20.6,17.5,25.8,0.0,,25.0,13.8,33.3,1019.5,,ARES
2022-08-01,21.0,17.8,25.2,0.0,,28.0,10.9,31.5,1017.9,,ARES
2022-08-02,20.1,17.1,24.6,0.0,,9.0,10.4,29.6,1015.9,,ARES
2022-08-03,18.1,16.7,20.4,0.0,,1.0,15.3,35.2,1016.5,,ARES
2022-08-04,18.6,16.8,22.0,0.0,,13.0,16.1,42.6,1017.1,,ARES
2022-08-05,19.3,17.6,22.3,0.0,,41.0,23.4,50.0,1019.6,,ARES
2022-08-06,21.6,18.6,26.3,0.0,,43.0,17.4,40.8,1018.2,,ARES
2022-08-07,22.7,18.6,29.2,0.0,,44.0,7.5,25.9,1015.9,,ARES
2022-08-08,20.1,17.2,23.9,0.0,,23.0,9.9,31.5,1016.4,,ARES
2022-08-09,22.4,18.4,29.6,0.0,,24.0,9.6,27.8,1016.1,,ARES
2022-08-10,19.5,17.2,22.2,0.0,,239.0,5.8,20.4,1014.4,,ARES
2022-08-11,19.0,15.9,23.7,0.0,,268.0,7.0,29.6,1014.3,,ARES
2022-08-12,18.6,15.0,22.8,0.0,,288.0,7.0,27.8,1016.2,,ARES
2022-08-13,17.4,14.4,22.3,0.0,,265.0,8.6,27.8,1014.6,,ARES
2022-08-14,20.3,17.4,24.0,0.0,,238.0,14.7,38.9,1014.1,,ARES
2022-08-15,20.3,17.6,23.9,1.8,,232.0,14.3,33.3,1012.1,,ARES
2022-08-16,18.0,16.9,20.5,4.4,,246.0,20.5,38.9,1011.4,,ARES
2022-08-17,18.2,16.8,21.3,0.0,,320.0,15.2,38.9,1019.0,,ARES
2022-08-18,18.2,15.2,21.4,0.0,,19.0,9.0,33.3,1023.0,,ARES
2022-08-19,18.8,15.6,23.6,0.0,,9.0,7.7,29.6,1022.0,,ARES
2022-08-20,19.5,16.6,23.0,0.0,,358.0,7.5,25.9,1020.7,,ARES
2022-08-21,19.8,17.4,24.3,0.2,,273.0,9.7,31.5,1021.5,,ARES
2022-08-22,19.7,17.6,23.2,0.0,,320.0,7.9,25.9,1020.1,,ARES
2022-08-23,20.1,18.3,22.9,0.0,,0.0,11.7,29.6,1015.5,,ARES
2022-08-24,18.9,18.3,20.1,0.0,,348.0,10.1,27.8,1015.0,,ARES
2022-08-25,19.1,17.8,21.1,0.0,,6.0,15.8,40.8,1020.5,,ARES
2022-08-26,19.7,17.6,23.4,0.0,,33.0,19.9,38.9,1018.7,,ARES
2022-08-27,20.5,18.3,24.0,0.0,,30.0,12.3,33.3,1012.3,,ARES
2022-08-28,19.1,15.2,23.7,0.0,,255.0,6.4,20.4,1010.9,,ARES
2022-08-29,18.1,14.5,21.9,0.0,,261.0,6.6,24.1,1013.7,,ARES
2022-08-30,20.0,16.7,24.1,0.0,,227.0,7.6,27.8,1018.5,,ARES
2022-08-31,19.4,17.3,22.3,0.2,,239.0,7.3,22.2,1020.0,,ARES
2022-09-01,18.9,17.1,21.6,3.6,,218.0,9.4,31.5,1017.4,,ARES
2022-09-02,19.0,16.7,22.1,0.0,,285.0,10.5,27.8,1017.8,,ARES
2022-09-03,19.6,16.1,24.4,0.0,,218.0,12.3,40.8,1015.0,,ARES
2022-09-04,19.9,18.9,22.9,27.2,,189.0,17.2,40.8,1013.4,,ARES
2022-09-05,20.7,18.3,24.6,1.8,,200.0,17.5,42.6,1015.2,,ARES
2022-09-06,20.5,18.5,24.0,0.0,,210.0,17.7,40.8,1016.5,,ARES
2022-09-07,20.2,17.9,24.3,0.4,,216.0,15.2,37.0,1015.6,,ARES
2022-09-08,18.9,16.7,22.1,0.8,,247.0,10.7,27.8,1017.0,,ARES
2022-09-09,19.1,15.0,23.5,0.0,,229.0,7.2,22.2,1020.1,,ARES
2022-09-10,20.6,16.9,25.4,0.0,,188.0,6.1,25.9,1018.1,,ARES
2022-09-11,21.2,17.2,26.2,0.0,,188.0,5.6,24.1,1012.8,,ARES
2022-09-12,22.3,19.9,25.5,9.2,,139.0,6.2,18.5,1005.8,,ARES
2022-09-13,20.6,19.0,22.7,5.8,,134.0,9.2,25.9,1001.2,,ARES
2022-09-14,21.1,18.2,24.2,1.0,,146.0,9.0,25.9,1005.5,,ARES
2022-09-15,20.0,18.1,22.8,0.0,,54.0,8.7,35.2,1014.5,,ARES
2022-09-16,19.3,17.2,23.2,0.0,,39.0,14.1,37.0,1017.8,,ARES
2022-09-17,19.6,16.1,24.4,0.0,,79.0,9.9,33.3,1015.0,,ARES
2022-09-18,19.9,16.7,25.0,0.0,,79.0,9.9,25.9,1013.8,,ARES
2022-09-19,20.8,16.0,27.0,0.0,,74.0,7.2,24.1,1015.9,,ARES
2022-09-20,20.3,16.3,26.2,0.0,,74.0,7.6,25.9,1018.5,,ARES
2022-09-21,18.8,14.9,25.1,0.0,,63.0,8.8,29.6,1018.6,,ARES
2022-09-22,17.6,13.7,21.9,0.0,,46.0,7.4,22.2,1018.9,,ARES
2022-09-23,17.6,15.8,20.6,1.8,,311.0,7.2,24.1,1019.6,,ARES
2022-09-24,16.9,15.2,19.5,0.0,,1.0,14.9,35.2,1021.3,,ARES
2022-09-25,16.1,13.9,18.1,0.2,,27.0,13.6,37.0,1020.1,,ARES
2022-09-26,16.2,13.7,19.3,1.2,,4.0,9.3,25.9,1020.9,,ARES
2022-09-27,17.4,15.5,20.8,3.6,,285.0,11.0,25.9,1021.9,,ARES
2022-09-28,16.6,14.9,18.6,4.6,,268.0,16.9,37.0,1018.9,,ARES
2022-09-29,16.3,14.7,18.8,1.0,,299.0,16.5,35.2,1013.3,,ARES
2022-09-30,16.6,12.5,19.8,0.0,,273.0,9.1,24.1,1019.2,,ARES
2022-10-01,18.2,17.0,20.5,0.0,,222.0,9.6,24.1,1024.2,,ARES
2022-10-02,17.9,15.5,21.8,0.0,,110.0,6.6,25.9,1025.7,,ARES
2022-10-03,18.6,14.7,24.3,0.0,,149.0,5.9,18.5,1021.7,,ARES
2022-10-04,16.8,13.5,20.6,0.0,,235.0,7.2,20.4,1022.3,,ARES
2022-10-05,16.9,14.4,20.3,2.0,,207.0,8.2,22.2,1023.5,,ARES
2022-10-06,18.6,16.5,22.0,0.0,,46.0,17.1,38.9,1026.5,,ARES
2022-10-07,16.7,15.3,19.0,0.0,,33.0,10.9,37.0,1022.6,,ARES
2022-10-08,18.4,16.3,21.8,0.0,,51.0,14.5,33.3,1020.0,,ARES
2022-10-09,17.8,15.1,21.6,2.6,,200.0,8.5,24.1,1014.9,,ARES
2022-10-10,17.4,15.8,19.8,0.0,,206.0,7.5,22.2,1016.3,,ARES
2022-10-11,17.3,15.0,21.2,0.0,,38.0,8.7,29.6,1021.5,,ARES
2022-10-12,16.9,14.1,20.8,0.0,,15.0,8.6,25.9,1023.8,,ARES
2022-10-13,18.3,15.3,21.5,0.4,,233.0,8.2,24.1,1025.0,,ARES
2022-10-14,19.9,18.6,21.9,0.0,,222.0,12.0,31.5,1023.0,,ARES
2022-10-15,16.6,14.5,19.2,41.0,,207.0,9.1,25.9,1014.5,,ARES
2022-10-16,18.3,14.5,21.4,3.8,,181.0,13.0,37.0,1010.6,,ARES
2022-10-17,18.6,15.5,21.7,0.2,,152.0,8.7,25.9,1016.1,,ARES
2022-10-18,20.5,16.8,24.3,11.6,,151.0,12.8,38.9,1015.2,,ARES
2022-10-19,17.4,14.2,20.5,4.4,,163.0,14.1,40.8,1010.0,,ARES
2022-10-20,17.7,15.1,21.5,0.4,,173.0,20.9,53.7,1003.4,,ARES
2022-10-21,17.7,16.4,20.6,7.0,,201.0,19.9,51.8,1006.7,,ARES
2022-10-22,16.5,14.7,19.3,17.0,,168.0,16.5,48.2,1004.8,,ARES
2022-10-23,16.6,12.3,19.7,0.6,,203.0,22.5,53.7,1003.7,,ARES
2022-10-24,17.5,15.7,21.0,1.0,,194.0,12.0,35.2,1013.6,,ARES
2022-10-25,18.4,16.8,20.8,0.8,,167.0,14.7,42.6,1008.8,,ARES
2022-10-26,19.1,17.1,22.4,18.8,,178.0,13.5,38.9,1011.7,,ARES
2022-10-27,20.5,17.3,23.3,8.0,,172.0,16.4,48.2,1011.9,,ARES
2022-10-28,18.6,15.9,21.5,16.6,,179.0,13.4,40.8,1015.0,,ARES
2022-10-29,17.9,15.1,20.0,1.0,20.0,186.0,14.8,48.2,1013.4,,ARES
2022-10-30,16.2,13.6,20.2,11.8,,176.0,10.3,27.8,1017.6,,ARES
2022-10-31,15.9,13.4,19.8,1.0,,209.0,15.4,44.5,1013.6,,ARES
2022-11-01,15.1,12.3,18.6,0.0,,198.0,11.5,33.3,1023.6,,ARES
2022-11-02,15.3,12.8,18.5,0.8,,176.0,9.1,24.1,1022.5,,ARES
2022-11-03,15.6,14.1,17.6,0.0,,249.0,16.5,40.8,1017.8,,ARES
2022-11-04,14.6,10.7,17.0,0.0,,272.0,9.4,27.8,1024.8,,ARES
2022-11-05,14.1,10.0,18.3,11.6,,173.0,9.0,29.6,1021.7,,ARES
2022-11-06,15.9,14.2,19.4,0.2,,219.0,14.6,35.2,1017.5,,ARES
2022-11-07,16.7,14.2,19.6,4.0,,190.0,18.7,53.7,1012.7,,ARES
2022-11-08,15.8,13.9,17.8,1.6,,215.0,17.5,48.2,1009.6,,ARES
2022-11-09,16.0,13.7,19.7,0.0,,209.0,9.2,25.9,1017.4,,ARES
2022-11-10,17.1,13.8,20.3,0.0,,179.0,7.2,18.5,1023.0,,ARES
2022-11-11,16.4,12.7,21.8,0.0,,141.0,7.0,18.5,1022.4,,ARES
2022-11-12,17.1,13.7,22.0,0.0,,153.0,8.5,20.4,1018.9,,ARES
2022-11-13,16.4,12.8,21.6,19.0,,176.0,13.5,33.3,1014.9,,ARES
2022-11-14,14.2,11.3,17.1,7.4,,202.0,13.8,48.2,1015.2,,ARES
2022-11-15,15.3,12.7,17.1,4.2,,226.0,20.5,50.0,1007.9,,ARES
2022-11-16,17.0,13.8,19.0,1.6,,221.0,21.9,50.0,1005.0,,ARES
2022-11-17,14.0,11.7,16.6,12.4,,240.0,17.9,42.6,1007.8,,ARES
2022-11-18,12.5,10.9,14.6,5.4,,271.0,17.7,40.8,1017.1,,ARES
2022-11-19,12.1,10.4,14.7,12.6,,244.0,12.7,38.9,1022.0,,ARES
2022-11-20,15.4,14.4,17.3,10.4,,250.0,10.6,29.6,1021.1,,ARES
2022-11-21,13.7,10.3,17.3,5.6,,264.0,27.2,61.1,1014.5,,ARES
2022-11-22,14.1,9.7,17.6,20.8,,227.0,21.5,53.7,1010.5,,ARES
2022-11-23,15.1,13.0,17.0,1.0,,238.0,22.0,59.3,1012.2,,ARES
2022-11-24,14.1,11.8,16.8,5.6,,212.0,13.5,35.2,1014.1,,ARES
2022-11-25,13.1,10.5,16.8,0.0,,204.0,9.7,27.8,1025.4,,ARES
2022-11-26,14.1,10.1,17.9,1.8,,173.0,12.4,38.9,1025.6,,ARES
2022-11-27,13.7,11.6,15.1,15.8,,217.0,15.5,38.9,1021.6,,ARES
2022-11-28,12.7,11.0,15.5,2.6,,260.0,16.5,37.0,1025.6,,ARES
2022-11-29,12.8,10.9,14.8,8.4,,178.0,8.6,20.4,1023.5,,ARES
2022-11-30,11.7,9.8,13.0,9.6,,122.0,11.0,31.5,1014.4,,ARES
2022-12-01,11.6,8.4,15.8,0.0,,87.0,11.0,29.6,1017.9,,ARES
2022-12-02,9.6,6.4,14.5,0.0,,115.0,9.0,20.4,1013.8,,ARES
2022-12-03,9.2,7.0,12.5,0.0,,90.0,12.8,35.2,1010.9,,ARES
2022-12-04,8.1,4.3,12.5,0.0,,124.0,6.6,20.4,1009.4,,ARES
2022-12-05,11.4,8.2,15.4,0.0,,136.0,7.4,18.5,1010.4,,ARES
2022-12-06,12.4,10.5,15.4,0.0,,206.0,6.2,20.4,1015.3,,ARES
2022-12-07,13.2,11.1,16.2,2.2,,109.0,7.8,22.2,1012.6,,ARES
2022-12-08,12.7,11.5,14.0,4.4,,81.0,9.3,25.9,999.8,,ARES
2022-12-09,11.2,9.8,12.6,0.0,,53.0,18.7,44.5,1002.5,,ARES
2022-12-10,9.3,6.9,11.7,0.0,,122.0,8.3,29.6,1012.4,,ARES
2022-12-11,9.3,6.9,12.3,10.6,,108.0,6.5,20.4,1006.9,,ARES
2022-12-12,14.8,9.9,18.6,7.2,,201.0,18.8,46.3,999.4,,ARES
2022-12-13,16.4,14.8,18.4,1.6,,208.0,11.6,29.6,999.5,,ARES
2022-12-14,14.8,12.8,17.6,4.4,,181.0,13.8,40.8,997.3,,ARES
2022-12-15,12.7,11.1,14.2,0.8,,151.0,7.5,20.4,998.0,,ARES
2022-12-16,11.6,9.4,12.4,0.0,,68.0,15.1,35.2,1008.9,,ARES
2022-12-17,11.9,8.6,16.3,0.0,,165.0,7.8,24.1,1015.8,,ARES
2022-12-18,15.8,13.4,17.7,1.6,,172.0,22.4,68.5,1015.2,,ARES
2022-12-19,15.6,14.7,17.1,39.8,,179.0,20.8,64.8,1012.6,,ARES
2022-12-20,14.8,13.6,16.0,1.0,,217.0,10.6,25.9,1013.9,,ARES
2022-12-21,16.3,14.9,17.9,1.0,,216.0,19.2,40.8,1019.1,,ARES
2022-12-22,17.4,16.5,18.6,0.0,,217.0,19.8,42.6,1021.6,,ARES
2022-12-23,16.1,12.3,18.3,72.8,,214.0,19.1,48.2,1018.3,,ARES
2022-12-24,13.1,11.5,14.6,21.6,,197.0,6.9,20.4,1014.9,,ARES
2022-12-25,13.4,11.2,16.6,4.4,,200.0,9.7,25.9,1012.7,,ARES
2022-12-26,11.9,9.2,15.0,0.0,,218.0,6.2,18.5,1026.1,,ARES
2022-12-27,10.4,6.7,14.6,0.0,,186.0,7.4,20.4,1029.9,,ARES
2022-12-28,13.4,9.5,15.8,9.0,,203.0,17.9,40.8,1020.6,,ARES
2022-12-29,12.9,11.8,15.5,3.4,,218.0,12.8,35.2,1017.3,,ARES
2022-12-30,17.3,15.5,19.1,0.0,,211.0,25.8,57.4,1012.3,,ARES
2022-12-31,16.2,13.2,19.5,13.6,,193.0,25.1,66.7,1012.1,,ARES
